Date,Q-P1,Q-P2,Q-P3,Q-P4,S-P1,S-P2,S-P3,S-P4,Total_Sales,Year,Month,DayOfWeek,DayOfMonth,WeekOfYear,Quarter,IsWeekend,Total_Quantity,Ratio_S_P1,Ratio_S_P2,Ratio_S_P3,Ratio_S_P4,AvgPrice_P1,AvgPrice_P2,AvgPrice_P3,AvgPrice_P4
2010-06-13,5422,3725,576,907,17187.74,23616.5,3121.92,6466.91,50393.07000000001,2010,6,6,13,23,2,1,10630,0.34107348490576184,0.46864578800219947,0.06195137545698247,0.12832935163505615,3.1700000000000004,6.34,5.42,7.13
2010-06-14,7047,779,3578,1574,22338.99,4938.86,19392.76,11222.62,57893.23,2010,6,0,14,24,2,0,12978,0.38586532484022745,0.08530980219966997,0.3349745730200232,0.19385029994007935,3.1700000000000004,6.34,5.42,7.130000000000001
2010-06-15,1572,2082,595,1145,4983.24,13199.88,3224.9,8163.85,29571.870000000003,2010,6,1,15,24,2,0,5394,0.16851284683721385,0.44636609047720005,0.10905296147994699,0.276068101205639,3.17,6.34,5.42,7.13
2010-06-16,5657,2399,3140,1672,17932.69,15209.66,17018.8,11921.36,62082.51,2010,6,2,16,24,2,0,12868,0.2888525286751453,0.24499106108950813,0.27413195761576004,0.19202445261958642,3.17,6.34,5.42,7.130000000000001
2010-06-17,3668,3207,2184,708,11627.56,20332.38,11837.28,5048.04,48845.26,2010,6,3,17,24,2,0,9767,0.23804889154034597,0.4162610660686421,0.24234245042405345,0.1033475919669585,3.17,6.340000000000001,5.42,7.13
2010-06-18,2898,2539,311,1513,9186.66,16097.26,1685.62,10787.69,37757.23,2010,6,4,18,24,2,0,7261,0.24330863254534293,0.42633583025025934,0.0446436351395481,0.28571190206484953,3.17,6.34,5.42,7.13
2010-06-19,6912,1470,1576,1608,21911.04,9319.8,8541.92,11465.04,51237.8,2010,6,5,19,24,2,1,11566,0.42763428562506584,0.18189305551760612,0.16671129517660788,0.2237613636807201,3.17,6.34,5.42,7.130000000000001
2010-06-20,5209,2550,3415,842,16512.53,16167.0,18509.3,6003.46,57192.29,2010,6,6,20,24,2,1,12016,0.2887195109690484,0.28267796236170994,0.32363278336992624,0.10496974329931534,3.17,6.34,5.42,7.13
2010-06-21,6322,852,3646,1377,20040.74,5401.68,19761.32,9818.01,55021.75000000001,2010,6,0,21,25,2,0,12197,0.36423305329256156,0.09817354046354396,0.3591546979149154,0.17843870832897898,3.1700000000000004,6.340000000000001,5.42,7.13
2010-06-22,6865,414,3902,562,21762.05,2624.76,21148.84,4007.06,49542.70999999999,2010,6,1,22,25,2,0,11743,0.43925836919296507,0.0529797421255317,0.4268809679567388,0.08088092072476456,3.17,6.340000000000001,5.42,7.13
2010-06-23,1287,3955,2710,1804,4079.79,25074.7,14688.2,12862.52,56705.21000000001,2010,6,2,23,25,2,0,9756,0.07194735721814625,0.4421939359716682,0.25902734510638437,0.2268313617038011,3.17,6.34,5.42,7.13
2010-06-24,2197,1429,2754,1299,6964.49,9059.86,14926.68,9261.87,40212.9,2010,6,3,24,25,2,0,7679,0.17319044386254162,0.22529735482892307,0.37119133412412436,0.23032086718441097,3.17,6.340000000000001,5.42,7.130000000000001
2010-06-25,7910,1622,5574,306,25074.7,10283.48,30211.08,2181.78,67751.04000000001,2010,6,4,25,25,2,0,15412,0.3701005918137935,0.1517833526983497,0.44591315498625556,0.032202900501601156,3.17,6.34,5.42,7.130000000000001
2010-06-26,3855,1015,1746,608,12220.35,6435.1,9463.32,4335.04,32453.81,2010,6,5,26,25,2,1,7224,0.37654592788951435,0.1982848855034278,0.2915934985753599,0.13357568803169798,3.17,6.340000000000001,5.42,7.13
2010-06-27,5988,3288,916,1530,18981.96,20845.92,4964.72,10908.9,55701.5,2010,6,6,27,25,2,1,11722,0.34078005080653123,0.37424342252901627,0.08913081335332083,0.19584571331113165,3.17,6.34,5.42,7.13
2010-06-28,2653,1544,3867,652,8410.01,9788.96,20959.14,4648.76,43806.87,2010,6,0,28,26,2,0,8716,0.19197924891689364,0.2234571883359847,0.47844413444740513,0.10611942829971646,3.17,6.34,5.42,7.13
2010-06-29,3664,2294,3244,897,11614.88,14543.96,17582.48,6395.61,50136.92999999999,2010,6,1,29,26,2,0,10099,0.2316631672501687,0.2900847738383663,0.3506892025498969,0.12756285636156822,3.17,6.34,5.42,7.13
2010-06-30,7077,2297,5376,1130,22434.09,14562.98,29137.92,8056.9,74191.88999999998,2010,6,2,30,26,2,0,15880,0.3023792762254743,0.19628803094246558,0.3927372654881821,0.10859542734387817,3.17,6.34,5.42,7.13
2010-07-01,3509,700,1175,1205,11123.53,4438.0,6368.5,8591.65,30521.68,2010,7,3,1,26,3,0,6589,0.3644468456520087,0.1454048401005449,0.20865496263639485,0.28149335161105155,3.1700000000000004,6.34,5.42,7.13
2010-07-02,3716,3175,651,1263,11779.72,20129.5,3528.42,9005.19,44442.83,2010,7,4,2,26,3,0,8805,0.2650533280621418,0.4529302026896127,0.07939233392652988,0.20262413532171555,3.17,6.34,5.42,7.130000000000001
2010-07-03,7746,2883,671,728,24554.82,18278.22,3636.82,5190.64,51660.5,2010,7,5,3,26,3,1,12028,0.4753113113500644,0.35381422944028806,0.07039846691379294,0.10047599229585467,3.17,6.340000000000001,5.42,7.130000000000001
2010-07-04,7006,2833,758,1005,22209.02,17961.22,4108.36,7165.65,51444.25000000001,2010,7,6,4,26,3,1,11602,0.4317104438299712,0.34913950538689936,0.07986043143791578,0.13928961934521347,3.17,6.340000000000001,5.42,7.13
2010-07-05,5223,1923,1583,1877,16556.91,12191.82,8579.86,13383.01,50711.6,2010,7,0,5,27,3,0,10606,0.3264915719480356,0.24041481633393544,0.1691892979121148,0.2639043138059142,3.17,6.34,5.42,7.13
2010-07-06,4753,3125,2787,583,15067.01,19812.5,15105.54,4156.79,54141.84,2010,7,1,6,27,3,0,11248,0.2782877345875205,0.3659369537496325,0.2789993838406674,0.07677592782217967,3.17,6.34,5.42,7.13
2010-07-07,3369,752,5913,358,10679.73,4767.68,32048.46,2552.54,50048.41,2010,7,2,7,27,3,0,10392,0.21338799774058753,0.09526136794355705,0.6403492138911105,0.05100142042474476,3.17,6.340000000000001,5.42,7.13
2010-07-08,6805,758,4499,1740,21571.85,4805.72,24384.58,12406.2,63168.350000000006,2010,7,3,8,27,3,0,13802,0.3414977595583864,0.07607797259228712,0.3860252800650959,0.19639898778423054,3.17,6.340000000000001,5.420000000000001,7.130000000000001
2010-07-09,7826,2872,3592,328,24808.42,18208.48,19468.64,2338.64,64824.17999999999,2010,7,4,9,27,3,0,14618,0.38270318267041714,0.2808902480525014,0.30032990775972795,0.03607666151735356,3.17,6.34,5.42,7.13
2010-07-10,7450,273,4511,505,23616.5,1730.82,24449.62,3600.65,53397.59,2010,7,5,10,27,3,1,12739,0.442276514726601,0.03241382242157371,0.45787871699827654,0.06743094585354882,3.17,6.34,5.42,7.13
2010-07-11,5868,1690,1461,391,18601.56,10714.6,7918.62,2787.83,40022.61000000001,2010,7,6,11,27,3,1,9410,0.4647762852047879,0.2677136748452937,0.19785366321686662,0.06965637673305163,3.1700000000000004,6.34,5.42,7.13
2010-07-12,5273,1888,5949,1677,16715.41,11969.92,32243.58,11957.01,72885.92,2010,7,0,12,28,3,0,14787,0.22933661261324548,0.16422815270768346,0.44238420808847584,0.16405102659059528,3.17,6.34,5.42,7.13
2010-07-13,1562,1851,3289,1740,4951.54,11735.34,17826.38,12406.2,46919.46000000001,2010,7,1,13,28,3,0,8442,0.1055327576233827,0.25011668932251135,0.37993574521104884,0.264414807843057,3.17,6.34,5.42,7.130000000000001
2010-07-14,378,581,2531,446,1198.26,3683.54,13718.02,3179.98,21779.8,2010,7,2,14,28,3,0,3936,0.055017034132544836,0.16912643825930448,0.6298505955059276,0.14600593210222318,3.17,6.34,5.42,7.13
2010-07-15,3180,438,1327,532,10080.6,2776.92,7192.34,3793.16,23843.02,2010,7,3,15,28,3,0,5477,0.42279040155148134,0.11646678986135146,0.30165390122559976,0.15908890736156744,3.17,6.34,5.42,7.13
2010-07-16,2508,1197,1556,1946,7950.36,7588.98,8433.52,13874.98,37847.84,2010,7,4,16,28,3,0,7207,0.2100611289838469,0.2005128958482175,0.22282698299295287,0.3665989921749828,3.17,6.34,5.42,7.13
2010-07-17,7257,302,4973,1686,23004.69,1914.68,26953.66,12021.18,63894.21,2010,7,5,17,28,3,1,14218,0.36004342177483684,0.029966408536861167,0.42184823945706507,0.18814193023123693,3.17,6.34,5.42,7.13
2010-07-18,2527,1347,1626,1724,8010.59,8539.98,8812.92,12292.12,37655.61,2010,7,6,18,28,3,1,7224,0.21273297657374293,0.2267917051403496,0.23404002750187822,0.3264352907840293,3.17,6.34,5.42,7.130000000000001
2010-07-19,2581,2489,2607,1692,8181.77,15780.26,14129.94,12063.96,50155.93,2010,7,0,19,29,3,0,9369,0.1631266731570923,0.3146240135513388,0.2817202272991449,0.240529085992424,3.1700000000000004,6.34,5.42,7.13
2010-07-20,7694,2975,1278,558,24389.98,18861.5,6926.76,3978.54,54156.78,2010,7,1,20,29,3,0,12505,0.4503587547117831,0.3482758760768273,0.127901991218828,0.0734633779925616,3.17,6.34,5.42,7.13
2010-07-21,3935,2972,5299,1253,12473.95,18842.48,28720.58,8933.89,68970.9,2010,7,2,21,29,3,0,13459,0.18085815902068847,0.2731946371585698,0.416415908738323,0.1295312950824188,3.1700000000000004,6.34,5.42,7.13
2010-07-22,2898,532,4664,1667,9186.66,3372.88,25278.88,11885.71,49724.13,2010,7,3,22,29,3,0,9761,0.1847525537400051,0.06783185547942217,0.5083825498807119,0.23903304089986088,3.17,6.34,5.42,7.13
2010-07-23,7734,1994,2772,271,24516.78,12641.96,15024.24,1932.23,54115.21,2010,7,4,23,29,3,0,12771,0.453047858448669,0.23361195493836204,0.2776343286850407,0.035705857927928214,3.17,6.34,5.42,7.13
2010-07-24,3052,3935,4623,1653,9674.84,24947.9,25056.66,11785.89,71465.29000000001,2010,7,5,24,29,3,1,13263,0.13537816749921533,0.3490911462053816,0.3506130038792258,0.1649176824161771,3.17,6.340000000000001,5.42,7.13
2010-07-25,3041,811,1973,526,9639.97,5141.74,10693.66,3750.38,29225.75,2010,7,6,25,29,3,1,6351,0.32984508524161055,0.1759318409279488,0.36589856547736155,0.12832450835307904,3.17,6.34,5.42,7.13
2010-07-26,1387,2539,1890,1073,4396.79,16097.26,10243.8,7650.49,38388.34,2010,7,0,26,30,3,0,6889,0.1145345175123488,0.4193268060041148,0.2668466518739805,0.19929202460955595,3.17,6.34,5.42,7.13
2010-07-27,4536,2131,4185,470,14379.12,13510.54,22682.7,3351.1,53923.46,2010,7,1,27,30,3,0,11322,0.26665796297196065,0.25055031706051506,0.4206462270781586,0.06214549288936578,3.1700000000000004,6.340000000000001,5.42,7.13
2010-07-28,7659,734,3981,1121,24279.03,4653.56,21577.02,7992.73,58502.34,2010,7,2,28,30,3,0,13495,0.4150095534640153,0.07954485239393844,0.36882319579011713,0.13662239835192916,3.17,6.340000000000001,5.42,7.13
2010-07-29,3144,3855,1856,1873,9966.48,24440.7,10059.52,13354.49,57821.19,2010,7,3,29,30,3,0,10728,0.17236725843933684,0.4226945173560074,0.17397635711060253,0.23096186709405322,3.17,6.34,5.42,7.13
2010-07-30,6361,1773,3443,287,20164.37,11240.82,18661.06,2046.31,52112.56,2010,7,4,30,30,3,0,11864,0.38693877253391507,0.21570270199736877,0.35809140829005526,0.03926711717866096,3.17,6.34,5.420000000000001,7.13
2010-07-31,2733,3985,1341,1428,8663.61,25264.9,7268.22,10181.64,51378.37,2010,7,5,31,30,3,1,9487,0.1686236834683545,0.4917419528879565,0.1414645890868083,0.19816977455688062,3.1700000000000004,6.340000000000001,5.42,7.13
2010-08-01,2062,3659,2194,803,6536.54,23198.06,11891.48,5725.39,47351.47,2010,8,6,1,30,3,1,8718,0.13804302168443766,0.4899121400032565,0.2511322246173139,0.12091261369499194,3.17,6.340000000000001,5.42,7.130000000000001
2010-08-02,1964,908,1608,1231,6225.88,5756.72,8715.36,8777.03,29474.99,2010,8,0,2,31,3,0,5711,0.21122585622590542,0.19530863284431987,0.2956866143126766,0.2977788966170981,3.17,6.34,5.42,7.130000000000001
2010-08-03,3461,3800,3193,1443,10971.37,24092.0,17306.06,10288.59,62658.02,2010,8,1,3,31,3,0,11897,0.17509921315738994,0.38449986131065106,0.27619864145084705,0.16420228408111207,3.1700000000000004,6.34,5.420000000000001,7.13
2010-08-04,2118,3793,4333,1383,6714.06,24047.62,23484.86,9860.79,64107.33,2010,8,2,4,31,3,0,11627,0.10473154941876382,0.3751149829512475,0.36633657960797933,0.15381688802200935,3.1700000000000004,6.34,5.42,7.130000000000001
2010-08-05,6458,3136,566,1135,20471.86,19882.24,3067.72,8092.55,51514.37000000001,2010,8,3,5,31,3,0,11295,0.3974009582180661,0.38595521987360026,0.05955076224362249,0.15709305966471102,3.17,6.340000000000001,5.42,7.13
2010-08-06,957,256,1505,1442,3033.69,1623.04,8157.1,10281.46,23095.29,2010,8,4,6,31,3,0,4160,0.1313553542735337,0.07027580082345794,0.3531932268440881,0.4451756180589202,3.17,6.34,5.42,7.129999999999999
2010-08-07,3595,3855,4211,1767,11396.15,24440.7,22823.62,12598.71,71259.18,2010,8,5,7,31,3,1,13428,0.15992535979224012,0.342983177746362,0.3202902419028678,0.17680122055853015,3.17,6.34,5.42,7.13
2010-08-08,1980,1641,3747,1398,6276.6,10403.94,20308.74,9967.74,46957.02,2010,8,6,8,31,3,1,8766,0.13366691497884664,0.22156303785887607,0.4324963551775646,0.21227369198471283,3.1700000000000004,6.340000000000001,5.420000000000001,7.13
2010-08-09,3589,3037,4366,724,11377.13,19254.58,23663.72,5162.12,59457.55,2010,8,0,9,32,3,0,11716,0.19134878581441717,0.3238374268700947,0.3979935264739297,0.08682026084155839,3.17,6.340000000000001,5.42,7.13
2010-08-10,2661,1125,2235,281,8435.37,7132.5,12113.7,2003.53,29685.1,2010,8,1,10,32,3,0,6302,0.2841617511815692,0.24027205567776427,0.4080734105662437,0.06749278257442286,3.1700000000000004,6.34,5.42,7.13
2010-08-11,5148,2530,5069,748,16319.16,16040.2,27473.98,5333.24,65166.58,2010,8,2,11,32,3,0,13495,0.2504222256254663,0.2461415038199028,0.42159616171356545,0.08184010884106546,3.17,6.34,5.42,7.13
2010-08-12,3272,2734,4940,1137,10372.24,17333.56,26774.8,8106.81,62587.41,2010,8,3,12,32,3,0,12083,0.1657240649517211,0.27694962932640926,0.42779849813245185,0.12952780758941773,3.17,6.340000000000001,5.42,7.130000000000001
2010-08-13,5704,808,891,994,18081.68,5122.72,4829.22,7087.22,35120.840000000004,2010,8,4,13,32,3,0,8397,0.5148419001367849,0.14585983706540048,0.13750297544136186,0.20179528735645275,3.17,6.340000000000001,5.42,7.13
2010-08-14,3914,2652,920,744,12407.38,16813.68,4986.4,5304.72,39512.18,2010,8,5,14,32,3,1,8230,0.31401405844982483,0.42553157026516886,0.12619906064408493,0.13425531064092136,3.17,6.34,5.42,7.130000000000001
2010-08-15,3094,2510,303,504,9807.98,15913.4,1642.26,3593.52,30957.16,2010,8,6,15,32,3,1,6411,0.3168242823308081,0.5140458620881243,0.0530494399357047,0.11608041564536281,3.17,6.34,5.42,7.13
2010-08-16,4180,3720,1356,781,13250.6,23584.8,7349.52,5568.53,49753.45,2010,8,0,16,33,3,0,10037,0.26632524980679734,0.47403345898626126,0.1477188014097515,0.11192248979718994,3.17,6.34,5.42,7.13
2010-08-17,7024,3160,2743,1168,22266.08,20034.4,14867.06,8327.84,65495.380000000005,2010,8,1,17,33,3,0,14095,0.33996413182120633,0.305890278062361,0.22699402614352338,0.12715156397290922,3.1700000000000004,6.340000000000001,5.42,7.13
2010-08-18,5187,490,5874,1456,16442.79,3106.6,31837.08,10381.28,61767.75,2010,8,2,18,33,3,0,13007,0.2662034799713443,0.05029485451550364,0.515432082275945,0.16806958323720714,3.1700000000000004,6.34,5.42,7.130000000000001
2010-08-19,570,628,4053,1402,1806.9,3981.52,21967.26,9996.26,37751.94,2010,8,3,19,33,3,0,6653,0.04786244097654319,0.10546530853778639,0.5818842687289713,0.2647879817566991,3.1700000000000004,6.34,5.42,7.13
2010-08-20,2497,3055,5978,1606,7915.49,19368.7,32400.76,11450.78,71135.73,2010,8,4,20,33,3,0,13136,0.11127305504561491,0.2722780802277562,0.4554779995931721,0.16097086513345688,3.17,6.34,5.42,7.130000000000001
2010-08-21,419,1278,5544,489,1328.23,8102.52,30048.48,3486.57,42965.8,2010,8,5,21,33,3,1,7730,0.030913656908517936,0.18858068510303544,0.6993580941120612,0.0811475638763854,3.17,6.340000000000001,5.42,7.13
2010-08-22,2592,438,3777,1568,8216.64,2776.92,20471.34,11179.84,42644.740000000005,2010,8,6,22,33,3,1,8375,0.19267651766665708,0.06511752680400912,0.4800437287224637,0.26216222680686996,3.17,6.34,5.42,7.13
2010-08-23,7712,1739,3940,1041,24447.04,11025.26,21354.8,7422.33,64249.43000000001,2010,8,0,23,34,3,0,14432,0.3805020527030356,0.17160089980564808,0.3323733766976609,0.11552367079365528,3.17,6.34,5.42,7.13
2010-08-24,1076,539,2568,668,3410.92,3417.26,13918.56,4762.84,25509.58,2010,8,1,24,34,3,0,4851,0.13371133511410221,0.13395986919423997,0.5456209000696992,0.1867078956219585,3.17,6.340000000000001,5.42,7.13
2010-08-25,2668,1272,4365,1846,8457.56,8064.48,23658.3,13161.98,53342.31999999999,2010,8,2,25,34,3,0,10151,0.1585525338980382,0.15118352557594048,0.4435183921509226,0.24674554837509882,3.17,6.34,5.42,7.13
2010-08-26,1350,2211,1900,602,4279.5,14017.74,10298.0,4292.26,32887.5,2010,8,3,26,34,3,0,6063,0.1301254275940707,0.4262330672748004,0.31312808817939947,0.13051341695172938,3.17,6.34,5.42,7.130000000000001
2010-08-27,7841,469,4670,938,24855.97,2973.46,25311.4,6687.94,59828.77,2010,8,4,27,34,3,0,13918,0.4154517968529188,0.04969950075858154,0.42306402087156403,0.11178468151693574,3.17,6.34,5.42,7.13
2010-08-28,586,3052,4481,1919,1857.62,19349.68,24287.02,13682.47,59176.79,2010,8,5,28,34,3,1,10038,0.03139102340630507,0.32698089909912315,0.4104146237063551,0.23121345378821662,3.17,6.34,5.42,7.13
2010-08-29,2003,741,4222,1563,6349.51,4697.94,22883.24,11144.19,45074.880000000005,2010,8,6,29,34,3,1,8529,0.14086582149525412,0.10422523587417203,0.5076716787709695,0.24723726385960426,3.17,6.34,5.420000000000001,7.13
2010-08-31,2564,2772,5371,1819,8127.88,17574.48,29110.82,12969.47,67782.65,2010,8,1,31,35,3,0,12526,0.11991092115755286,0.25927696836874925,0.42947302886505623,0.19133908160864174,3.17,6.34,5.42,7.13
2010-09-01,3532,2223,5959,519,11196.44,14093.82,32297.78,3700.47,61288.51,2010,9,2,1,35,3,0,12233,0.18268416053841088,0.22995860072303925,0.5269793636686549,0.060377875069894824,3.17,6.34,5.42,7.13
2010-09-02,519,2119,1349,614,1645.23,13434.46,7311.58,4377.82,26769.09,2010,9,3,2,35,3,0,4601,0.0614600645744775,0.5018646506100879,0.27313517194645015,0.16354011286898432,3.17,6.34,5.42,7.13
2010-09-03,2957,1896,2583,1034,9373.69,12020.64,13999.86,7372.42,42766.61,2010,9,4,3,35,3,0,8470,0.21918244162911207,0.2810753529447389,0.32735491543519585,0.17238728999095324,3.1700000000000004,6.34,5.42,7.13
2010-09-04,5478,3084,5614,717,17365.26,19552.56,30427.88,5112.21,72457.91,2010,9,5,4,35,3,1,14893,0.23965996259069572,0.269847142982733,0.4199386926837939,0.07055420174277728,3.17,6.340000000000001,5.42,7.13
2010-09-05,5010,2834,359,1417,15881.7,17967.56,1945.78,10103.21,45898.25,2010,9,6,5,35,3,1,9620,0.34601972842101825,0.39146503406992644,0.042393337436612506,0.22012190007244284,3.17,6.340000000000001,5.42,7.129999999999999
2010-09-06,3027,2584,4244,1390,9595.59,16382.56,23002.48,9910.7,58891.33,2010,9,0,6,36,3,0,11245,0.16293722692287643,0.27818288362650323,0.39059195980121353,0.1682879296494068,3.17,6.34,5.42,7.130000000000001
2010-09-07,867,2795,5645,1641,2748.39,17720.3,30595.9,11700.33,62764.92,2010,9,1,7,36,3,0,10948,0.04378863224871473,0.2823280902771803,0.48746815896523094,0.18641511850887407,3.17,6.34,5.42,7.13
2010-09-08,4198,2352,2762,366,13307.66,14911.68,14970.04,2609.58,45798.96000000001,2010,9,2,8,36,3,0,9678,0.2905668600335029,0.32558992605945636,0.3268641908025859,0.05697902310445476,3.17,6.34,5.42,7.13
2010-09-09,2107,3004,5320,1756,6679.19,19045.36,28834.4,12520.28,67079.23,2010,9,3,9,36,3,0,12187,0.09957165578674651,0.2839233545167409,0.42985585851238906,0.18664913118412363,3.17,6.34,5.42,7.130000000000001
2010-09-10,3807,575,3085,1498,12068.19,3645.5,16720.7,10680.74,43115.13,2010,9,4,10,36,3,0,8965,0.2799061489551348,0.0845526848695574,0.3878151358931308,0.24772603028217705,3.17,6.34,5.42,7.13
2010-09-11,1949,1978,4159,950,6178.33,12540.52,22541.78,6773.5,48034.13,2010,9,5,11,36,3,1,9036,0.12862375148670332,0.26107519798942963,0.46928673424500456,0.14101431627886254,3.17,6.34,5.42,7.13
2010-09-12,2923,2974,784,976,9265.91,18855.16,4249.28,6958.88,39329.23,2010,9,6,12,36,3,1,7657,0.2355985611719324,0.47941848848807866,0.10804381372327908,0.17693913661670974,3.17,6.34,5.42,7.13
2010-09-13,2111,1739,1049,1535,6691.87,11025.26,5685.58,10944.55,34347.259999999995,2010,9,0,13,37,3,0,6434,0.1948298059292066,0.3209938725825583,0.16553227244327498,0.31864404904496024,3.17,6.34,5.42,7.13
2010-09-14,3179,3646,4008,1088,10077.43,23115.64,21723.36,7757.44,62673.87,2010,9,1,14,37,3,0,11921,0.16079157071360042,0.36882420057992266,0.3466095200439992,0.12377470866247767,3.17,6.34,5.42,7.13
2010-09-15,6653,255,554,486,21090.01,1616.7,3002.68,3465.18,29174.57,2010,9,2,15,37,3,0,7948,0.7228901745595564,0.05541469848570176,0.10292113988312424,0.1187739870716175,3.17,6.34,5.42,7.13
2010-09-16,4008,2164,1959,1189,12705.36,13719.76,10617.78,8477.57,45520.47,2010,9,3,16,37,3,0,9320,0.27911311109046105,0.3013975910178432,0.23325286404116655,0.1862364338505292,3.17,6.34,5.42,7.13
2010-09-17,6950,2226,5834,1493,22031.5,14112.84,31620.28,10645.09,78409.70999999999,2010,9,4,17,37,3,0,16503,0.28097923076108816,0.17998842235228266,0.4032699521526097,0.13576239473401958,3.17,6.34,5.42,7.13
2010-09-18,1284,1287,3272,1777,4070.28,8159.58,17734.24,12670.01,42634.11,2010,9,5,18,37,3,1,7620,0.09547003561233013,0.1913861928864001,0.4159636497630653,0.29718012173820446,3.1700000000000004,6.34,5.420000000000001,7.13
2010-09-19,949,550,4564,1850,3008.33,3487.0,24736.88,13190.5,44422.71,2010,9,6,19,37,3,1,7913,0.06772054203807017,0.07849588645087163,0.5568521146053449,0.2969314569057133,3.17,6.34,5.42,7.13
2010-09-20,5573,2502,4367,384,17666.41,15862.68,23669.14,2737.92,59936.15,2010,9,0,20,38,3,0,12826,0.29475383387154497,0.26465964196899533,0.3949059123750858,0.045680611784373874,3.17,6.34,5.42,7.13
2010-09-21,7043,713,532,1209,22326.31,4520.42,2883.44,8620.17,38350.34,2010,9,1,21,38,3,0,9497,0.5821671985176664,0.11787170596140739,0.0751868171181794,0.2247742784027469,3.1700000000000004,6.34,5.42,7.13
2010-09-22,4505,3078,2148,800,14280.85,19514.52,11642.16,5704.0,51141.53,2010,9,2,22,38,3,0,10531,0.279241743451946,0.3815787286770654,0.22764590734770743,0.11153362052328118,3.17,6.34,5.42,7.13
2010-09-23,2073,3807,5311,490,6571.41,24136.38,28785.62,3493.7,62987.11,2010,9,3,23,38,3,0,11681,0.10432944137300473,0.3831955458823242,0.4570081084844185,0.05546690426025261,3.17,6.34,5.42,7.13
2010-09-24,4845,1556,1016,1511,15358.65,9865.04,5506.72,10773.43,41503.84,2010,9,4,24,38,3,0,8928,0.37005371069279375,0.237689813761811,0.13267977131754558,0.2595767042278498,3.17,6.340000000000001,5.42,7.13
2010-09-25,4094,2181,3800,1805,12977.98,13827.54,20596.0,12869.65,60271.170000000006,2010,9,5,25,38,3,1,11880,0.21532649855644082,0.22942212669838663,0.34172225294448405,0.21352912180068842,3.17,6.340000000000001,5.42,7.13
2010-09-26,3953,1298,3332,1634,12531.01,8229.32,18059.44,11650.42,50470.19,2010,9,6,26,38,3,1,10217,0.248285373999979,0.16305308143282202,0.35782389565008565,0.23083764891711325,3.17,6.34,5.42,7.13
2010-09-27,2596,1820,760,1253,8229.32,11538.8,4119.2,8933.89,32821.21,2010,9,0,27,39,3,0,6429,0.2507317676587792,0.351565344483034,0.12550420901606005,0.2721986788421268,3.17,6.34,5.42,7.13
2010-09-28,1068,2055,715,1087,3385.56,13028.7,3875.3,7750.31,28039.870000000003,2010,9,1,28,39,3,0,4925,0.12074093068191827,0.46464908717479786,0.1382067748530931,0.2764032072901907,3.17,6.340000000000001,5.42,7.130000000000001
2010-09-29,5110,3370,1228,1871,16198.7,21365.8,6655.76,13340.23,57560.490000000005,2010,9,2,29,39,3,0,11579,0.28142046740741783,0.3711886399855178,0.1156307043251369,0.23176018828192738,3.17,6.34,5.42,7.13
2010-09-30,7642,3158,414,656,24225.14,20021.72,2243.88,4677.28,51168.02,2010,9,3,30,39,3,0,11870,0.473442982550429,0.39129362441618815,0.043853172352574916,0.09141022068080805,3.17,6.340000000000001,5.42,7.13
2010-10-01,4430,1942,3211,1751,14043.1,12312.28,17403.62,12484.63,56243.63,2010,10,4,1,39,4,0,11334,0.24968338636748733,0.21890976809284893,0.30943273042653896,0.22197411511312481,3.17,6.340000000000001,5.42,7.13
2010-10-02,758,1656,2788,1632,2402.86,10499.04,15110.96,11636.16,39649.02,2010,10,5,2,39,4,1,6834,0.06060326333412529,0.2647994830641464,0.3811181209522959,0.2934791326494325,3.1700000000000004,6.340000000000001,5.42,7.13
2010-10-03,7257,3804,2304,1282,23004.69,24117.36,12487.68,9140.66,68750.39,2010,10,6,3,39,4,1,14647,0.33461177456593333,0.3507959736664767,0.18163795143562095,0.13295430033196903,3.17,6.34,5.42,7.13
2010-10-04,4152,2432,3931,542,13161.84,15418.88,21306.02,3864.46,53751.2,2010,10,0,4,40,4,0,11057,0.2448659750852074,0.28685647948324877,0.39638222030391884,0.07189532512762506,3.17,6.34,5.42,7.13
2010-10-05,2994,910,283,1897,9490.98,5769.4,1533.86,13525.61,30319.85,2010,10,1,5,40,4,0,6084,0.3130285934791894,0.1902845825424598,0.05058930040880809,0.44609752356954274,3.17,6.34,5.42,7.13
2010-10-06,3527,2557,3183,441,11180.59,16211.38,17251.86,3144.33,47788.16,2010,10,2,6,40,4,0,9708,0.23396150845732497,0.33923423709973344,0.36100699420107407,0.06579726024186744,3.17,6.34,5.42,7.13
2010-10-07,387,3515,3485,545,1226.79,22285.1,18888.7,3885.85,46286.44,2010,10,3,7,40,4,0,7932,0.02650430666087087,0.4814606610488946,0.4080827991956175,0.0839522330946169,3.17,6.34,5.42,7.13
2010-10-08,5205,3146,2376,1708,16499.85,19945.64,12877.92,12178.04,61501.45,2010,10,4,8,40,4,0,12435,0.2682839185092384,0.3243117032200054,0.20939213628296569,0.19801224198779055,3.17,6.34,5.42,7.130000000000001
2010-10-09,854,1533,3331,1363,2707.18,9719.22,18054.02,9718.19,40198.61,2010,10,5,9,40,4,1,7081,0.06734511466938782,0.24178000184583495,0.4491205044154512,0.24175437906932604,3.17,6.34,5.42,7.130000000000001
2010-10-10,7329,406,257,1314,23232.93,2574.04,1392.94,9368.82,36568.73,2010,10,6,10,40,4,1,9306,0.6353223095251052,0.07038910019571365,0.03809101382519983,0.2561975764539813,3.17,6.34,5.42,7.13
2010-10-11,6253,2602,3013,1255,19822.01,16496.68,16330.46,8948.15,61597.3,2010,10,0,11,41,4,0,13123,0.32179998149269523,0.2678149853970872,0.26511649049552494,0.14526854261469252,3.17,6.34,5.42,7.13
2010-10-12,5431,1654,764,1048,17216.27,10486.36,4140.88,7472.24,39315.75,2010,10,1,12,41,4,0,8897,0.43789753470301346,0.2667216064808633,0.10532369343074977,0.19005716538537354,3.17,6.340000000000001,5.42,7.13
2010-10-13,5041,2762,3532,438,15979.97,17511.08,19143.44,3122.94,55757.43000000001,2010,10,2,13,41,4,0,11773,0.28659803724812993,0.31405823403266614,0.343334332303336,0.056009396415867795,3.17,6.340000000000001,5.42,7.13
2010-10-14,7259,2642,3644,1464,23011.03,16750.28,19750.48,10438.32,69950.10999999999,2010,10,3,14,41,4,0,15009,0.32896345695525003,0.23946038112020127,0.2823509498412512,0.14922521208329767,3.17,6.34,5.42,7.13
2010-10-15,3736,3621,5216,724,11843.12,22957.14,28270.72,5162.12,68233.1,2010,10,4,15,41,4,0,13297,0.17356854664378432,0.33645166348883454,0.4143255985731265,0.07565419129425453,3.1700000000000004,6.34,5.42,7.13
2010-10-16,6013,1389,4931,365,19061.21,8806.26,26726.02,2602.45,57195.94,2010,10,5,16,41,4,1,12698,0.33326159164444186,0.1539665227986462,0.4672712783459805,0.0455006072109314,3.17,6.34,5.42,7.13
2010-10-17,2772,1663,475,1941,8787.24,10543.42,2574.5,13839.33,35744.49,2010,10,6,17,41,4,1,6851,0.24583481258230291,0.29496630109983385,0.07202508694347018,0.3871737993743931,3.17,6.34,5.42,7.13
2010-10-18,1723,2129,2859,1682,5461.91,13497.86,15495.78,11992.66,46448.21000000001,2010,10,0,18,42,4,0,8393,0.11759139910881386,0.29060021903965727,0.3336141478864309,0.2581942339650979,3.17,6.34,5.42,7.13
2010-10-19,1185,581,2327,1816,3756.45,3683.54,12612.34,12948.08,33000.41,2010,10,1,19,42,4,0,5909,0.11383040392528455,0.11162103743559548,0.38218737282354975,0.3923611858155701,3.17,6.34,5.42,7.13
2010-10-20,6476,3436,4327,1567,20528.92,21784.24,23452.34,11172.71,76938.20999999999,2010,10,2,20,42,4,0,15806,0.26682346781917593,0.2831394179823004,0.3048204526723458,0.14521666152617796,3.17,6.340000000000001,5.42,7.129999999999999
2010-10-21,3985,1065,703,1285,12632.45,6752.1,3810.26,9162.05,32356.860000000004,2010,10,3,21,42,4,0,7038,0.39041025612497626,0.2086759963729484,0.1177574090934658,0.28315633840860943,3.1700000000000004,6.340000000000001,5.42,7.129999999999999
2010-10-22,573,1265,4389,451,1816.41,8020.1,23788.38,3215.63,36840.52,2010,10,4,22,42,4,0,6678,0.04930467865274432,0.21769779579658488,0.6457123840814408,0.08728514146923008,3.17,6.34,5.42,7.13
2010-10-23,5880,1732,3704,1591,18639.6,10980.88,20075.68,11343.83,61039.99,2010,10,5,23,42,4,1,12907,0.305367022504427,0.17989649080873046,0.32889389398654884,0.18584259270029369,3.17,6.34,5.42,7.13
2010-10-24,6149,3407,4939,736,19492.33,21600.38,26769.38,5247.68,73109.77000000002,2010,10,6,24,42,4,1,15231,0.26661730709862713,0.29545134665312167,0.366153251473777,0.07177809477447404,3.1700000000000004,6.34,5.42,7.130000000000001
2010-10-25,6080,1441,3773,417,19273.6,9135.94,20449.66,2973.21,51832.41,2010,10,0,25,43,4,0,11711,0.3718445659771559,0.17625921696482955,0.3945342306097671,0.05736198644824734,3.17,6.340000000000001,5.42,7.13
2010-10-26,7940,3131,3323,323,25169.8,19850.54,18010.66,2302.99,65333.99,2010,10,1,26,43,4,0,14717,0.38524816867912093,0.3038317420993269,0.2756705965761467,0.03524949264540555,3.17,6.34,5.42,7.129999999999999
2010-10-27,828,3871,4768,1071,2624.76,24542.14,25842.56,7636.23,60645.69,2010,10,2,27,43,4,0,10538,0.04328023970046346,0.4046806953635122,0.4261236041670892,0.1259154607689351,3.1700000000000004,6.34,5.42,7.13
2010-10-28,5866,1038,2354,624,18595.22,6580.92,12758.68,4449.12,42383.94,2010,10,3,28,43,4,0,9882,0.4387326897876885,0.15526918922591906,0.301026284956047,0.10497183603034545,3.1700000000000004,6.34,5.42,7.13
2010-10-29,4721,1229,4707,739,14965.57,7791.86,25511.94,5269.07,53538.44,2010,10,4,29,43,4,0,11396,0.27952943716701495,0.14553767349216748,0.4765163123916199,0.09841657694919762,3.17,6.34,5.42,7.13
2010-10-30,5506,3452,1307,422,17454.02,21885.68,7083.94,3008.86,49432.5,2010,10,5,30,43,4,1,10687,0.35308794821220857,0.44273868406412786,0.14330531532898397,0.060868052394679614,3.17,6.34,5.42,7.13
2010-11-01,3975,1068,5004,1564,12600.75,6771.12,27121.68,11151.32,57644.87,2010,11,0,1,44,4,0,11611,0.21859273860796286,0.11746266406707136,0.47049598689354316,0.19344861043142259,3.17,6.34,5.42,7.13
2010-11-02,1498,1525,2722,1276,4748.66,9668.5,14753.24,9097.88,38268.28,2010,11,1,2,44,4,0,7021,0.12408867082607318,0.25265049801036266,0.3855213769733053,0.23773945419025885,3.17,6.34,5.42,7.129999999999999
2010-11-03,6869,3258,4863,337,21774.73,20655.72,26357.46,2402.81,71190.72,2010,11,2,3,44,4,0,15327,0.3058647250652894,0.2901462437800882,0.37023730059198723,0.03375173056263513,3.17,6.340000000000001,5.42,7.13
2010-11-04,6130,3208,1974,1085,19432.1,20338.72,10699.08,7736.05,58205.95,2010,11,3,4,44,4,0,12397,0.3338507489354611,0.34942681976670775,0.18381419768941148,0.13290823360841977,3.17,6.340000000000001,5.42,7.13
2010-11-05,7366,3767,3366,355,23350.22,23882.78,18243.72,2531.15,68007.87,2010,11,4,5,44,4,0,14854,0.34334585100224435,0.35117670940142665,0.26825895297117824,0.037218486625150884,3.1700000000000004,6.34,5.42,7.13
2010-11-06,4671,1956,655,900,14807.07,12401.04,3550.1,6417.0,37175.21,2010,11,5,6,44,4,1,8182,0.39830494568826913,0.33358358970937896,0.09549643431738516,0.17261503028496678,3.17,6.340000000000001,5.42,7.13
2010-11-07,1719,1221,5147,1499,5449.23,7741.14,27896.74,10687.87,51774.98,2010,11,6,7,44,4,1,9586,0.10524832650828642,0.1495150746557507,0.5388073544403107,0.2064292443956521,3.17,6.34,5.42,7.130000000000001
2010-11-08,4330,3818,697,401,13726.1,24206.12,3777.74,2859.13,44569.09,2010,11,0,8,45,4,0,9246,0.3079735305342784,0.5431145217459006,0.08476143443808254,0.06415051328173854,3.17,6.34,5.42,7.13
2010-11-09,2633,652,1869,1682,8346.61,4133.68,10129.98,11992.66,34602.93,2010,11,1,9,45,4,0,6836,0.24121107663426192,0.11946040407560864,0.2927491978280452,0.34657932146208426,3.1700000000000004,6.340000000000001,5.42,7.13
2010-11-10,1708,3881,2933,576,5414.36,24605.54,15896.86,4106.88,50023.64,2010,11,2,10,45,4,0,9098,0.10823602600690393,0.49187823996814306,0.317786950329884,0.08209878369506897,3.17,6.34,5.42,7.13
2010-11-11,833,352,3143,363,2640.61,2231.68,17035.06,2588.19,24495.54,2010,11,3,11,45,4,0,4691,0.10779962393154019,0.0911055645231744,0.695435169014441,0.1056596425308444,3.1700000000000004,6.34,5.420000000000001,7.13
2010-11-12,5185,3088,4103,355,16436.45,19577.92,22238.26,2531.15,60783.77999999999,2010,11,4,12,45,4,0,12731,0.27040848726420114,0.3220911894587668,0.3658584576345861,0.04164186564244607,3.17,6.34,5.42,7.13
2010-11-13,4865,3951,5405,975,15422.05,25049.34,29295.1,6951.75,76718.23999999999,2010,11,5,13,45,4,1,15196,0.20102194732308773,0.32651087929024447,0.38185312906031216,0.09061404432635578,3.17,6.34,5.42,7.13
2010-11-14,302,3568,2467,1238,957.34,22621.12,13371.14,8826.94,45776.54,2010,11,6,14,45,4,1,7575,0.020913332462436,0.49416404123160024,0.29209590764177457,0.19282671866418913,3.17,6.34,5.42,7.130000000000001
2010-11-15,7506,3191,438,1481,23794.02,20230.94,2373.96,10559.53,56958.45,2010,11,0,15,46,4,0,12616,0.4177434603645289,0.35518768505814324,0.041678802706183196,0.18539005187114468,3.17,6.34,5.42,7.130000000000001
2010-11-16,948,3510,3475,1478,3005.16,22253.4,18834.5,10538.14,54631.2,2010,11,1,16,46,4,0,9411,0.05500812722400387,0.4073386636207882,0.3447572083351638,0.1928960008200442,3.17,6.340000000000001,5.42,7.13
2010-11-17,2047,2179,2797,1064,6488.99,13814.86,15159.74,7586.32,43049.91,2010,11,2,17,46,4,0,8087,0.15073179014776103,0.3209033421904947,0.3521433610430312,0.176221506618713,3.17,6.34,5.42,7.13
2010-11-18,3100,2064,1988,712,9827.0,13085.76,10774.96,5076.56,38764.28,2010,11,3,18,46,4,0,7864,0.2535065787369197,0.3375726312987111,0.27796105074052707,0.13095973922384216,3.17,6.34,5.42,7.130000000000001
2010-11-19,6094,1287,4889,1795,19317.98,8159.58,26498.38,12798.35,66774.29000000001,2010,11,4,19,46,4,0,14065,0.2893026642439777,0.12219643218969455,0.39683506930586604,0.1916658342604616,3.17,6.34,5.42,7.13
2010-11-20,3837,1440,3623,518,12163.29,9129.6,19636.66,3693.34,44622.89,2010,11,5,20,46,4,1,9418,0.27257961104715545,0.20459454777581643,0.4400580061040421,0.08276783507298609,3.1700000000000004,6.34,5.42,7.13
2010-11-21,7427,2519,831,1182,23543.59,15970.46,4504.02,8427.66,52445.73000000001,2010,11,6,21,46,4,1,11959,0.44891338150884724,0.3045140185864511,0.08587963214545778,0.16069296775924366,3.17,6.34,5.420000000000001,7.13
2010-11-22,2324,357,2214,335,7367.08,2263.38,11999.88,2388.55,24018.89,2010,11,0,22,47,4,0,5230,0.30672025226811067,0.09423333051610629,0.49960177177213433,0.09944464544364874,3.17,6.340000000000001,5.42,7.130000000000001
2010-11-23,648,2866,5649,1474,2054.16,18170.44,30617.58,10509.62,61351.8,2010,11,1,23,47,4,0,10637,0.03348165823985604,0.29616800159082535,0.4990494166430325,0.17130092352628612,3.17,6.34,5.42,7.130000000000001
2010-11-24,2555,3417,3839,1345,8099.35,21663.78,20807.38,9589.85,60160.35999999999,2010,11,2,24,47,4,0,11156,0.1346293472977888,0.36010057120668826,0.3458652840508269,0.15940479744469616,3.17,6.34,5.42,7.13
2010-11-25,1969,1090,4935,1615,6241.73,6910.6,26747.7,11514.95,51414.98,2010,11,3,25,47,4,0,9609,0.12139905529477983,0.1344082989043271,0.5202316523316746,0.2239609934692185,3.17,6.340000000000001,5.42,7.130000000000001
2010-11-26,398,976,4694,355,1261.66,6187.84,25441.48,2531.15,35422.13,2010,11,4,26,47,4,0,6423,0.035617846809325136,0.17468853510503182,0.7182368762126953,0.0714567418729478,3.1700000000000004,6.34,5.42,7.13
2010-11-27,4036,3114,3744,498,12794.12,19742.76,20292.48,3550.74,56380.1,2010,11,5,27,47,4,1,11392,0.22692616721148068,0.35017248993882594,0.3599227386968097,0.06297860415288373,3.1700000000000004,6.34,5.42,7.13
2010-11-28,1804,2575,5852,1478,5718.68,16325.5,31717.84,10538.14,64300.16,2010,11,6,28,47,4,1,11709,0.08893725925409827,0.2538951691566553,0.4932777772248156,0.1638897943644308,3.1700000000000004,6.34,5.42,7.13
2010-11-29,6997,3913,5577,1827,22180.49,24808.42,30227.34,13026.51,90242.76,2010,11,0,29,48,4,0,18314,0.24578691963765295,0.27490759369505097,0.3349558457653556,0.14434964090194052,3.1700000000000004,6.34,5.42,7.13
2010-11-30,1655,2876,4278,1361,5246.35,18233.84,23186.76,9703.93,56370.88,2010,11,1,30,48,4,0,10170,0.09306844242985032,0.32346204281359453,0.4113251380854796,0.17214437667107557,3.1700000000000004,6.34,5.42,7.13
2010-12-01,1736,911,405,1682,5503.12,5775.74,2195.1,11992.66,25466.620000000003,2010,12,2,1,48,4,0,4734,0.21609149545561993,0.22679648889408957,0.08619518412730075,0.47091683152298963,3.17,6.34,5.42,7.13
2010-12-02,6374,1409,5807,1056,20205.58,8933.06,31473.94,7529.28,68141.86,2010,12,3,2,48,4,0,14646,0.2965222845399289,0.13109504201969244,0.4618884779487968,0.11049419549158182,3.1700000000000004,6.34,5.42,7.13
2010-12-03,969,2566,716,1478,3071.73,16268.44,3880.72,10538.14,33759.03,2010,12,4,3,48,4,0,5729,0.09098987737503121,0.4818989171193604,0.11495353983808183,0.31215766566752656,3.17,6.34,5.42,7.13
2010-12-04,3556,3903,5729,637,11272.52,24745.02,31051.18,4541.81,71610.53,2010,12,5,4,48,4,1,13825,0.15741427971556698,0.3455500189706737,0.43361192830160594,0.06342377301215339,3.17,6.34,5.42,7.130000000000001
2010-12-05,1596,3228,351,1825,5059.32,20465.52,1902.42,13012.25,40439.51,2010,12,6,5,48,4,1,7000,0.1251083408280664,0.5060773486127799,0.0470435967201383,0.32177071383901534,3.17,6.34,5.42,7.13
2010-12-06,5138,3926,4864,256,16287.46,24890.84,26362.88,1825.28,69366.46,2010,12,0,6,49,4,0,14184,0.23480310224855064,0.3588310546624406,0.3800522615684871,0.026313581520521587,3.17,6.34,5.42,7.13
2010-12-07,6821,2510,3503,597,21622.57,15913.4,18986.26,4256.61,60778.84,2010,12,1,7,49,4,0,13431,0.35575818821155525,0.2618246745084309,0.31238273056873084,0.07003440671128307,3.17,6.34,5.42,7.13
2010-12-08,5877,1567,4069,636,18630.09,9934.78,22053.98,4534.68,55153.530000000006,2010,12,2,8,49,4,0,12149,0.3377859948402214,0.18012954021256664,0.3998652488789022,0.08221921606830968,3.17,6.340000000000001,5.42,7.130000000000001
2010-12-09,5135,1774,1870,652,16277.95,11247.16,10135.4,4648.76,42309.27,2010,12,3,9,49,4,0,9431,0.3847371982546615,0.26583205051753434,0.2395550667737827,0.10987568445402156,3.17,6.34,5.42,7.13
2010-12-10,5244,2991,3217,1910,16623.48,18962.94,17436.14,13618.3,66640.86,2010,12,4,10,49,4,0,13362,0.2494487616156214,0.28455425095054293,0.2616433821532315,0.20435360528060412,3.17,6.34,5.42,7.13
2010-12-11,2610,3664,4707,728,8273.7,23229.76,25511.94,5190.64,62206.03999999999,2010,12,5,11,49,4,1,11709,0.13300476931179034,0.37343254770758594,0.4101199819181546,0.08344270106246919,3.1700000000000004,6.34,5.42,7.130000000000001
2010-12-12,4116,3549,4374,1179,13047.72,22500.66,23707.08,8406.27,67661.73,2010,12,6,12,49,4,1,13218,0.19283751686514666,0.3325463301041815,0.3503764979110053,0.12423965511966663,3.17,6.34,5.420000000000001,7.130000000000001
2010-12-13,5843,2283,4160,1239,18522.31,14474.22,22547.2,8834.07,64377.8,2010,12,0,13,50,4,0,13525,0.28771268977815334,0.2248324733060154,0.35023253357523865,0.13722230334059254,3.1700000000000004,6.34,5.42,7.13
2010-12-14,5274,978,3655,1788,16718.58,6200.52,19810.1,12748.44,55477.64,2010,12,1,14,50,4,0,11695,0.3013570872877794,0.11176610973357916,0.3570826012065401,0.22979420177210136,3.1700000000000004,6.340000000000001,5.42,7.13
2010-12-15,2143,1253,3742,329,6793.31,7944.02,20281.64,2345.77,37364.74,2010,12,2,15,50,4,0,7467,0.18181071245243513,0.21260739402977247,0.5428015824544745,0.06278031106331798,3.1700000000000004,6.340000000000001,5.42,7.13
2010-12-16,7014,2877,2129,1012,22234.38,18240.18,11539.18,7215.56,59229.3,2010,12,3,16,50,4,0,13032,0.3753949481084531,0.30795872988537765,0.19482215727688829,0.12182416472928095,3.17,6.34,5.42,7.130000000000001
2010-12-17,4408,692,3389,434,13973.36,4387.28,18368.38,3094.42,39823.44,2010,12,4,17,50,4,0,8923,0.35088279666447697,0.11016828280028043,0.46124543736050927,0.07770348317473327,3.17,6.34,5.42,7.13
2010-12-18,5578,2699,2917,960,17682.26,17111.66,15810.14,6844.8,57448.86,2010,12,5,18,50,4,1,12154,0.307791312133957,0.2978590001611868,0.27520372031751367,0.11914596738734241,3.17,6.34,5.42,7.13
2010-12-19,5930,1998,3351,268,18798.1,12667.32,18162.42,1910.84,51538.67999999999,2010,12,6,19,50,4,1,11547,0.36473770767897046,0.24578277907001114,0.3524036704083225,0.037075842842696015,3.17,6.34,5.419999999999999,7.13
2010-12-20,3619,575,1983,1372,11472.23,3645.5,10747.86,9782.36,35647.95,2010,12,0,20,51,4,0,7549,0.3218201888187119,0.10226394505153874,0.3015000862602198,0.2744157798695297,3.17,6.34,5.42,7.130000000000001
2010-12-21,575,1261,5039,1056,1822.75,7994.74,27311.38,7529.28,44658.15,2010,12,1,21,51,4,0,7931,0.04081561820182878,0.1790208506174125,0.6115654141517282,0.16859811702903052,3.17,6.34,5.42,7.13
2010-12-22,7064,3919,2005,1893,22392.88,24846.46,10867.1,13497.09,71603.53,2010,12,2,22,51,4,0,14881,0.31273430234514976,0.3470004900596381,0.15176765726494212,0.18849755033027005,3.17,6.34,5.42,7.13
2010-12-23,651,3418,5831,1018,2063.67,21670.12,31604.02,7258.34,62596.15,2010,12,3,23,51,4,0,10918,0.03296800202568369,0.34618934231578136,0.5048876009147527,0.11595505474378216,3.17,6.34,5.42,7.13
2010-12-24,5006,752,4432,706,15869.02,4767.68,24021.44,5033.78,49691.92,2010,12,4,24,51,4,0,10896,0.3193480952235293,0.09594477331525932,0.48340736280666957,0.10129976865454182,3.17,6.340000000000001,5.42,7.13
2010-12-25,374,970,511,1005,1185.58,6149.8,2769.62,7165.65,17270.65,2010,12,5,25,51,4,1,2860,0.06864709782202753,0.3560838764030306,0.16036570713899012,0.4149033186359517,3.17,6.34,5.42,7.13
2010-12-26,3398,1524,5864,725,10771.66,9662.16,31782.88,5169.25,57385.95,2010,12,6,26,51,4,1,11511,0.18770552722399822,0.16837152647991363,0.5538442772141962,0.09007866908189201,3.17,6.34,5.42,7.13
2010-12-27,7935,1473,5052,1955,25153.95,9338.82,27381.84,13939.15,75813.76,2010,12,0,27,52,4,0,16415,0.3317860768282697,0.12318106897745212,0.3611724309676766,0.18386042322660162,3.17,6.34,5.42,7.13
2010-12-28,2801,1773,2744,1810,8879.17,11240.82,14872.48,12905.3,47897.77,2010,12,1,28,52,4,0,9128,0.1853775238387925,0.23468357712686833,0.31050464353559676,0.26943425549874245,3.17,6.34,5.42,7.13
2010-12-29,6443,1773,3781,942,20424.31,11240.82,20493.02,6716.46,58874.61,2010,12,2,29,52,4,0,12939,0.3469120220074494,0.19092814372783107,0.3480790785705417,0.11408075569417785,3.1700000000000004,6.34,5.42,7.13
2010-12-30,6216,3519,5529,1807,19704.72,22310.46,29967.18,12883.91,84866.27,2010,12,3,30,52,4,0,17071,0.23218553142491122,0.26288960266546413,0.3531106056622967,0.15181426024732794,3.1700000000000004,6.34,5.42,7.13
2011-01-01,281,3956,4186,1537,890.77,25081.04,22688.12,10958.81,59618.74,2011,1,5,1,52,1,1,9960,0.014941107443733297,0.42069054126269695,0.3805534971051049,0.1838148541884649,3.17,6.34,5.42,7.13
2011-01-02,7665,1350,4266,1789,24298.05,8559.0,23121.72,12755.57,68734.34,2011,1,6,2,52,1,1,15070,0.35350670421800806,0.12452290950927877,0.3363925513797034,0.18557783489300983,3.17,6.34,5.42,7.13
2011-01-03,937,3758,4311,314,2970.29,23825.72,23365.62,2238.82,52400.45,2011,1,0,3,1,1,0,9320,0.05668443687029406,0.454685408235998,0.44590494928955765,0.04272520560415035,3.17,6.340000000000001,5.42,7.130000000000001
2011-01-04,6378,968,4530,995,20218.26,6137.12,24552.6,7094.35,58002.33,2011,1,1,4,1,1,0,12871,0.34857668648828416,0.10580816322378774,0.42330368452439754,0.12231146576353054,3.17,6.34,5.42,7.130000000000001
2011-01-05,731,2174,5908,1505,2317.27,13783.16,32021.36,10730.65,58852.44,2011,1,2,5,1,1,0,10318,0.039374238349336066,0.23419861606417677,0.5440957078415101,0.1823314377449771,3.17,6.34,5.42,7.13
2011-01-06,2032,3556,349,815,6441.44,22545.04,1891.58,5810.95,36689.01,2011,1,3,6,1,1,0,6752,0.1755686512119024,0.6144902792416584,0.05155712841529384,0.15838394113114526,3.17,6.34,5.42,7.13
2011-01-07,1514,3321,5699,1371,4799.38,21055.14,30888.58,9775.23,66518.33,2011,1,4,7,1,1,0,11905,0.07215124011682193,0.31653139818753717,0.464361928509029,0.14695543318661186,3.17,6.34,5.42,7.13
2011-01-08,410,865,2384,1502,1299.7,5484.1,12921.28,10709.26,30414.340000000004,2011,1,5,8,1,1,1,5161,0.04273313180558907,0.1803129707894368,0.4248417029598538,0.35211219444512026,3.17,6.340000000000001,5.42,7.13
2011-01-09,489,3673,3283,522,1550.13,23286.82,17793.86,3721.86,46352.67,2011,1,6,9,1,1,1,7967,0.03344208650763807,0.5023835735891805,0.3838799361503879,0.08029440375279354,3.1700000000000004,6.34,5.42,7.13
2011-01-10,1326,2810,4408,1535,4203.42,17815.4,23891.36,10944.55,56854.73,2011,1,0,10,2,1,0,10079,0.07393263498041412,0.3133494785746059,0.42021763184874855,0.19250025459623146,3.17,6.340000000000001,5.42,7.13
2011-01-11,2535,3027,4185,1219,8035.95,19191.18,22682.7,8691.47,58601.3,2011,1,1,11,2,1,0,10966,0.1371292104441369,0.32748727417309853,0.3870682049715621,0.14831531041120247,3.17,6.34,5.42,7.13
2011-01-12,351,3737,1581,986,1112.67,23692.58,8569.02,7030.18,40404.45,2011,1,2,12,2,1,0,6655,0.02753830333044999,0.5863854105179009,0.21208109502789918,0.17399519112375,3.1700000000000004,6.340000000000001,5.42,7.13
2011-01-13,2480,676,5982,475,7861.6,4285.84,32422.44,3386.75,47956.63,2011,1,3,13,2,1,0,9613,0.16393145223090114,0.08936908202265256,0.6760783649726847,0.07062110077376163,3.17,6.34,5.42,7.13
2011-01-14,408,2952,3147,1635,1293.36,18715.68,17056.74,11657.55,48723.33,2011,1,4,14,2,1,0,8142,0.026544983686459852,0.3841215286393602,0.3500733632122435,0.2392601244619364,3.17,6.34,5.420000000000001,7.13
2011-01-15,2428,1279,4992,452,7696.76,8108.86,27056.64,3222.76,46085.02,2011,1,5,15,2,1,1,9151,0.16701218747436805,0.17595435566698248,0.587102707126958,0.06993074973169157,3.17,6.34,5.42,7.130000000000001
2011-01-16,1593,2972,409,343,5049.81,18842.48,2216.78,2445.59,28554.66,2011,1,6,16,2,1,1,5317,0.17684714158739767,0.6598740800976093,0.07763286272713456,0.08564591558785851,3.1700000000000004,6.34,5.420000000000001,7.130000000000001
2011-01-17,5324,1418,3883,687,16877.08,8990.12,21045.86,4898.31,51811.37,2011,1,0,17,3,1,0,11312,0.3257408557233673,0.17351635364978768,0.40620157312960453,0.09454121749724047,3.1700000000000004,6.340000000000001,5.42,7.130000000000001
2011-01-18,2623,586,385,1651,8314.91,3715.24,2086.7,11771.63,25888.48,2011,1,1,18,3,1,0,5245,0.32118185385932274,0.1435093910496097,0.08060341897245415,0.45470533611861336,3.17,6.34,5.42,7.13
2011-01-19,3082,357,4745,1805,9769.94,2263.38,25717.9,12869.65,50620.87,2011,1,2,19,3,1,0,9989,0.19300221430410028,0.04471238838842556,0.5080493480258241,0.25423604928165,3.1700000000000004,6.340000000000001,5.42,7.13
2011-01-20,562,3519,1232,864,1781.54,22310.46,6677.44,6160.32,36929.76,2011,1,3,20,3,1,0,6177,0.048241309989558556,0.6041322770578524,0.18081460588966727,0.1668118070629216,3.17,6.34,5.42,7.13
2011-01-21,7642,2224,5279,651,24225.14,14100.16,28612.18,4641.63,71579.11000000002,2011,1,4,21,3,1,0,15796,0.338438686929748,0.19698708184552724,0.399728077088413,0.06484615413631155,3.17,6.34,5.42,7.13
2011-01-22,4351,2127,1694,508,13792.67,13485.18,9181.48,3622.04,40081.37,2011,1,5,22,3,1,1,8680,0.34411673054089714,0.3364450865826193,0.22907101229324245,0.09036717058324104,3.17,6.34,5.42,7.13
2011-01-23,6487,426,3380,1576,20563.79,2700.84,18319.6,11236.88,52821.10999999999,2011,1,6,23,3,1,1,11869,0.3893100694021766,0.0511318296794596,0.34682345751537597,0.21273464340298795,3.17,6.340000000000001,5.42,7.13
2011-01-24,2604,821,586,1567,8254.68,5205.14,3176.12,11172.71,27808.65,2011,1,0,24,4,1,0,5578,0.2968385736092906,0.18717701146945284,0.11421338324586054,0.4017710316753959,3.17,6.340000000000001,5.42,7.129999999999999
2011-01-25,7652,339,1610,377,24256.84,2149.26,8726.2,2688.01,37820.310000000005,2011,1,1,25,4,1,0,9978,0.641370734401701,0.05682819627866614,0.2307278813949436,0.07107318792468914,3.17,6.340000000000001,5.420000000000001,7.130000000000001
2011-01-26,295,762,2728,477,935.15,4831.08,14785.76,3401.01,23953.0,2011,1,2,26,4,1,0,4262,0.039041038700789045,0.20168997620339832,0.6172821775977957,0.14198680749801695,3.17,6.34,5.42,7.130000000000001
2011-01-27,1486,2309,3206,975,4710.62,14639.06,17376.52,6951.75,43677.95,2011,1,3,27,4,1,0,7976,0.10784892605994559,0.3351590447811768,0.39783277374510484,0.15915925541377288,3.17,6.34,5.42,7.13
2011-01-28,2002,1770,709,1363,6346.34,11221.8,3842.78,9718.19,31129.11,2011,1,4,28,4,1,0,5844,0.20387155302544788,0.3604921566983444,0.12344651035638346,0.3121897799198243,3.17,6.34,5.42,7.130000000000001
2011-01-29,6688,1529,2796,1808,21200.96,9693.86,15154.32,12891.04,58940.18,2011,1,5,29,4,1,1,12821,0.3597030073542361,0.16446946717841718,0.2571135683671139,0.21871395710023284,3.17,6.340000000000001,5.42,7.130000000000001
2011-01-30,5943,2206,5708,1427,18839.31,13986.04,30937.36,10174.51,73937.22,2011,1,6,30,4,1,1,15284,0.2548014383013048,0.18916102066050092,0.4184274172061108,0.1376101238320835,3.1700000000000004,6.340000000000001,5.42,7.13
2011-01-31,939,3325,1863,1612,2976.63,21080.5,10097.46,11493.56,45648.15,2011,1,0,31,5,1,0,7739,0.06520811905849416,0.4618040380606881,0.22120195451513366,0.251785888365684,3.17,6.34,5.42,7.13
2011-02-01,7590,1909,3479,960,24060.3,12103.06,18856.18,6844.8,61864.34,2011,2,1,1,5,1,0,13938,0.3889203376290768,0.19563871529220225,0.30479885504314763,0.11064209203557333,3.17,6.34,5.42,7.13
2011-02-02,1914,3478,3420,1373,6067.38,22050.52,18536.4,9789.49,56443.79,2011,2,2,2,5,1,0,10185,0.10749419909612731,0.39066334843921713,0.32840459508477376,0.17343785737988182,3.17,6.34,5.420000000000001,7.13
2011-02-03,2559,674,5250,1171,8112.03,4273.16,28455.0,8349.23,49189.42,2011,2,3,3,5,1,0,9654,0.16491412177659343,0.08687152643800232,0.5784780548337427,0.16973629695166156,3.17,6.34,5.42,7.13
2011-02-04,1887,3763,4099,858,5981.79,23857.42,22216.58,6117.54,58173.33,2011,2,4,4,5,1,0,10607,0.10282701712279492,0.4101092373429542,0.38190318484432645,0.1051605606899244,3.17,6.34,5.420000000000001,7.13
2011-02-05,4925,3326,3186,1174,15612.25,21086.84,17268.12,8370.62,62337.83,2011,2,5,5,5,1,1,12611,0.25044583682171806,0.33826714853564843,0.2770086799620712,0.13427833468056236,3.17,6.34,5.42,7.130000000000001
2011-02-06,1814,3589,1183,1581,5750.38,22754.26,6411.86,11272.53,46189.03,2011,2,6,6,5,1,1,8167,0.12449666078720424,0.49263342399699667,0.13881781020298542,0.24405210501281366,3.17,6.34,5.42,7.130000000000001
2011-02-07,513,2802,5147,890,1626.21,17764.68,27896.74,6345.7,53633.33,2011,2,0,7,6,1,0,9352,0.030320884420191697,0.33122463214571984,0.5201381305244333,0.11831635290965524,3.17,6.34,5.42,7.13
2011-02-08,2717,496,1777,1875,8612.89,3144.64,9631.34,13368.75,34757.619999999995,2011,2,1,8,6,1,0,6865,0.24779861221798272,0.09047339835121047,0.27710010063980217,0.38462788879100474,3.17,6.34,5.42,7.13
2011-02-09,3652,2629,1739,1835,11576.84,16667.86,9425.38,13083.55,50753.630000000005,2011,2,2,9,6,1,0,9855,0.22809875865036647,0.32840724890022643,0.18570849021045388,0.25778550223895313,3.17,6.34,5.42,7.13
2011-02-10,3072,762,2218,449,9738.24,4831.08,12021.56,3201.37,29792.25,2011,2,3,10,6,1,0,6501,0.32687158573118846,0.16215895073383177,0.4035129941511635,0.10745646938381626,3.17,6.34,5.42,7.13
2011-02-11,1912,2167,5992,891,6061.04,13738.78,32476.64,6352.83,58629.29,2011,2,4,11,6,1,0,10962,0.10337904484260341,0.23433304411498077,0.5539320022466586,0.1083559087957572,3.17,6.340000000000001,5.42,7.13
2011-02-12,1003,578,1188,1549,3179.51,3664.52,6438.96,11044.37,24327.36,2011,2,5,12,6,1,1,4318,0.13069687791852466,0.15063368980440128,0.26467976796495796,0.45398966431211607,3.1700000000000004,6.34,5.42,7.130000000000001
2011-02-13,7652,1813,4636,990,24256.84,11494.42,25127.12,7058.7,67937.08,2011,2,6,13,6,1,1,15091,0.35704861027291723,0.1691921407278617,0.369858698666472,0.10390055033274906,3.17,6.34,5.42,7.13
2011-02-14,1845,799,4669,1012,5848.65,5065.66,25305.98,7215.56,43435.85,2011,2,0,14,7,1,0,8325,0.13465029462989672,0.11662394082307587,0.582605842869427,0.16611992167760042,3.17,6.34,5.42,7.130000000000001
2011-02-15,1601,2924,4384,1480,5075.17,18538.16,23761.28,10552.4,57927.01,2011,2,1,15,7,1,0,10389,0.08761318769948595,0.32002618467619853,0.4101934486174929,0.18216717900682253,3.17,6.34,5.42,7.13
2011-02-16,3735,266,5017,1574,11839.95,1686.44,27192.14,11222.62,51941.15,2011,2,2,16,7,1,0,10592,0.22794932341698249,0.03246828381735868,0.5235182509436159,0.21606414182204284,3.1700000000000004,6.34,5.42,7.130000000000001
2011-02-17,5129,3374,258,631,16258.93,21391.16,1398.36,4499.03,43547.48,2011,2,3,17,7,1,0,9392,0.3733609843784301,0.4912146466339728,0.03211115775241184,0.10331321123518512,3.17,6.34,5.42,7.13
2011-02-18,299,1945,5483,1527,947.83,12331.3,29717.86,10887.51,53884.5,2011,2,4,18,7,1,0,9254,0.01759003052825952,0.2288468854679917,0.5515103601221131,0.20205272388163573,3.17,6.34,5.42,7.13
2011-02-19,6216,3625,5546,961,19704.72,22982.5,30059.32,6851.93,79598.47,2011,2,5,19,7,1,1,16348,0.2475514918816907,0.28873042408980976,0.37763690684004353,0.08608117718845601,3.1700000000000004,6.34,5.42,7.13
2011-02-20,1953,3677,2640,1219,6191.01,23312.18,14308.8,8691.47,52503.46000000001,2011,2,6,20,7,1,1,9489,0.11791622875901892,0.4440122612871608,0.2725306103635836,0.1655408995902365,3.17,6.34,5.42,7.13
2011-02-21,5691,2610,595,1462,18040.47,16547.4,3224.9,10424.06,48236.83,2011,2,0,21,8,1,0,10358,0.37399783526405034,0.34304493060592917,0.0668555541481478,0.21610167998187274,3.1700000000000004,6.340000000000001,5.42,7.13
2011-02-22,5590,2418,1327,575,17720.3,15330.12,7192.34,4099.75,44342.51,2011,2,1,22,8,1,0,9910,0.39962329602000424,0.34572061888242234,0.1621996589728457,0.09245642612472771,3.17,6.340000000000001,5.42,7.13
2011-02-23,1402,1086,2256,1138,4444.34,6885.24,12227.52,8113.94,31671.04,2011,2,2,23,8,1,0,5882,0.140328198884533,0.21739860768702257,0.3860788909994746,0.2561943024289698,3.17,6.34,5.42,7.13
2011-02-24,3491,2529,3646,1872,11066.47,16033.86,19761.32,13347.36,60209.01,2011,2,3,24,8,1,0,11538,0.18380089624459858,0.2663033323417874,0.328212006807619,0.221683764605995,3.17,6.34,5.42,7.13
2011-02-25,6231,3713,916,564,19752.27,23540.42,4964.72,4021.32,52278.73,2011,2,4,25,8,1,0,11424,0.3778261254624969,0.45028676098290826,0.09496634673413068,0.07692076682046407,3.17,6.34,5.42,7.13
2011-02-26,6113,3831,4455,1969,19378.21,24288.54,24146.1,14038.97,81851.82,2011,2,5,26,8,1,1,16368,0.23674745411891876,0.29673793447720526,0.2949977166054462,0.17151689479842963,3.17,6.34,5.42,7.13
2011-02-27,1464,3861,2510,1841,4640.88,24478.74,13604.2,13126.33,55850.15000000001,2011,2,6,27,8,1,1,9676,0.08309521102450038,0.43829318273988516,0.2435839474021108,0.23502765883350354,3.17,6.340000000000001,5.42,7.13
2011-02-28,3338,3434,4400,1571,10581.46,21771.56,23848.0,11201.23,67402.25,2011,2,0,28,9,1,0,12743,0.15698971473504222,0.3230093950869593,0.3538160818073581,0.16618480837064045,3.17,6.340000000000001,5.42,7.13
2011-03-01,5454,998,2637,1233,17289.18,6327.32,14292.54,8791.29,46700.33,2011,3,1,1,9,1,0,10322,0.37021537106911234,0.13548769355591275,0.3060479444149538,0.18824899096002107,3.17,6.34,5.42,7.130000000000001
2011-03-02,7204,811,5885,475,22836.68,5141.74,31896.7,3386.75,63261.87,2011,3,2,2,9,1,0,14375,0.36098648364330677,0.08127707891025035,0.5042010297830273,0.05353540766341557,3.17,6.34,5.42,7.13
2011-03-03,7588,1054,1370,395,24053.96,6682.36,7425.4,2816.35,40978.07,2011,3,3,3,9,1,0,10407,0.586995922453156,0.16307161367043396,0.18120423924308782,0.06872822463332216,3.17,6.34,5.42,7.13
2011-03-04,4454,1135,5698,270,14119.18,7195.9,30883.16,1925.1,54123.34,2011,3,4,4,9,1,0,11557,0.26087044886734634,0.13295373123683793,0.5706070615745444,0.035568758321271376,3.17,6.34,5.42,7.13
2011-03-05,4281,524,593,1970,13570.77,3322.16,3214.06,14046.1,34153.090000000004,2011,3,5,5,9,1,1,7368,0.3973511620764036,0.09727260403085049,0.09410744386525494,0.4112687900274909,3.17,6.34,5.42,7.13
2011-03-06,2297,270,3216,1964,7281.49,1711.8,17430.72,14003.32,40427.33,2011,3,6,6,9,1,1,7747,0.18011305718186185,0.04234264295960183,0.43116179079845246,0.34638250906008383,3.17,6.34,5.42,7.13
2011-03-07,1846,1503,2769,1700,5851.82,9529.02,15007.98,12121.0,42509.82,2011,3,0,7,10,1,0,7818,0.13765807524002688,0.22416044104632765,0.3530473664673245,0.285134117246321,3.17,6.34,5.42,7.13
2011-03-08,6073,1068,1075,596,19251.41,6771.12,5826.5,4249.48,36098.51,2011,3,1,8,10,1,0,8812,0.533302067038224,0.18757339291843347,0.16140555385804012,0.11771898618530237,3.17,6.34,5.42,7.129999999999999
2011-03-09,6109,3729,5224,1681,19365.53,23641.86,28314.08,11985.53,83307.0,2011,3,2,9,10,1,0,16743,0.2324598173022675,0.2837919982714538,0.3398763609300539,0.14387182349622482,3.17,6.34,5.42,7.130000000000001
2011-03-10,6477,3178,747,822,20532.09,20148.52,4048.74,5860.86,50590.21,2011,3,3,10,10,1,0,11224,0.4058510530001753,0.3982691512844086,0.08003010859215647,0.11584968712325962,3.17,6.34,5.42,7.13
2011-03-11,6226,2493,3489,751,19736.42,15805.62,18910.38,5354.63,59807.05,2011,3,4,11,10,1,0,12959,0.3300015633608412,0.2642768703689615,0.3161898137426942,0.08953175252750302,3.17,6.340000000000001,5.42,7.13
2011-03-12,2626,1626,1794,1725,8324.42,10308.84,9723.48,12299.25,40655.990000000005,2011,3,5,12,10,1,1,7771,0.20475260841022438,0.25356263615767316,0.23916475776386206,0.3025199976682402,3.17,6.34,5.42,7.13
2011-03-13,6693,2292,5488,1078,21216.81,14531.28,29744.96,7686.14,73179.19,2011,3,6,13,10,1,1,15551,0.2899295551098612,0.19857120583051002,0.40646746704903397,0.10503177201059481,3.1700000000000004,6.34,5.42,7.13
2011-03-14,1698,509,620,1221,5382.66,3227.06,3360.4,8705.73,20675.85,2011,3,0,14,11,1,0,4048,0.2603356089350619,0.1560787101860383,0.16252777999453472,0.4210579008843651,3.17,6.34,5.42,7.13
2011-03-15,3982,3468,3067,487,12622.94,21987.12,16623.14,3472.31,54705.51,2011,3,1,15,11,1,0,11004,0.23074348452285703,0.4019178324084722,0.3038659177110313,0.06347276535763947,3.17,6.34,5.42,7.13
2011-03-16,1645,3966,4044,1626,5214.65,25144.44,21918.48,11593.38,63870.94999999999,2011,3,2,16,11,1,0,11281,0.08164353277976921,0.3936756851119328,0.3431682165366259,0.18151256557167228,3.17,6.34,5.42,7.13
2011-03-17,5848,1072,2651,337,18538.16,6796.48,14368.42,2402.81,42105.87,2011,3,3,17,11,1,0,9908,0.4402749545372177,0.16141407361966392,0.3412450568056188,0.05706591503749952,3.17,6.34,5.42,7.13
2011-03-18,824,1263,1278,1826,2612.08,8007.42,6926.76,13019.38,30565.64,2011,3,4,18,11,1,0,5191,0.08545805028129626,0.26197455705164363,0.22661917106921367,0.42594822159784645,3.17,6.34,5.42,7.13
2011-03-19,1342,3246,4990,1546,4254.14,20579.64,27045.8,11022.98,62902.56,2011,3,5,19,11,1,1,11124,0.06763063379296487,0.32716697062885836,0.4299634227923315,0.17523897278584527,3.1700000000000004,6.34,5.42,7.13
2011-03-20,581,883,1833,718,1841.77,5598.22,9934.86,5119.34,22494.19,2011,3,6,20,11,1,1,4015,0.08187758705692448,0.24887404258610782,0.4416633806329546,0.2275849897240132,3.17,6.34,5.42,7.13
2011-03-21,1906,1021,5985,1411,6042.02,6473.14,32438.7,10060.43,55014.29,2011,3,0,21,12,1,0,10323,0.10982637420204824,0.11766288358897298,0.5896413459121257,0.18286939629685306,3.1700000000000004,6.340000000000001,5.42,7.13
2011-03-22,7910,1290,2715,1375,25074.7,8178.6,14715.3,9803.75,57772.350000000006,2011,3,1,22,12,1,0,13290,0.4340259657085093,0.14156599134360986,0.2547118128308784,0.16969623011700233,3.17,6.34,5.42,7.13
2011-03-23,2320,983,505,633,7354.4,6232.22,2737.1,4513.29,20837.01,2011,3,2,23,12,1,0,4441,0.35294891157608504,0.29909377593042386,0.13135761800757403,0.21659969448591715,3.17,6.34,5.42,7.13
2011-03-24,7283,3595,5422,747,23087.11,22792.3,29387.24,5326.11,80592.76000000001,2011,3,3,24,12,1,0,17047,0.2864663029284516,0.28280828203426706,0.3646387094820924,0.06608670555518882,3.17,6.34,5.42,7.13
2011-03-25,2316,2964,1346,315,7341.72,18791.76,7295.32,2245.95,35674.75,2011,3,4,25,12,1,0,6941,0.20579597614559317,0.5267523949011556,0.20449533633732542,0.06295629261592582,3.17,6.34,5.42,7.129999999999999
2011-03-26,6993,2134,2058,427,22167.81,13529.56,11154.36,3044.51,49896.240000000005,2011,3,5,26,12,1,1,11612,0.44427816605018733,0.2711538985703131,0.22355111327025842,0.061016822109241094,3.1700000000000004,6.34,5.42,7.130000000000001
2011-03-27,4148,3816,2449,1163,13149.16,24193.44,13273.58,8292.19,58908.37,2011,3,6,27,12,1,1,11576,0.22321378099580755,0.41069613706846747,0.2253258747441153,0.14076420719160962,3.17,6.34,5.42,7.130000000000001
2011-03-28,5076,2352,1230,1550,16090.92,14911.68,6666.6,11051.5,48720.7,2011,3,0,28,13,1,0,10208,0.33026865377549997,0.30606456803781557,0.1368330093779441,0.22683376880874045,3.17,6.34,5.42,7.13
2011-03-29,7922,2889,4665,356,25112.74,18316.26,25284.3,2538.28,71251.58,2011,3,1,29,13,1,0,15832,0.35245169300105345,0.2570646152688824,0.35485949925601645,0.03562419247404759,3.1700000000000004,6.34,5.42,7.130000000000001
2011-03-30,1174,3980,4739,1168,3721.58,25233.2,25685.38,8327.84,62968.0,2011,3,2,30,13,1,0,11061,0.059102718841316224,0.4007305297929107,0.4079116376572227,0.13225511370855036,3.17,6.34,5.42,7.13
2011-03-31,464,2220,421,1663,1470.88,14074.8,2281.82,11857.19,29684.69,2011,3,3,31,13,1,0,4768,0.04955012162835456,0.47414340523684095,0.07686858107664254,0.399437892058162,3.1700000000000004,6.34,5.420000000000001,7.13
2011-04-01,4176,1068,1958,1985,13237.92,6771.12,10612.36,14153.05,44774.45,2011,4,4,1,13,2,0,9187,0.2956579031121544,0.15122731825851574,0.2370182101622689,0.316096568467061,3.17,6.34,5.42,7.13
2011-04-02,1314,3826,1653,1874,4165.38,24256.84,8959.26,13361.62,50743.100000000006,2011,4,5,2,13,2,1,8667,0.0820876138824786,0.4780322841923335,0.1765611482152253,0.2633189537099625,3.17,6.34,5.42,7.130000000000001
2011-04-03,1947,2925,4086,1794,6171.99,18544.5,22146.12,12791.22,59653.83,2011,4,6,3,13,2,1,10752,0.10346343227249616,0.31086855613461867,0.37124389163277527,0.21442411996010985,3.17,6.34,5.42,7.13
2011-04-04,2226,3245,1005,746,7056.42,20573.3,5447.1,5318.98,38395.8,2011,4,0,4,14,2,0,7222,0.1837810385510915,0.5358216263237124,0.1418670792117888,0.13853025591340717,3.17,6.34,5.42,7.129999999999999
2011-04-05,3159,1842,1408,421,10014.03,11678.28,7631.36,3001.73,32325.4,2011,4,1,5,14,2,0,6830,0.3097882779486101,0.3612725596589679,0.23607936792738834,0.09285979446503369,3.1700000000000004,6.340000000000001,5.42,7.13
2011-04-06,6244,3283,2935,395,19793.48,20814.22,15907.7,2816.35,59331.74999999999,2011,4,2,6,14,2,0,12857,0.33360687995887534,0.3508108221989071,0.2681144581105395,0.04746783973167824,3.17,6.340000000000001,5.42,7.13
2011-04-07,7436,1300,3444,1945,23572.12,8242.0,18666.48,13867.85,64348.45,2011,4,3,7,14,2,0,14125,0.366319934668201,0.12808389324062974,0.29008437654675445,0.21551179554441482,3.17,6.34,5.42,7.13
2011-04-08,6742,2425,4512,1168,21372.14,15374.5,24455.04,8327.84,69529.52,2011,4,4,8,14,2,0,14847,0.3073822456993806,0.22112190620616967,0.3517216859831622,0.1197741621112874,3.17,6.34,5.42,7.13
2011-04-09,483,507,2413,1389,1531.11,3214.38,13078.46,9903.57,27727.52,2011,4,5,9,14,2,1,4792,0.05521986820314258,0.11592742517181487,0.4716779574949364,0.3571747491301061,3.17,6.34,5.42,7.13
2011-04-10,3840,617,1239,1696,12172.8,3911.78,6715.38,12092.48,34892.44,2011,4,6,10,14,2,1,7392,0.3488664020057066,0.1121096718945422,0.19245945540065412,0.34656447069909696,3.17,6.340000000000001,5.42,7.13
2011-04-11,2471,1187,5553,1572,7833.07,7525.58,30097.26,11208.36,56664.27,2011,4,0,11,15,2,0,10783,0.13823649364934906,0.13280997002167327,0.5311505821922704,0.19780295413670734,3.17,6.34,5.42,7.130000000000001
2011-04-12,2651,1807,3716,701,8403.67,11456.38,20140.72,4998.13,44998.9,2011,4,1,12,15,2,0,8875,0.186752787290356,0.25459244559311445,0.4475824964610246,0.11107227065550491,3.17,6.34,5.42,7.13
2011-04-13,3096,1732,2198,607,9814.32,10980.88,11913.16,4327.91,37036.27,2011,4,2,13,15,2,0,7633,0.26499212798697064,0.29648990030583533,0.3216619816196394,0.11685599008755472,3.17,6.34,5.42,7.13
2011-04-14,2764,641,743,263,8761.88,4063.94,4027.06,1875.19,18728.07,2011,4,3,14,15,2,0,4411,0.46784746105711905,0.21699726666976363,0.2150280301173586,0.10012724215575872,3.17,6.34,5.42,7.13
2011-04-15,1836,698,5337,1119,5820.12,4425.32,28926.54,7978.47,47150.45,2011,4,4,15,15,2,0,8990,0.12343721003723189,0.09385530784965997,0.6134944629372573,0.16921301917585094,3.17,6.34,5.42,7.13
2011-04-16,4836,1505,5600,519,15330.12,9541.7,30352.0,3700.47,58924.29,2011,4,5,16,15,2,1,12460,0.26016639318012996,0.16193152263692953,0.515101666901714,0.06280041728122647,3.1700000000000004,6.340000000000001,5.42,7.13
2011-04-17,2900,1512,2201,1641,9193.0,9586.08,11929.42,11700.33,42408.83,2011,4,6,17,15,2,1,8254,0.21677089417463297,0.22603971861520347,0.28129566413409657,0.2758937230760669,3.17,6.34,5.42,7.13
2011-04-18,2501,3322,4078,1683,7928.17,21061.48,22102.76,11999.79,63092.2,2011,4,0,18,16,2,0,11584,0.12566006574505248,0.33382066245906783,0.35032476280744684,0.19019450898843282,3.17,6.34,5.42,7.130000000000001
2011-04-19,610,2304,2971,1657,1933.7,14607.36,16102.82,11814.41,44458.29,2011,4,1,19,16,2,0,7542,0.04349470031348484,0.3285632443353084,0.3622006154532709,0.2657414398979358,3.17,6.34,5.42,7.13
2011-04-20,2319,3222,704,1208,7351.23,20427.48,3815.68,8613.04,40207.43,2011,4,2,20,16,2,0,7453,0.18283262571121803,0.508052367435571,0.0948998729836749,0.21421513386953608,3.17,6.34,5.42,7.130000000000001
2011-04-21,7155,1511,3626,662,22681.35,9579.74,19652.92,4720.06,56634.06999999999,2011,4,3,21,16,2,0,12954,0.4004894933385505,0.1691515372283857,0.34701585105926525,0.0833431183737987,3.17,6.34,5.42,7.130000000000001
2011-04-22,1433,2490,1664,1475,4542.61,15786.6,9018.88,10516.75,39864.84,2011,4,4,22,16,2,0,7062,0.1139502880232305,0.39600309445616744,0.22623645297460118,0.263810164546001,3.17,6.34,5.42,7.13
2011-04-23,697,788,5433,1872,2209.49,4995.92,29446.86,13347.36,49999.630000000005,2011,4,5,23,16,2,1,8790,0.04419012700693984,0.09991913940163157,0.5889415581675304,0.2669491754238981,3.1699999999999995,6.34,5.42,7.13
2011-04-24,6149,2464,2089,689,19492.33,15621.76,11322.38,4912.57,51349.04,2011,4,6,24,16,2,1,11391,0.37960456514863766,0.3042269144661711,0.22049837737959657,0.09567014300559465,3.1700000000000004,6.34,5.42,7.13
2011-04-25,5382,3474,4141,464,17060.94,22025.16,22444.22,3308.32,64838.64,2011,4,0,25,17,2,0,13461,0.26312920813885055,0.339691887430088,0.34615500880339256,0.05102389562766894,3.17,6.34,5.42,7.130000000000001
2011-04-26,6956,1828,3164,1630,22050.52,11589.52,17148.88,11621.9,62410.82,2011,4,1,26,17,2,0,13578,0.35331245447504134,0.18569728774593894,0.2747741497387793,0.18621610804024044,3.17,6.34,5.42,7.13
2011-04-27,4706,2361,1328,1837,14918.02,14968.74,7197.76,13097.81,50182.33,2011,4,2,27,17,2,0,10232,0.2972763520545977,0.2982870663837251,0.14343216028430725,0.26100442127736995,3.17,6.34,5.42,7.13
2011-04-28,6323,287,2077,1959,20043.91,1819.58,11257.34,13967.67,47088.5,2011,4,3,28,17,2,0,10646,0.42566465272837317,0.0386417065737919,0.2390677129235376,0.29662592777429736,3.17,6.34,5.42,7.13
2011-04-29,7336,3888,5703,847,23255.12,24649.92,30910.26,6039.11,84854.40999999999,2011,4,4,29,17,2,0,17774,0.2740590618684403,0.29049662828366846,0.3642740548193076,0.07117025502858366,3.17,6.34,5.42,7.13
2011-04-30,1214,2287,684,1611,3848.38,14499.58,3707.28,11486.43,33541.67,2011,4,5,30,17,2,1,5796,0.11473429915683984,0.43228557194677547,0.11052759150036359,0.34245253739602116,3.17,6.34,5.42,7.13
2011-05-01,4192,3280,5368,1142,13288.64,20795.2,29094.56,8142.46,71320.86,2011,5,6,1,17,2,1,13982,0.18632192601154837,0.2915724796363925,0.4079389956879376,0.11416659866412154,3.17,6.34,5.42,7.13
2011-05-02,6271,3108,5218,335,19879.07,19704.72,28281.56,2388.55,70253.90000000001,2011,5,0,2,18,2,0,14932,0.28296037657695866,0.2804786638179517,0.4025621353405291,0.0339988242645604,3.17,6.340000000000001,5.42,7.130000000000001
2011-05-03,5365,478,5777,253,17007.05,3030.52,31311.34,1803.89,53152.8,2011,5,1,3,18,2,0,11873,0.31996526993874264,0.057015246609774084,0.5890816664409024,0.033937817010580816,3.17,6.34,5.42,7.130000000000001
2011-05-04,7103,2609,2302,551,22516.51,16541.06,12476.84,3928.63,55463.04,2011,5,2,4,18,2,0,12565,0.40597323911563443,0.29823572598977627,0.224957737621306,0.07083329727328326,3.17,6.340000000000001,5.42,7.13
2011-05-05,7786,2542,5509,1384,24681.62,16116.28,29858.78,9867.92,80524.59999999999,2011,5,3,5,18,2,0,17221,0.30651030865102097,0.20014107490133454,0.3708032079637776,0.12254540848386705,3.17,6.34,5.42,7.13
2011-05-06,7331,690,5113,1834,23239.27,4374.6,27712.46,13076.42,68402.75,2011,5,4,6,18,2,0,14968,0.3397417501489341,0.06395356911820066,0.40513663558848145,0.19116804514438382,3.17,6.340000000000001,5.42,7.13
2011-05-07,7574,251,3805,1098,24009.58,1591.34,20623.1,7828.74,54052.76,2011,5,5,7,18,2,1,12728,0.4441878638574608,0.02944049480544564,0.38153648398342654,0.14483515735366703,3.1700000000000004,6.34,5.42,7.13
2011-05-08,3354,3891,2568,581,10632.18,24668.94,13918.56,4142.53,53362.20999999999,2011,5,6,8,18,2,1,10394,0.19924549601675046,0.462292322600582,0.2608317758953387,0.07763040548732895,3.17,6.34,5.42,7.13
2011-05-09,4439,3955,3710,528,14071.63,25074.7,20108.2,3764.64,63019.17,2011,5,0,9,19,2,0,12632,0.22329126200805247,0.39789003885643054,0.31908068608329815,0.059738013052218875,3.17,6.34,5.42,7.13
2011-05-10,2605,2211,4858,518,8257.85,14017.74,26330.36,3693.34,52299.28999999999,2011,5,1,10,19,2,0,10192,0.15789602497471766,0.2680292600530524,0.5034554006373702,0.07061931433486,3.17,6.34,5.42,7.13
2011-05-11,504,1439,3041,1606,1597.68,9123.26,16482.22,11450.78,38653.94,2011,5,2,11,19,2,0,6590,0.04133291457481437,0.2360240637823725,0.42640465629118274,0.2962383653516304,3.17,6.34,5.420000000000001,7.130000000000001
2011-05-12,6064,2151,3480,1228,19222.88,13637.34,18861.6,8755.64,60477.46,2011,5,3,12,19,2,0,12923,0.3178519732806239,0.22549458922381993,0.3118781774234566,0.1447752600720996,3.1700000000000004,6.34,5.42,7.13
2011-05-13,7826,1678,716,634,24808.42,10638.52,3880.72,4520.42,43848.08,2011,5,4,13,19,2,0,10854,0.5657812155059012,0.24262225392765202,0.08850376116810588,0.10309276939834082,3.17,6.34,5.42,7.13
2011-05-14,6499,2546,2963,1103,20601.83,16141.64,16059.46,7864.39,60667.32,2011,5,5,14,19,2,1,13111,0.3395869473054027,0.266068123661965,0.26471352286535815,0.12963140616727425,3.1700000000000004,6.34,5.42,7.13
2011-05-15,1946,3626,4299,1586,6168.82,22988.84,23300.58,11308.18,63766.420000000006,2011,5,6,15,19,2,1,11457,0.09674088650421334,0.36051639718836337,0.36540517720769017,0.17733753909973304,3.17,6.34,5.420000000000001,7.13
2011-05-16,1942,2412,3651,377,6156.14,15292.08,19788.42,2688.01,43924.65,2011,5,0,16,20,2,0,8382,0.14015228351278838,0.3481434684169367,0.45050831366897626,0.06119593440129859,3.1700000000000004,6.34,5.42,7.130000000000001
2011-05-17,5544,3039,4246,1187,17574.48,19267.26,23013.32,8463.31,68318.37,2011,5,1,17,20,2,0,14016,0.2572438423223505,0.28202165830361586,0.3368540555051299,0.12388044386890378,3.17,6.34,5.42,7.13
2011-05-18,5920,423,1180,1834,18766.4,2681.82,6395.6,13076.42,40920.24,2011,5,2,18,20,2,0,9357,0.45860923591846,0.06553773878159073,0.1562942934841047,0.3195587318158447,3.1700000000000004,6.340000000000001,5.42,7.13
2011-05-19,5632,3975,4771,1181,17853.44,25201.5,25858.82,8420.53,77334.29000000001,2011,5,3,19,20,2,0,15559,0.2308605923711202,0.32587743418863735,0.3343771566274158,0.1088848168128265,3.17,6.34,5.42,7.130000000000001
2011-05-20,1152,287,1929,301,3651.84,1819.58,10455.18,2146.13,18072.73,2011,5,4,20,20,2,0,3669,0.20206355099644605,0.10068097072218751,0.5785058483140069,0.11874962996735967,3.17,6.34,5.42,7.130000000000001
2011-05-21,1216,2236,5667,1499,3854.72,14176.24,30715.14,10687.87,59433.97,2011,5,5,21,20,2,1,10618,0.06485718520906478,0.23852083244649483,0.5167943517823225,0.17982763056211792,3.17,6.34,5.42,7.130000000000001
2011-05-22,2151,2213,3555,1979,6818.67,14030.42,19268.1,14110.27,54227.46000000001,2011,5,6,22,20,2,1,9898,0.12574201336370908,0.2587327527418765,0.35531997995111697,0.26020525394329735,3.17,6.34,5.42,7.13
2011-05-23,3941,3098,282,590,12492.97,19641.32,1528.44,4206.7,37869.43,2011,5,0,23,21,2,0,7911,0.3298959081243103,0.5186589816641022,0.040360787051719554,0.11108432315986799,3.17,6.34,5.42,7.13
2011-05-24,6413,986,3012,790,20329.21,6251.24,16325.04,5632.7,48538.19,2011,5,1,24,21,2,0,11201,0.41882917348174703,0.12879013411913381,0.33633392592513234,0.11604676647398676,3.17,6.34,5.42,7.13
2011-05-25,733,951,620,298,2323.61,6029.34,3360.4,2124.74,13838.09,2011,5,2,25,21,2,0,2602,0.16791406906588988,0.43570608371531044,0.24283698111516835,0.15354286610363133,3.1700000000000004,6.34,5.42,7.129999999999999
2011-05-26,2582,3386,4222,1143,8184.94,21467.24,22883.24,8149.59,60685.01,2011,5,3,26,21,2,0,11333,0.13487581200036053,0.3537486440226343,0.3770822481532095,0.1342932958237957,3.17,6.340000000000001,5.420000000000001,7.13
2011-05-27,7152,2086,5467,685,22671.84,13225.24,29631.14,4884.05,70412.27,2011,5,4,27,21,2,0,15390,0.32198706276619116,0.18782578661361152,0.42082352976263937,0.06936362085755793,3.17,6.34,5.42,7.13
2011-05-28,5973,1952,3088,1415,18934.41,12375.68,16736.96,10088.95,58136.0,2011,5,5,28,21,2,1,12428,0.3256916540525664,0.21287463877803772,0.28789321590752714,0.17354049126186874,3.17,6.34,5.42,7.130000000000001
2011-05-29,7138,2891,2414,375,22627.46,18328.94,13083.88,2673.75,56714.02999999999,2011,5,6,29,21,2,1,12818,0.3989746452509194,0.32318175943412947,0.23069917620031588,0.04714441911463531,3.17,6.34,5.42,7.13
2011-05-30,4139,311,5433,345,13120.63,1971.74,29446.86,2459.85,46999.08,2011,5,0,30,22,2,0,10228,0.279167804986821,0.04195273609611082,0.6265412003809436,0.05233825853612453,3.17,6.34,5.42,7.13
2011-05-31,1507,2980,3816,1202,4777.19,18893.2,20682.72,8570.26,52923.37,2011,5,1,31,22,2,0,9505,0.09026617163646229,0.3569916277062477,0.3908050451057822,0.16193715555150778,3.17,6.34,5.42,7.13
2011-06-01,756,318,5439,305,2396.52,2016.12,29479.38,2174.65,36066.670000000006,2011,6,2,1,22,2,0,6818,0.06644694395129908,0.05589980999077541,0.8173579651240327,0.0602952809338927,3.17,6.34,5.42,7.13
2011-06-02,2661,3781,4460,405,8435.37,23971.54,24173.2,2887.65,59467.76,2011,6,3,2,22,2,0,11307,0.14184778441293233,0.40310144522006547,0.4064925263705914,0.04855824399641083,3.1700000000000004,6.34,5.42,7.13
2011-06-03,4612,398,3706,472,14620.04,2523.32,20086.52,3365.36,40595.240000000005,2011,6,4,3,22,2,0,9188,0.3601417309024407,0.062158026409007555,0.49479988294194094,0.08290035974661068,3.1700000000000004,6.340000000000001,5.42,7.13
2011-06-04,6640,593,3278,1237,21048.8,3759.62,17766.76,8819.81,51394.98999999999,2011,6,5,4,22,2,1,11748,0.40954964676518085,0.07315148811197357,0.3456905040744244,0.17160836104842128,3.17,6.34,5.42,7.13
2011-06-05,2652,1381,5383,855,8406.84,8755.54,29175.86,6096.15,52434.39000000001,2011,6,6,5,22,2,1,10271,0.1603306532220552,0.1669808688534376,0.5564260402380956,0.11626243768641151,3.17,6.340000000000001,5.42,7.13
2011-06-06,1060,916,3332,1535,3360.2,5807.44,18059.44,10944.55,38171.63,2011,6,0,6,23,2,0,6843,0.08802872709391765,0.1521402151283558,0.47311157527200176,0.2867194825057248,3.17,6.34,5.42,7.13
2011-06-07,6880,1300,3782,1091,21809.6,8242.0,20498.44,7778.83,58328.87,2011,6,1,7,23,2,0,13053,0.3739074664055724,0.14130224021140816,0.3514287178887573,0.13336157549426209,3.17,6.34,5.42,7.13
2011-06-08,2472,3649,5327,1231,7836.24,23134.66,28872.34,8777.03,68620.27,2011,6,2,8,23,2,0,12679,0.11419716069318875,0.3371403231144383,0.42075526662894214,0.12790724956343075,3.17,6.34,5.42,7.130000000000001
2011-06-09,3282,3958,3307,472,10403.94,25093.72,17923.94,3365.36,56786.96000000001,2011,6,3,9,23,2,0,11019,0.1832100186380817,0.44189229358289295,0.31563478657776356,0.059262901201261695,3.1700000000000004,6.34,5.42,7.13
2011-06-10,7850,2368,4883,578,24884.5,15013.12,26465.86,4121.14,70484.62000000001,2011,6,4,10,23,2,0,15679,0.3530486508971744,0.21299852364955643,0.37548418364176467,0.05846864181150441,3.17,6.340000000000001,5.42,7.130000000000001
2011-06-11,4409,1096,1356,1462,13976.53,6948.64,7349.52,10424.06,38698.75,2011,6,5,11,23,2,1,8323,0.3611623114441681,0.17955722084046644,0.18991621176394588,0.2693642559514196,3.17,6.34,5.42,7.13
2011-06-12,1439,3776,4217,1360,4561.63,23939.84,22856.14,9696.8,61054.41,2011,6,6,12,23,2,1,10792,0.07471417707582466,0.39210664716930355,0.374356905586345,0.1588222701685267,3.17,6.34,5.42,7.13
2011-06-13,5711,3887,4932,1935,18103.87,24643.58,26731.44,13796.55,83275.44,2011,6,0,13,24,2,0,16465,0.21739747037061585,0.2959285474805057,0.3210002853182162,0.1656736968306622,3.17,6.340000000000001,5.42,7.13
2011-06-14,5961,3015,4715,1393,18896.37,19115.1,25555.3,9932.09,73498.86,2011,6,1,14,24,2,0,15084,0.2570974570217824,0.2600734215469464,0.34769654930702326,0.13513257212424792,3.17,6.34,5.42,7.13
2011-06-15,4885,2258,3165,1933,15485.45,14315.72,17154.3,13782.29,60737.76,2011,6,2,15,24,2,0,12241,0.2549558956405373,0.23569720055530527,0.2824322135027699,0.22691469030138747,3.17,6.34,5.42,7.130000000000001
2011-06-16,6917,1940,4710,1198,21926.89,12299.6,25528.2,8541.74,68296.43000000001,2011,6,3,16,24,2,0,14765,0.32105470227360344,0.18009140448483177,0.37378527691710967,0.125068616324455,3.17,6.34,5.42,7.13
2011-06-17,2478,3308,2748,451,7855.26,20972.72,14894.16,3215.63,46937.77,2011,6,4,17,24,2,0,8985,0.16735477633470872,0.4468196933940407,0.31731716270287236,0.0685083675683783,3.17,6.340000000000001,5.42,7.13
2011-06-18,3026,1129,261,1336,9592.42,7157.86,1414.62,9525.68,27690.58,2011,6,5,18,24,2,1,5752,0.3464145568637421,0.25849440495648696,0.051086687241654015,0.3440043509381169,3.17,6.34,5.42,7.13
2011-06-19,7802,840,435,1277,24732.34,5325.6,2357.7,9105.01,41520.65,2011,6,6,19,24,2,1,10354,0.5956636035322183,0.12826388796899857,0.056783793124625934,0.2192887153741572,3.17,6.340000000000001,5.42,7.13
2011-06-20,1907,1072,4624,966,6045.19,6796.48,25062.08,6887.58,44791.33,2011,6,0,20,25,2,0,8569,0.134963395817896,0.15173650793579915,0.5595297125582116,0.1537703836880932,3.17,6.34,5.420000000000001,7.13
2011-06-21,6932,2542,4191,1948,21974.44,16116.28,22715.22,13889.24,74695.18000000001,2011,6,1,21,25,2,0,15613,0.2941881925982372,0.21576064211907647,0.30410556611551104,0.18594559916717515,3.17,6.34,5.42,7.13
2011-06-22,7805,2020,2918,1548,24741.85,12806.8,15815.56,11037.24,64401.44999999999,2011,6,2,22,25,2,0,14291,0.3841815673404869,0.1988588766246723,0.245577700502085,0.1713818555327559,3.17,6.34,5.42,7.13
2011-06-23,759,3970,520,1638,2406.03,25169.8,2818.4,11678.94,42073.17,2011,6,3,23,25,2,0,6887,0.05718680099455307,0.5982387350418331,0.06698805913602422,0.2775864048275897,3.1700000000000004,6.34,5.42,7.13
2011-06-24,5213,3331,2791,1007,16525.21,21118.54,15127.22,7179.91,59950.880000000005,2011,6,4,24,25,2,0,12342,0.2756458287184441,0.3522640535051362,0.2523269049595268,0.11976321281689276,3.17,6.34,5.42,7.13
2011-06-25,7671,2428,4877,1419,24317.07,15393.52,26433.34,10117.47,76261.4,2011,6,5,25,25,2,1,16395,0.318864720553255,0.20185205097205142,0.3466149323248721,0.13266829614982154,3.17,6.34,5.42,7.13
2011-06-26,1710,431,3260,1690,5420.7,2732.54,17669.2,12049.7,37872.14,2011,6,6,26,25,2,1,7091,0.14313160016835594,0.07215171891527651,0.4665487611737811,0.3181679197425865,3.17,6.34,5.42,7.130000000000001
2011-06-27,5788,3597,3968,1408,18347.96,22804.98,21506.56,10039.04,72698.54000000001,2011,6,0,27,26,2,0,14761,0.25238416067227754,0.31369240702770645,0.2958320758573693,0.13809135644264658,3.17,6.34,5.42,7.130000000000001
2011-06-28,1135,1102,3396,1519,3597.95,6986.68,18406.32,10830.47,39821.42,2011,6,1,28,26,2,0,7152,0.09035212707130987,0.17545029785477265,0.46222158828088,0.2719759867930375,3.17,6.34,5.42,7.13
2011-06-29,7543,1218,3220,1874,23911.31,7722.12,17452.4,13361.62,62447.45,2011,6,2,29,26,2,0,13855,0.3829029047623242,0.12365789155521963,0.2794733812189289,0.21396582246352736,3.1700000000000004,6.34,5.420000000000001,7.130000000000001
2011-06-30,7938,1335,1753,1469,25163.46,8463.9,9501.26,10473.97,53602.59,2011,6,3,30,26,2,0,12495,0.4694448533177222,0.15790095217413935,0.17725374837297975,0.19540044613515878,3.17,6.34,5.42,7.13
2011-07-01,6368,1151,2366,1261,20186.56,7297.34,12823.72,8990.93,49298.55,2011,7,4,1,26,3,0,11146,0.40947573508754315,0.14802342056713635,0.2601236750370954,0.1823771693082251,3.1700000000000004,6.34,5.42,7.13
2011-07-02,4910,3445,3486,1448,15564.7,21841.3,18894.12,10324.24,66624.36,2011,7,5,2,26,3,1,13289,0.23361875446158134,0.32782753935647563,0.28359176733555114,0.15496193884639192,3.17,6.34,5.42,7.13
2011-07-03,1651,2725,4301,1183,5233.67,17276.5,23311.42,8434.79,54256.38,2011,7,6,3,26,3,1,9860,0.09646183545603301,0.3184233817294851,0.429653065685547,0.15546171712893492,3.17,6.34,5.42,7.130000000000001
2011-07-04,3548,641,3359,1739,11247.16,4063.94,18205.78,12399.07,45915.95,2011,7,0,4,27,3,0,9287,0.24495104642286614,0.08850824168943472,0.39650230475466586,0.2700384071330333,3.17,6.34,5.42,7.13
2011-07-05,1634,2913,2387,782,5179.78,18468.42,12937.54,5575.66,42161.4,2011,7,1,5,27,3,0,7716,0.12285597726830702,0.43804095689422073,0.30685745729506136,0.13224560854241083,3.17,6.339999999999999,5.42,7.13
2011-07-06,2689,3408,5663,1183,8524.13,21606.72,30693.46,8434.79,69259.1,2011,7,2,6,27,3,0,12943,0.12307595680567605,0.3119694018547743,0.44316862332891993,0.12178601801062965,3.1699999999999995,6.340000000000001,5.42,7.130000000000001
2011-07-07,3968,3967,1895,322,12578.56,25150.78,10270.9,2295.86,50296.1,2011,7,3,7,27,3,0,10152,0.25009016603673045,0.5000542785623537,0.20420867621942854,0.045646879181487236,3.17,6.34,5.42,7.130000000000001
2011-07-08,5771,313,658,1939,18294.07,1984.42,3566.36,13825.07,37669.92,2011,7,4,8,27,3,0,8681,0.4856413286781602,0.05267916682594495,0.0946739467458386,0.3670055577500563,3.17,6.34,5.42,7.13
2011-07-09,6356,2971,4542,923,20148.52,18836.14,24617.64,6580.99,70183.29000000001,2011,7,5,9,27,3,1,14792,0.28708429029189136,0.26838496741888274,0.35076212585645383,0.09376861643277194,3.17,6.34,5.42,7.13
2011-07-10,6660,3277,2110,623,21112.2,20776.18,11436.2,4441.99,57766.57,2011,7,6,10,27,3,1,12670,0.3654743565352764,0.35965749740723746,0.19797263365299342,0.07689551240449277,3.17,6.34,5.42,7.13
2011-07-11,2486,1046,5287,965,7880.62,6631.64,28655.54,6880.45,50048.25,2011,7,0,11,28,3,0,9784,0.15746045066510816,0.132504932739906,0.5725582812585854,0.13747633533640036,3.17,6.340000000000001,5.42,7.13
2011-07-12,1143,1923,2862,1868,3623.31,12191.82,15512.04,13318.84,44646.01,2011,7,1,12,28,3,0,7796,0.08115641240952999,0.2730774821758988,0.34744515803315906,0.2983209473814121,3.17,6.34,5.42,7.13
2011-07-13,2712,1437,2764,1397,8597.04,9110.58,14980.88,9960.61,42649.11,2011,7,2,13,28,3,0,8310,0.20157607040334488,0.21361711885664203,0.35125891255409547,0.23354789818591762,3.1700000000000004,6.34,5.42,7.130000000000001
2011-07-14,3721,1109,1746,580,11795.57,7031.06,9463.32,4135.4,32425.35,2011,7,3,14,28,3,0,7156,0.3637761812902559,0.21683836874544146,0.29184943261984836,0.12753601734445424,3.17,6.340000000000001,5.42,7.129999999999999
2011-07-15,2546,3402,3411,1417,8070.82,21568.68,18487.62,10103.21,58230.33,2011,7,4,15,28,3,0,10776,0.13860165312475473,0.3704028467638772,0.3174912455416275,0.17350425456974053,3.17,6.34,5.42,7.129999999999999
2011-07-16,895,1686,4822,1983,2837.15,10689.24,26135.24,14138.79,53800.420000000006,2011,7,5,16,28,3,1,9386,0.0527347184278487,0.19868320730581654,0.4857813377665081,0.26280073649982655,3.17,6.34,5.42,7.130000000000001
2011-07-17,7718,463,2498,1658,24466.06,2935.42,13539.16,11821.54,52762.18,2011,7,6,17,28,3,1,12337,0.46370449439352207,0.05563492638097971,0.25660728953959067,0.2240532896859076,3.1700000000000004,6.34,5.42,7.130000000000001
2011-07-18,7149,1302,2350,953,22662.33,8254.68,12737.0,6794.89,50448.9,2011,7,0,18,29,3,0,11754,0.4492135606524622,0.16362457853392245,0.25247329475964786,0.13468856605396748,3.1700000000000004,6.34,5.42,7.130000000000001
2011-07-19,1566,1307,1597,359,4964.22,8286.38,8655.74,2559.67,24466.009999999995,2011,7,1,19,29,3,0,4829,0.20290272095858708,0.3386894716384078,0.35378633459235903,0.10462147281064631,3.1700000000000004,6.339999999999999,5.42,7.13
2011-07-20,1955,3318,2163,356,6197.35,21036.12,11723.46,2538.28,41495.21,2011,7,2,20,29,3,0,7792,0.14935097328101243,0.5069529711983624,0.28252562163199074,0.06117043388863438,3.1700000000000004,6.34,5.42,7.130000000000001
2011-07-21,6015,3992,671,748,19067.55,25309.28,3636.82,5333.24,53346.89,2011,7,3,21,29,3,0,11426,0.35742570935250395,0.4744284062294915,0.06817304626380283,0.09997283815420167,3.17,6.34,5.42,7.13
2011-07-22,3545,1125,424,514,11237.65,7132.5,2298.08,3664.82,24333.050000000003,2011,7,4,22,29,3,0,5608,0.461826610309846,0.29311985139552993,0.09444274351139703,0.15061079478322692,3.17,6.34,5.42,7.13
2011-07-23,6333,1417,861,374,20075.61,8983.78,4666.62,2666.62,36392.630000000005,2011,7,5,23,29,3,1,8985,0.5516394390842321,0.24685712464309392,0.1282298091674056,0.07327362710526827,3.17,6.340000000000001,5.42,7.13
2011-07-24,1159,1596,2510,1117,3674.03,10118.64,13604.2,7964.21,35361.08,2011,7,6,24,29,3,1,6382,0.10390038992021737,0.28615189355076254,0.38472241232451043,0.2252253042045096,3.1700000000000004,6.34,5.42,7.13
2011-07-25,5533,790,3008,1370,17539.61,5008.6,16303.36,9768.1,48619.67,2011,7,0,25,30,3,0,10701,0.3607513173166334,0.10301591927711563,0.3353243656322637,0.20090839777398736,3.17,6.340000000000001,5.42,7.13
2011-07-26,2394,2624,3755,301,7588.98,16636.16,20352.1,2146.13,46723.37,2011,7,1,26,30,3,0,9074,0.1624236436712506,0.3560565087663839,0.43558715905980233,0.04593268850256307,3.17,6.34,5.42,7.130000000000001
2011-07-27,942,1449,5184,1013,2986.14,9186.66,28097.28,7222.69,47492.77,2011,7,2,27,30,3,0,8588,0.06287567560283386,0.1934328109310112,0.5916117337438941,0.1520797797222609,3.17,6.34,5.42,7.13
2011-07-28,974,1473,3836,882,3087.58,9338.82,20791.12,6288.66,39506.17999999999,2011,7,3,28,30,3,0,7165,0.07815435458452324,0.23638883840452307,0.5262751296126328,0.159181677398321,3.17,6.34,5.42,7.13
2011-07-29,2393,1391,5966,1581,7585.81,8818.94,32335.72,11272.53,60013.0,2011,7,4,29,30,3,0,11331,0.12640277939779715,0.14695049405962043,0.5388119240831153,0.18783480245946713,3.1700000000000004,6.340000000000001,5.42,7.130000000000001
2011-07-30,1927,3719,5941,744,6108.59,23578.46,32200.22,5304.72,67191.99,2011,7,5,30,30,3,1,12331,0.09091247334689745,0.35091176790566847,0.4792270626305308,0.07894869611690322,3.17,6.34,5.42,7.130000000000001
2011-07-31,4336,744,4717,667,13745.12,4716.96,25566.14,4755.71,48783.93,2011,7,6,31,30,3,1,10464,0.28175507795292426,0.09669085700967511,0.5240688890788421,0.09748517595855849,3.1700000000000004,6.34,5.42,7.13
2011-08-01,881,2083,4275,1395,2792.77,13206.22,23170.5,9946.35,49115.84,2011,8,0,1,31,3,0,8634,0.056860882354857416,0.2688790418732531,0.47175208649592476,0.20250798927596475,3.17,6.34,5.42,7.13
2011-08-02,377,1438,4673,650,1195.09,9116.92,25327.66,4634.5,40274.17,2011,8,1,2,31,3,0,7138,0.02967385795908395,0.2263713938735423,0.6288809924574486,0.11507375570992524,3.17,6.34,5.42,7.13
2011-08-03,4744,2578,5135,1093,15038.48,16344.52,27831.7,7793.09,67007.79,2011,8,2,3,31,3,0,13550,0.22442883133438665,0.2439196994856867,0.4153502152510925,0.11630125392883425,3.17,6.34,5.42,7.13
2011-08-04,7518,3866,3513,1566,23832.06,24510.44,19040.46,11165.58,78548.54,2011,8,3,4,31,3,0,16463,0.30340551205662136,0.31204195520375044,0.2424037416863509,0.14214879105327738,3.1700000000000004,6.34,5.42,7.13
2011-08-05,3810,3660,3613,646,12077.7,23204.4,19582.46,4605.98,59470.54000000001,2011,8,4,5,31,3,0,11729,0.2030871083396922,0.3901831057864953,0.32928000990070033,0.07744977597311205,3.1700000000000004,6.340000000000001,5.42,7.129999999999999
2011-08-06,2006,3021,723,1599,6359.02,19153.14,3918.66,11400.87,40831.69,2011,8,5,6,31,3,1,7349,0.15573736967536733,0.46907536768622604,0.09597104601842342,0.27921621661998314,3.1700000000000004,6.34,5.42,7.130000000000001
2011-08-07,7996,2672,3317,1163,25347.32,16940.48,17978.14,8292.19,68558.13,2011,8,6,7,31,3,1,15148,0.3697201192622961,0.24709658796119438,0.26223206496443235,0.12095122781207714,3.17,6.34,5.42,7.130000000000001
2011-08-08,4517,3855,2217,1318,14318.89,24440.7,12016.14,9397.34,60173.06999999999,2011,8,0,8,32,3,0,11907,0.2379617659527759,0.40617339284832904,0.1996929855830856,0.15617185561580954,3.17,6.34,5.42,7.13
2011-08-09,6869,3710,385,1470,21774.73,23521.4,2086.7,10481.1,57863.93,2011,8,1,9,32,3,0,12434,0.3763092137018692,0.4064950306693652,0.036062189346627506,0.18113356628213811,3.17,6.340000000000001,5.42,7.13
2011-08-10,4213,2039,4267,885,13355.21,12927.26,23127.14,6310.05,55719.66,2011,8,2,10,32,3,0,11404,0.23968577697710283,0.23200536399540125,0.415062475255592,0.11324638377190384,3.17,6.34,5.42,7.13
2011-08-11,1626,261,4407,1308,5154.42,1654.74,23885.94,9326.04,40021.14,2011,8,3,11,32,3,0,7602,0.1287924331990543,0.04134664829637537,0.5968330737205386,0.23302784478403166,3.17,6.34,5.42,7.130000000000001
2011-08-12,6939,3374,5423,1719,21996.63,21391.16,29392.66,12256.47,85036.92,2011,8,4,12,32,3,0,17455,0.2586715276141234,0.251551443772893,0.34564586770075867,0.14413116091222494,3.17,6.34,5.42,7.13
2011-08-13,2697,2842,256,1594,8549.49,18018.28,1387.52,11365.22,39320.51,2011,8,5,13,32,3,1,7389,0.2174308013807552,0.4582412588239572,0.03528743650578286,0.2890405032895046,3.17,6.34,5.42,7.13
2011-08-14,3621,3869,4746,799,11478.57,24529.46,25723.32,5696.87,67428.22,2011,8,6,14,32,3,1,13035,0.17023391689710923,0.36378626041144196,0.3814919035383108,0.08448791915313796,3.17,6.34,5.42,7.13
2011-08-15,6487,358,4249,302,20563.79,2269.72,23029.58,2153.26,48016.350000000006,2011,8,0,15,33,3,0,11396,0.4282664134195956,0.047269732080843285,0.4796195462587223,0.0448443082408388,3.17,6.34,5.420000000000001,7.130000000000001
2011-08-16,569,1323,928,279,1803.73,8387.82,5029.76,1989.27,17210.579999999998,2011,8,1,16,33,3,0,3099,0.10480355688187151,0.4873641678548893,0.2922481403880637,0.11558413487517563,3.17,6.34,5.42,7.13
2011-08-17,5181,3587,1723,830,16423.77,22741.58,9338.66,5917.9,54421.91000000001,2011,8,2,17,33,3,0,11321,0.3017859902381228,0.41787544759086914,0.17159743199016717,0.10874113018084074,3.17,6.340000000000001,5.42,7.13
2011-08-18,4625,2790,2968,722,14661.25,17688.6,16086.56,5147.86,53584.27,2011,8,3,18,33,3,0,11105,0.2736110802666529,0.3301080708946861,0.3002104908772668,0.09607035796139426,3.17,6.34,5.42,7.13
2011-08-19,3560,3584,908,1278,11285.2,22722.56,4921.36,9112.14,48041.26,2011,8,4,19,33,3,0,9330,0.2349064116969455,0.47298010085497344,0.10244027737823695,0.1896732100698441,3.1700000000000004,6.340000000000001,5.42,7.13
2011-08-20,1159,308,3551,376,3674.03,1952.72,19246.42,2680.88,27554.05,2011,8,5,20,33,3,1,5394,0.13333901912785961,0.07086871077028604,0.698496954168262,0.09729531593359235,3.1700000000000004,6.34,5.42,7.13
2011-08-21,6072,3939,798,608,19248.24,24973.26,4325.16,4335.04,52881.7,2011,8,6,21,33,3,1,11417,0.3639867855987989,0.47224767736286843,0.0817893524603029,0.08197618457802983,3.1700000000000004,6.34,5.42,7.13
2011-08-22,4345,1739,4614,356,13773.65,11025.26,25007.88,2538.28,52345.07,2011,8,0,22,34,3,0,11054,0.2631317524267328,0.21062652127506945,0.47775043571438536,0.04849129058381239,3.17,6.34,5.42,7.130000000000001
2011-08-23,4532,1526,3813,934,14366.44,9674.84,20666.46,6659.42,51367.16,2011,8,1,23,34,3,0,10805,0.27968141512982225,0.18834679589060402,0.402328257976497,0.12964353100307666,3.17,6.34,5.42,7.13
2011-08-24,781,2871,2509,252,2475.77,18202.14,13598.78,1796.76,36073.45,2011,8,2,24,34,3,0,6413,0.06863136184645495,0.5045855054063307,0.3769747556721079,0.049808377075106484,3.17,6.34,5.42,7.13
2011-08-25,1763,3022,2505,1764,5588.71,19159.48,13577.1,12577.32,50902.61,2011,8,3,25,34,3,0,9054,0.10979220908318846,0.37639484497946174,0.26672699101283803,0.2470859549245117,3.17,6.34,5.42,7.13
2011-08-26,4914,1502,5703,1029,15577.38,9522.68,30910.26,7336.77,63347.09,2011,8,4,26,34,3,0,13148,0.24590521837703988,0.15032545299239478,0.48795074880314154,0.11581857982742381,3.17,6.34,5.42,7.130000000000001
2011-08-27,3758,2253,2487,1905,11912.86,14284.02,13479.54,13582.65,53259.07,2011,8,5,27,34,3,1,10403,0.22367758205316016,0.2681988251015273,0.2530937922873982,0.25502980055791435,3.1700000000000004,6.34,5.42,7.13
2011-08-28,762,2386,2383,1619,2415.54,15127.24,12915.86,11543.47,42002.11,2011,8,6,28,34,3,1,7150,0.05750996795161005,0.36015428748698575,0.3075050277236072,0.2748307168377969,3.17,6.34,5.42,7.13
2011-08-29,3288,1660,2464,635,10422.96,10524.4,13354.88,4527.55,38829.79,2011,8,0,29,35,3,0,8047,0.26842689594767316,0.2710393231588427,0.3439338713910119,0.1165999095024722,3.17,6.34,5.42,7.13
2011-08-31,4548,1484,1596,1974,14417.16,9408.56,8650.32,14074.62,46550.66,2011,8,2,31,35,3,0,9602,0.3097090352746878,0.20211442759350778,0.18582593673215372,0.3023506003996506,3.17,6.34,5.42,7.130000000000001
2011-09-01,3894,1176,1942,999,12343.98,7455.84,10525.64,7122.87,37448.33,2011,9,3,1,35,3,0,8011,0.3296269820309744,0.19909672874598144,0.28107101171133664,0.19020527751170746,3.17,6.34,5.42,7.13
2011-09-02,2407,2033,3516,411,7630.19,12889.22,19056.72,2930.43,42506.560000000005,2011,9,4,2,35,3,0,8367,0.17950617504686334,0.303228960423991,0.4483242116040442,0.06894065292510143,3.17,6.34,5.42,7.13
2011-09-03,7323,2031,2960,1909,23213.91,12876.54,16043.2,13611.17,65744.81999999999,2011,9,5,3,35,3,1,14223,0.35309108763245534,0.19585634275065325,0.24402226669720903,0.20703030291968252,3.17,6.340000000000001,5.42,7.13
2011-09-04,4013,1595,4656,1245,12721.21,10112.3,25235.52,8876.85,56945.88,2011,9,6,4,35,3,1,11509,0.22339122689824092,0.17757737697617457,0.4431491795367813,0.15588221658880327,3.17,6.34,5.42,7.13
2011-09-05,6646,2125,1835,1588,21067.82,13472.5,9945.7,11322.44,55808.46000000001,2011,9,0,5,36,3,0,12194,0.3775022639936669,0.2414060520573404,0.17821133211703027,0.20288035183196237,3.17,6.34,5.420000000000001,7.13
2011-09-06,4900,478,5455,812,15533.0,3030.52,29566.1,5789.56,53919.17999999999,2011,9,1,6,36,3,0,11645,0.28807930684405814,0.056204860682228484,0.5483410541480787,0.1073747783256348,3.17,6.34,5.42,7.130000000000001
2011-09-07,570,2724,2303,1659,1806.9,17270.16,12482.26,11828.67,43387.99,2011,9,2,7,36,3,0,7256,0.04164516494080505,0.39804010280264196,0.28768928913277614,0.2726254431237769,3.1700000000000004,6.34,5.42,7.13
2011-09-08,5865,3959,1955,2000,18592.05,25100.06,10596.1,14260.0,68548.20999999999,2011,9,3,8,36,3,0,13779,0.2712259007200918,0.3661665271784632,0.1545787993588746,0.20802877274257053,3.17,6.340000000000001,5.42,7.13
2011-09-09,2088,2057,1021,1877,6618.96,13041.38,5533.82,13383.01,38577.17,2011,9,4,9,36,3,0,7043,0.17157712709356338,0.3380595310646167,0.14344805489879117,0.34691528694302876,3.17,6.34,5.42,7.13
2011-09-10,828,1422,2330,385,2624.76,9015.48,12628.6,2745.05,27013.89,2011,9,5,10,36,3,1,4965,0.09716334818865408,0.3337349785610291,0.4674854306432728,0.10161624260704402,3.1700000000000004,6.34,5.42,7.130000000000001
2011-09-11,2908,1678,2921,791,9218.36,10638.52,15831.82,5639.83,41328.53,2011,9,6,11,36,3,1,8298,0.22305075936647156,0.2574134623225167,0.3830724199481569,0.13646335836285492,3.1700000000000004,6.34,5.42,7.13
2011-09-12,3307,3156,3783,962,10483.19,20009.04,20503.86,6859.06,57855.15,2011,9,0,12,37,3,0,11208,0.181197179507788,0.34584717177295365,0.35439991081174277,0.11855573790751558,3.1700000000000004,6.34,5.42,7.130000000000001
2011-09-13,2533,1559,2148,1305,8029.61,9884.06,11642.16,9304.65,38860.48,2011,9,1,13,37,3,0,7545,0.20662662941888518,0.25434734722782626,0.2995886823837482,0.23943734096954022,3.17,6.34,5.42,7.13
2011-09-14,2006,2199,1418,787,6359.02,13941.66,7685.56,5611.31,33597.55,2011,9,2,14,37,3,0,6410,0.18927034858196506,0.4149606146876781,0.2287535847107899,0.1670154520195669,3.1700000000000004,6.34,5.42,7.130000000000001
2011-09-15,3149,3848,4622,1556,9982.33,24396.32,25051.24,11094.28,70524.17,2011,9,3,15,37,3,0,13175,0.14154480655355461,0.34592849515279656,0.35521495680133497,0.15731174149231392,3.17,6.34,5.42,7.130000000000001
2011-09-16,5173,536,2314,1084,16398.41,3398.24,12541.88,7728.92,40067.45,2011,9,4,16,37,3,0,9107,0.4092701182630789,0.08481298410555202,0.3130191714221893,0.19289772620917978,3.17,6.34,5.42,7.13
2011-09-17,6945,452,4074,1685,22015.65,2865.68,22081.08,12014.05,58976.46000000001,2011,9,5,17,37,3,1,13156,0.3732955487664061,0.04859023413748468,0.3744049744593012,0.20370924263680795,3.1700000000000004,6.34,5.420000000000001,7.13
2011-09-18,5517,554,402,1496,17488.89,3512.36,2178.84,10666.48,33846.57,2011,9,6,18,37,3,1,7969,0.5167108513506686,0.10377299679110764,0.06437402667389931,0.31514212518432444,3.17,6.34,5.42,7.13
2011-09-19,7286,658,3074,1787,23096.62,4171.72,16661.08,12741.31,56670.73,2011,9,0,19,38,3,0,12805,0.4075581874452649,0.07361330972796716,0.2939979774391472,0.22483052538762072,3.17,6.340000000000001,5.420000000000001,7.13
2011-09-20,1060,298,3553,359,3360.2,1889.32,19257.26,2559.67,27066.45,2011,9,1,20,38,3,0,5270,0.12414631397911435,0.06980302182221902,0.711480818504089,0.0945698456945776,3.17,6.34,5.42,7.13
2011-09-21,4574,1277,5612,1982,14499.58,8096.18,30417.04,14131.66,67144.46,2011,9,2,21,38,3,0,13445,0.21594603635206833,0.1205785257637041,0.45300893029745115,0.21046650758677632,3.17,6.34,5.42,7.13
2011-09-22,6976,824,946,1860,22113.92,5224.16,5127.32,13261.8,45727.2,2011,9,3,22,38,3,0,10606,0.483605381479732,0.11424622544131283,0.11212844871323852,0.2900199443657167,3.17,6.34,5.42,7.13
2011-09-23,6260,680,4201,883,19844.2,4311.2,22769.42,6295.79,53220.61,2011,9,4,23,38,3,0,12024,0.37286682734376775,0.08100621169129778,0.4278308722880102,0.11829608867692422,3.17,6.34,5.42,7.13
2011-09-24,2739,1893,5435,1152,8682.63,12001.62,29457.7,8213.76,58355.71,2011,9,5,24,38,3,1,11219,0.14878801063340671,0.20566316475285795,0.5047955033020762,0.14075332131165913,3.17,6.340000000000001,5.42,7.13
2011-09-25,4962,657,5358,1011,15729.54,4165.38,29040.36,7208.43,56143.71,2011,9,6,25,38,3,1,11988,0.280165667712376,0.07419139205442604,0.5172504631418194,0.12839247709137855,3.1700000000000004,6.34,5.42,7.13
2011-09-26,6734,3868,4565,739,21346.78,24523.12,24742.3,5269.07,75881.26999999999,2011,9,0,26,39,3,0,15906,0.2813181698197724,0.32317751139378664,0.3260659712205661,0.06943834756587496,3.17,6.34,5.42,7.13
2011-09-27,2206,3056,3219,1095,6993.02,19375.04,17446.98,7807.35,51622.39,2011,9,1,27,39,3,0,9576,0.13546486321148635,0.375322413394653,0.3379731159289603,0.15123960746490042,3.1700000000000004,6.34,5.42,7.13
2011-09-28,3293,451,4815,1574,10438.81,2859.34,26097.3,11222.62,50618.07,2011,9,2,28,39,3,0,10133,0.20622694622691065,0.056488522774574376,0.5155727984097379,0.2217117325887771,3.17,6.340000000000001,5.42,7.130000000000001
2011-09-29,6354,2249,1182,1463,20142.18,14258.66,6406.44,10431.19,51238.47,2011,9,3,29,39,3,0,11248,0.39310658573528834,0.27828036239177323,0.12503183643071308,0.20358121544222535,3.17,6.34,5.42,7.130000000000001
2011-09-30,4479,2899,370,1132,14198.43,18379.66,2005.4,8071.16,42654.65,2011,9,4,30,39,3,0,8880,0.3328694526856978,0.4308946386853485,0.04701480377872049,0.1892211048502332,3.17,6.34,5.42,7.13
2011-10-01,4446,2415,909,710,14093.82,15311.1,4926.78,5062.3,39394.0,2011,10,5,1,39,4,1,8480,0.3577656495913083,0.38866578666802054,0.12506422297811848,0.12850434076255268,3.17,6.34,5.42,7.13
2011-10-02,2223,2722,4367,876,7046.91,17257.48,23669.14,6245.88,54219.41,2011,10,6,2,39,4,1,10188,0.1299702449731563,0.31828970473857976,0.43654366582004483,0.11519638446821903,3.17,6.34,5.42,7.13
2011-10-03,6148,3008,3496,421,19489.16,19070.72,18948.32,3001.73,60509.93000000001,2011,10,0,3,40,4,0,13073,0.3220820119937339,0.31516678336927506,0.3131439748814781,0.04960722975551285,3.17,6.340000000000001,5.42,7.13
2011-10-04,4169,547,2103,1303,13215.73,3467.98,11398.26,9290.39,37372.36,2011,10,1,4,40,4,0,8122,0.3536231054180148,0.09279531718093265,0.3049917104512533,0.24858986694979923,3.17,6.34,5.42,7.13
2011-10-05,973,415,1371,1215,3084.41,2631.1,7430.82,8662.95,21809.28,2011,10,2,5,40,4,0,3974,0.1414264936760865,0.12064130498576753,0.34071826305132497,0.39721393828682106,3.17,6.34,5.42,7.130000000000001
2011-10-06,6945,1183,5025,1018,22015.65,7500.22,27235.5,7258.34,64009.71000000001,2011,10,3,6,40,4,0,14171,0.34394234874677604,0.11717316013461082,0.4254901326689341,0.11339435844967895,3.1700000000000004,6.34,5.42,7.13
2011-10-07,4838,2021,4597,850,15336.46,12813.14,24915.74,6060.5,59125.84,2011,10,4,7,40,4,0,12306,0.2593867588181411,0.2167096484379757,0.42140187775767757,0.1025017149862057,3.17,6.34,5.42,7.13
2011-10-08,5842,2736,2043,1428,18519.14,17346.24,11073.06,10181.64,57120.08,2011,10,5,8,40,4,1,12049,0.32421418177285466,0.30368024694643286,0.19385582093022277,0.17824975035048968,3.17,6.340000000000001,5.42,7.13
2011-10-09,4432,3386,2730,788,14049.44,21467.24,14796.6,5618.44,55931.72,2011,10,6,9,40,4,1,11336,0.2511891284587708,0.3838115473652518,0.26454755905951044,0.100451765116467,3.17,6.340000000000001,5.42,7.13
2011-10-10,913,2127,2791,1959,2894.21,13485.18,15127.22,13967.67,45474.28,2011,10,0,10,41,4,0,7790,0.06364498789205679,0.29654521193078814,0.3326544147592881,0.30715538541786697,3.17,6.34,5.42,7.13
2011-10-11,4887,2621,4349,1627,15491.79,16617.14,23571.58,11600.51,67281.02,2011,10,1,11,41,4,0,13484,0.2302549812710925,0.24698109511419414,0.3503451642082715,0.1724187594064418,3.1700000000000004,6.34,5.420000000000001,7.13
2011-10-12,3765,2648,435,833,11935.05,16788.32,2357.7,5939.29,37020.36,2011,10,2,12,41,4,0,7681,0.322391516452028,0.4534888369535034,0.0636865767917978,0.16043306980267075,3.17,6.34,5.42,7.13
2011-10-13,7587,2626,717,965,24050.79,16648.84,3886.14,6880.45,51466.22,2011,10,3,13,41,4,0,11895,0.46731215154328415,0.3234906313306087,0.07550855687478117,0.133688660251326,3.17,6.34,5.42,7.13
2011-10-14,6886,1309,3945,1280,21828.62,8299.06,21381.9,9126.4,60635.98,2011,10,4,14,41,4,0,13420,0.35999451150950307,0.1368669229061689,0.3526272684963614,0.15051129708796657,3.17,6.34,5.42,7.13
2011-10-15,6268,1327,1552,1022,19869.56,8413.18,8411.84,7286.86,43981.44,2011,10,5,15,41,4,1,10169,0.45177147451288546,0.19128932567919557,0.19125885828203895,0.16568034152588,3.1700000000000004,6.34,5.42,7.13
2011-10-16,538,958,300,767,1705.46,6073.72,1626.0,5468.71,14873.89,2011,10,6,16,41,4,1,2563,0.1146613293496187,0.4083477825908354,0.10931908196174639,0.3676718060977996,3.17,6.34,5.42,7.13
2011-10-17,5751,876,318,1185,18230.67,5553.84,1723.56,8449.05,33957.119999999995,2011,10,0,17,42,4,0,8130,0.5368732684043876,0.16355450638923444,0.050756954653398176,0.24881527055297978,3.1699999999999995,6.34,5.42,7.129999999999999
2011-10-18,3444,938,1142,1590,10917.48,5946.92,6189.64,11336.7,34390.740000000005,2011,10,1,18,42,4,0,7114,0.31745405885421474,0.17292212961977554,0.17997984341133688,0.3296439681146727,3.17,6.34,5.42,7.130000000000001
2011-10-19,1775,3210,4205,1475,5626.75,20351.4,22791.1,10516.75,59286.0,2011,10,2,19,42,4,0,10665,0.09490857875383733,0.34327497216880887,0.38442634011402355,0.1773901089633303,3.17,6.340000000000001,5.42,7.13
2011-10-20,7874,3195,4726,1701,24960.58,20256.3,25614.92,12128.13,82959.93000000001,2011,10,3,20,42,4,0,17496,0.3008751333324413,0.24416968529264668,0.308762555609678,0.14619262576523387,3.1700000000000004,6.34,5.42,7.13
2011-10-21,1023,2541,2442,653,3242.91,16109.94,13235.64,4655.89,37244.38,2011,10,4,21,42,4,0,6659,0.08707112321375736,0.4325468701586656,0.3553728106092785,0.12500919601829863,3.17,6.34,5.42,7.130000000000001
2011-10-22,920,825,4619,1876,2916.4,5230.5,25034.98,13375.88,46557.76,2011,10,5,22,42,4,1,8240,0.06264047067556515,0.11234432240726358,0.5377187390458648,0.28729646787130647,3.17,6.34,5.42,7.13
2011-10-23,5950,1989,4337,685,18861.5,12610.26,23506.54,4884.05,59862.350000000006,2011,10,6,23,42,4,1,12961,0.31508118207855185,0.2106542760182318,0.39267653207734077,0.08158800982587552,3.17,6.34,5.42,7.13
2011-10-24,4290,1761,4022,1311,13599.3,11164.74,21799.24,9347.43,55910.71,2011,10,0,24,43,4,0,11384,0.24323246834103876,0.19968875372893674,0.389893814619775,0.1671849633102495,3.17,6.34,5.420000000000001,7.13
2011-10-25,3525,583,4427,1195,11174.25,3696.22,23994.34,8520.35,47385.16,2011,10,1,25,43,4,0,9730,0.2358175006689858,0.078003746320578,0.5063682384949212,0.17981051451551497,3.17,6.34,5.42,7.13
2011-10-26,6179,2933,600,748,19587.43,18595.22,3252.0,5333.24,46767.89,2011,10,2,26,43,4,0,10460,0.4188221876163325,0.39760656296446134,0.06953488814654671,0.11403636127265951,3.17,6.340000000000001,5.42,7.13
2011-10-27,7806,1309,2961,1896,24745.02,8299.06,16048.62,13518.48,62611.18000000001,2011,10,3,27,43,4,0,13972,0.39521727589226074,0.13254917093081456,0.2563219540024641,0.2159115991744605,3.17,6.34,5.42,7.13
2011-10-28,4256,2133,4999,313,13491.52,13523.22,27094.58,2231.69,56341.01,2011,10,4,28,43,4,0,11701,0.239461805885269,0.24002445110586407,0.48090334198836693,0.03961040102049999,3.17,6.34,5.42,7.13
2011-10-29,272,381,5848,443,862.24,2415.54,31696.16,3158.59,38132.53,2011,10,5,29,43,4,1,6944,0.022611665158330695,0.0633459148920882,0.8312105176341564,0.08283190231542466,3.17,6.34,5.42,7.13
2011-10-30,4954,2227,1375,1874,15704.18,14119.18,7452.5,13361.62,50637.48,2011,10,6,30,43,4,1,10430,0.31012957200871766,0.27882864629124515,0.14717359552647563,0.26386818617356156,3.17,6.34,5.42,7.130000000000001
2011-11-01,6045,1066,3567,1956,19162.65,6758.44,19333.14,13946.28,59200.51,2011,11,1,1,44,4,0,12634,0.3236906236111817,0.11416185434888988,0.3265704974501064,0.23557702458982194,3.1700000000000004,6.34,5.42,7.13
2011-11-02,3828,843,5711,787,12134.76,5344.62,30953.62,5611.31,54044.31,2011,11,2,2,44,4,0,11169,0.22453353553778374,0.09889329700018375,0.5727452159163472,0.1038279515456854,3.17,6.34,5.42,7.130000000000001
2011-11-03,408,1468,653,1029,1293.36,9307.12,3539.26,7336.77,21476.51,2011,11,3,3,44,4,0,3558,0.06022207518819399,0.43336277635425874,0.16479679426499,0.3416183541925574,3.17,6.340000000000001,5.42,7.130000000000001
2011-11-04,3009,2691,422,1209,9538.53,17060.94,2287.24,8620.17,37506.88,2011,11,4,4,44,4,0,7331,0.25431414183211193,0.45487494560997876,0.06098187852468667,0.22982903403322272,3.1700000000000004,6.34,5.419999999999999,7.13
2011-11-05,6034,1156,1667,1162,19127.78,7329.04,9035.14,8285.06,43777.02,2011,11,5,5,44,4,1,10019,0.43693654798796266,0.16741751722707485,0.20639001923840408,0.18925591554655843,3.17,6.34,5.42,7.13
2011-11-06,5920,2458,3343,997,18766.4,15583.72,18119.06,7108.61,59577.79000000001,2011,11,6,6,44,4,1,12718,0.3149898645115906,0.26156928613834113,0.30412440609159885,0.11931644325846928,3.1700000000000004,6.34,5.420000000000001,7.13
2011-11-07,3453,641,4602,490,10946.01,4063.94,24942.84,3493.7,43446.49,2011,11,0,7,45,4,0,9186,0.2519423318201309,0.09353897173281432,0.5741048356265374,0.08041386082051738,3.17,6.34,5.42,7.13
2011-11-08,4159,636,4133,1647,13184.03,4032.24,22400.86,11743.11,51360.240000000005,2011,11,1,8,45,4,0,10575,0.25669720390714684,0.07850897893000498,0.4361517781069559,0.22864203905589225,3.1700000000000004,6.34,5.42,7.130000000000001
2011-11-09,5149,2704,1052,1400,16322.33,17143.36,5701.84,9982.0,49149.53,2011,11,2,9,45,4,0,10305,0.33209534251904343,0.34880008008214936,0.1160100615407716,0.20309451585803567,3.17,6.34,5.42,7.13
2011-11-10,6538,3994,781,684,20725.46,25321.96,4233.02,4876.92,55157.36,2011,11,3,10,45,4,0,11997,0.375751486293035,0.459085786556862,0.07674442721696616,0.08841829993313675,3.17,6.34,5.420000000000001,7.13
2011-11-11,2924,1779,4618,833,9269.08,11278.86,25029.56,5939.29,51516.79,2011,11,4,11,45,4,0,10154,0.17992347737504608,0.21893561303023734,0.485852476445058,0.11528843314965859,3.17,6.340000000000001,5.42,7.13
2011-11-12,7315,2152,2191,1750,23188.55,13643.68,11875.22,12477.5,61184.95,2011,11,5,12,45,4,1,13408,0.3789910754196906,0.22299078449847554,0.19408727146136429,0.20393086862046958,3.17,6.34,5.42,7.13
2011-11-13,1944,867,806,1566,6162.48,5496.78,4368.52,11165.58,27193.36,2011,11,6,13,45,4,1,5183,0.22661708593568428,0.20213684517102704,0.16064656960375623,0.41059949928953243,3.17,6.34,5.420000000000001,7.13
2011-11-14,3204,3748,1413,513,10156.68,23762.32,7658.46,3657.69,45235.15,2011,11,0,14,46,4,0,8878,0.22453070234098926,0.5253065370624392,0.16930329621986442,0.08085946437670705,3.17,6.34,5.42,7.13
2011-11-15,352,1678,4996,1195,1115.84,10638.52,27078.32,8520.35,47353.03,2011,11,1,15,46,4,0,8221,0.0235642787800485,0.22466397609614422,0.5718392254941236,0.17993251962968368,3.17,6.34,5.42,7.13
2011-11-16,6659,2614,2739,539,21109.03,16572.76,14845.38,3843.07,56370.23999999999,2011,11,2,16,46,4,0,12551,0.37447117486106146,0.29399839347854473,0.26335491919140314,0.06817551246899074,3.17,6.339999999999999,5.42,7.13
2011-11-17,1891,2797,1348,848,5994.47,17732.98,7306.16,6046.24,37079.85,2011,11,3,17,46,4,0,6884,0.1616638147133821,0.4782376411986564,0.19703855328433098,0.16305999080363054,3.17,6.34,5.42,7.13
2011-11-18,5329,1500,921,608,16892.93,9510.0,4991.82,4335.04,35729.79,2011,11,4,18,46,4,0,8358,0.4727967894577606,0.26616445268779915,0.139710308960674,0.12132844889376623,3.17,6.34,5.42,7.13
2011-11-19,4246,2283,4580,930,13459.82,14474.22,24823.6,6630.9,59388.54,2011,11,5,19,46,4,1,12039,0.22664002179545076,0.2437207582472982,0.41798636571971626,0.11165285423753471,3.17,6.34,5.42,7.13
2011-11-20,4858,1380,5298,1579,15399.86,8749.2,28715.16,11258.27,64122.490000000005,2011,11,6,20,46,4,1,13115,0.24016316272184687,0.13644510685720407,0.4478172946808522,0.1755744357400968,3.17,6.340000000000001,5.42,7.13
2011-11-21,3601,1391,5394,685,11415.17,8818.94,29235.48,4884.05,54353.64,2011,11,0,21,47,4,0,11071,0.21001666125764532,0.162251139022152,0.537875292252736,0.08985690746746676,3.17,6.340000000000001,5.42,7.13
2011-11-22,331,706,971,1747,1049.27,4476.04,5262.82,12456.11,23244.24,2011,11,1,22,47,4,0,3755,0.04514107581060942,0.19256555602592296,0.2264139416905005,0.535879426472967,3.17,6.34,5.42,7.13
2011-11-23,800,2981,1059,1221,2536.0,18899.54,5739.78,8705.73,35881.05,2011,11,2,23,47,4,0,6061,0.07067797625766246,0.5267276180602295,0.15996689060102753,0.24262751508108038,3.17,6.34,5.42,7.13
2011-11-24,4043,3560,3609,1556,12816.31,22570.4,19560.78,11094.28,66041.77,2011,11,3,24,47,4,0,12768,0.19406369635459497,0.34175946525963796,0.2961880034408526,0.1679888349449144,3.17,6.340000000000001,5.42,7.130000000000001
2011-11-25,1626,2586,5137,419,5154.42,16395.24,27842.54,2987.47,52379.670000000006,2011,11,4,25,47,4,0,9768,0.09840497276901515,0.31300769936122164,0.5315524133695382,0.057034914500224985,3.17,6.340000000000001,5.42,7.13
2011-11-26,6068,318,1016,1108,19235.56,2016.12,5506.72,7900.04,34658.44,2011,11,5,26,47,4,1,8510,0.5550036297075114,0.058171112144689716,0.15888539703460397,0.22793986111319492,3.1700000000000004,6.34,5.42,7.13
2011-11-27,1695,3991,5861,1941,5373.15,25302.94,31766.62,13839.33,76282.04,2011,11,6,27,47,4,1,13488,0.07043794319082185,0.33170245578120355,0.4164364246158074,0.1814231764121673,3.17,6.34,5.42,7.13
2011-11-28,5078,1117,5877,642,16097.26,7081.78,31853.34,4577.46,59609.84,2011,11,0,28,48,4,0,12714,0.2700436706422967,0.11880219775795406,0.5343637896025221,0.07679034199722731,3.17,6.34,5.42,7.13
2011-11-29,4860,2740,1815,707,15406.2,17371.6,9837.3,5040.91,47656.01000000001,2011,11,1,29,48,4,0,10122,0.3232792673998515,0.36452065542205475,0.20642307234701346,0.10577700483108005,3.17,6.34,5.42,7.13
2011-11-30,5697,2447,1748,524,18059.49,15513.98,9474.16,3736.12,46783.75000000001,2011,11,2,30,48,4,0,10416,0.38602057338285195,0.3316104416597643,0.20250963208378975,0.07985935287359391,3.1700000000000004,6.34,5.42,7.13
2011-12-01,4718,3906,4908,689,14956.06,24764.04,26601.36,4912.57,71234.03,2011,12,3,1,48,4,0,14221,0.20995667379762173,0.34764339459665555,0.3734361231563061,0.06896380844941666,3.17,6.34,5.42,7.13
2011-12-02,7495,991,5875,1253,23759.15,6282.94,31842.5,8933.89,70818.48,2011,12,4,2,48,4,0,15614,0.33549364516154545,0.08871893325019119,0.4496354623821353,0.12615195920612812,3.1700000000000004,6.34,5.42,7.13
2011-12-03,2179,1109,436,1228,6907.43,7031.06,2363.12,8755.64,25057.25,2011,12,5,3,48,4,1,4952,0.2756659250316775,0.2805998263975496,0.09430883277294994,0.34942541579782294,3.17,6.340000000000001,5.42,7.13
2011-12-04,1829,320,4745,1654,5797.93,2028.8,25717.9,11793.02,45337.65000000001,2011,12,6,4,48,4,1,8548,0.12788333757925255,0.04474868018082101,0.5672526035204736,0.2601153787194528,3.1700000000000004,6.34,5.42,7.13
2011-12-05,7840,1224,1456,838,24852.8,7760.16,7891.52,5974.94,46479.42,2011,12,0,5,49,4,0,11358,0.5347054674950763,0.1669590541362177,0.16978525119289356,0.12855022717581244,3.17,6.34,5.42,7.13
2011-12-06,7416,2440,2323,622,23508.72,15469.6,12590.66,4434.86,56003.84,2011,12,1,6,49,4,0,12801,0.4197697872145911,0.27622391607432634,0.2248177982081229,0.0791884985029598,3.1700000000000004,6.34,5.42,7.13
2011-12-07,4940,1710,2477,1397,15659.8,10841.4,13425.34,9960.61,49887.15,2011,12,2,7,49,4,0,10524,0.31390448241681473,0.2173184878270256,0.26911419072847415,0.1996628390276855,3.17,6.34,5.42,7.130000000000001
2011-12-08,5349,1475,4706,1737,16956.33,9351.5,25506.52,12384.81,64199.16,2011,12,3,8,49,4,0,13267,0.2641207455050814,0.14566389965226959,0.3973030176718823,0.1929123371707667,3.1700000000000004,6.34,5.42,7.13
2011-12-09,1671,824,2998,646,5297.07,5224.16,16249.16,4605.98,31376.37,2011,12,4,9,49,4,0,6139,0.1688235445974152,0.16649982136238195,0.5178789005866516,0.14679773345355118,3.17,6.34,5.42,7.129999999999999
2011-12-10,4856,2098,1825,1777,15393.52,13301.32,9891.5,12670.01,51256.35,2011,12,5,10,49,4,1,10556,0.3003241549583613,0.25950579781822153,0.19298096723625463,0.24718907998716258,3.17,6.34,5.42,7.13
2011-12-11,3745,3029,4035,718,11871.65,19203.86,21869.7,5119.34,58064.55,2011,12,6,11,49,4,1,11527,0.2044560751784006,0.33073295151688936,0.3766446136239754,0.08816635968073464,3.17,6.34,5.42,7.13
2011-12-12,7639,2698,5939,1417,24215.63,17105.32,32189.38,10103.21,83613.54000000001,2011,12,0,12,50,4,0,17693,0.28961373959289366,0.20457595743464513,0.38497807890922925,0.12083222406323184,3.17,6.34,5.42,7.129999999999999
2011-12-13,1330,1080,5382,843,4216.1,6847.2,29170.44,6010.59,46244.33,2011,12,1,13,50,4,0,8635,0.09117009587986247,0.14806571962443826,0.6307895476050793,0.1299746368906199,3.1700000000000004,6.34,5.42,7.13
2011-12-14,3301,2631,3956,1091,10464.17,16680.54,21441.52,7778.83,56365.06,2011,12,2,14,50,4,0,10979,0.1856499398740993,0.2959375897053955,0.38040445623583125,0.13800801418467398,3.17,6.340000000000001,5.42,7.13
2011-12-15,7302,2015,3257,565,23147.34,12775.1,17652.94,4028.45,57603.83,2011,12,3,15,50,4,0,13139,0.40183682230851664,0.22177518404592195,0.3064542756965986,0.06993371794896276,3.17,6.34,5.42,7.13
2011-12-16,4047,3523,4391,1556,12828.99,22335.82,23799.22,11094.28,70058.31,2011,12,4,16,50,4,0,13517,0.1831187477973705,0.3188175678231462,0.33970588214303205,0.15835780223645132,3.17,6.34,5.42,7.130000000000001
2011-12-17,3427,1016,4341,1488,10863.59,6441.44,23528.22,10609.44,51442.69,2011,12,5,17,50,4,1,10272,0.2111784978584907,0.12521584699400437,0.4573676065540119,0.20623804859349307,3.17,6.34,5.42,7.130000000000001
2011-12-18,6587,2516,5399,1002,20880.79,15951.44,29262.58,7144.26,73239.06999999999,2011,12,6,18,50,4,1,15504,0.28510452139821,0.2177995979468336,0.3995487654335316,0.09754711522142487,3.17,6.34,5.42,7.13
2011-12-19,4594,480,4663,387,14562.98,3043.2,25273.46,2759.31,45638.95,2011,12,0,19,51,4,0,10124,0.31909103956160256,0.06667988636898965,0.5537695323840711,0.06045954168533676,3.17,6.34,5.42,7.13
2011-12-20,1122,683,5996,1229,3556.74,4330.22,32498.32,8762.77,49148.05,2011,12,1,20,51,4,0,9030,0.07236787624330974,0.08810563186128442,0.6612331516713277,0.17829334022407806,3.17,6.340000000000001,5.42,7.130000000000001
2011-12-21,2199,1067,3832,1846,6970.83,6764.78,20769.44,13161.98,47667.03,2011,12,2,21,51,4,0,8944,0.14624007411412038,0.1419173797906016,0.4357191962662662,0.27612334982901177,3.17,6.34,5.42,7.13
2011-12-22,1602,3549,2513,1963,5078.34,22500.66,13620.46,13996.19,55195.65,2011,12,3,22,51,4,0,9627,0.09200616352919117,0.40765277698514285,0.24676691007352933,0.25357414941213663,3.17,6.34,5.42,7.13
2011-12-23,467,1052,3673,1748,1480.39,6669.68,19907.66,12463.24,40520.97,2011,12,4,23,51,4,0,6940,0.03653392305268112,0.16459823148359973,0.4912927800099553,0.3075750654537638,3.1700000000000004,6.34,5.42,7.13
2011-12-24,7289,2475,5561,1259,23106.13,15691.5,30140.62,8976.67,77914.92,2011,12,5,24,51,4,1,16584,0.2965559099592222,0.20139274993800932,0.3868401584702904,0.1152111816324781,3.17,6.34,5.42,7.13
2011-12-25,6624,2497,496,589,20998.08,15830.98,2688.32,4199.57,43716.95,2011,12,6,25,51,4,1,10206,0.48031896095221654,0.36212453064543615,0.06149376843535517,0.0960627399669922,3.1700000000000004,6.34,5.42,7.13
2011-12-26,6261,3129,3817,439,19847.37,19837.86,20688.14,3130.07,63503.44,2011,12,0,26,52,4,0,13646,0.31254007656908034,0.31239032090230073,0.32577983176974346,0.049289770758875424,3.17,6.34,5.42,7.130000000000001
2011-12-27,754,1373,4419,513,2390.18,8704.82,23950.98,3657.69,38703.67,2011,12,1,27,52,4,0,7059,0.061755900667817804,0.2249094207345195,0.618829687210541,0.09450499138712169,3.17,6.34,5.42,7.13
2011-12-28,3961,1725,1046,1425,12556.37,10936.5,5669.32,10160.25,39322.44,2011,12,2,28,52,4,0,8157,0.31931818066223766,0.2781236362748598,0.1441751834321573,0.2583829996307452,3.1700000000000004,6.34,5.42,7.13
2011-12-29,4534,1081,4677,1229,14372.78,6853.54,25349.34,8762.77,55338.43000000001,2011,12,3,29,52,4,0,11521,0.25972511327119324,0.1238477492043052,0.4580784095248094,0.15834872799969207,3.17,6.34,5.42,7.130000000000001
2011-12-30,5799,2555,2348,1842,18382.83,16198.7,12726.16,13133.46,60441.15,2011,12,4,30,52,4,0,12544,0.3041442791872756,0.26800780594015833,0.21055456423314248,0.21729335063942362,3.1700000000000004,6.34,5.42,7.13
2012-01-01,4509,2807,4654,1532,14293.53,17796.38,25224.68,10923.16,68237.75,2012,1,6,1,52,1,1,13502,0.20946660755959862,0.2607996307029467,0.36965872995519344,0.1600750317822613,3.17,6.340000000000001,5.42,7.13
2012-01-02,4812,1085,5234,1706,15254.04,6878.9,28368.28,12163.78,62665.0,2012,1,0,2,1,1,0,12837,0.24342200590441238,0.1097726003351153,0.45269735897231306,0.19410803478815927,3.1700000000000004,6.34,5.42,7.130000000000001
2012-01-03,6273,3917,4132,1284,19885.41,24833.78,22395.44,9154.92,76269.55,2012,1,1,3,1,1,0,15606,0.260725414008605,0.32560543493438726,0.29363540233291,0.12003374872409762,3.17,6.34,5.42,7.13
2012-01-04,3508,1432,3428,786,11120.36,9078.88,18579.76,5604.18,44383.18,2012,1,2,4,1,1,0,9154,0.2505534754382178,0.20455677128137278,0.41862164901208065,0.12626810426832868,3.1700000000000004,6.34,5.42,7.130000000000001
2012-01-05,2904,2928,5457,1620,9205.68,18563.52,29576.94,11550.6,68896.74,2012,1,3,5,1,1,0,12909,0.1336156108402226,0.26943974417367206,0.4292937517798374,0.1676508932062678,3.17,6.34,5.42,7.13
2012-01-06,430,3180,2879,900,1363.1,20161.2,15604.18,6417.0,43545.48,2012,1,4,6,1,1,0,7389,0.03130290445759238,0.4629917961634594,0.3583421287352901,0.14736317064365806,3.17,6.34,5.42,7.13
2012-01-07,878,3222,4327,857,2783.26,20427.48,23452.34,6110.41,52773.490000000005,2012,1,5,7,1,1,1,9284,0.05273973731886976,0.38707843654077073,0.44439623000108575,0.1157855961392737,3.1700000000000004,6.34,5.42,7.13
2012-01-08,4280,3179,5966,836,13567.6,20154.86,32335.72,5960.68,72018.85999999999,2012,1,6,8,1,1,1,14261,0.18838954129515523,0.27985530456883106,0.44898961188777503,0.08276554224823889,3.17,6.34,5.42,7.130000000000001
2012-01-09,6105,1528,569,387,19352.85,9687.52,3083.98,2759.31,34883.66,2012,1,0,9,2,1,0,8589,0.5547826690203951,0.2777093917324042,0.08840758108524162,0.07910035816195891,3.17,6.34,5.42,7.13
2012-01-10,7898,1995,4424,1270,25036.66,12648.3,23978.08,9055.1,70718.14,2012,1,1,10,2,1,0,15587,0.35403448111050434,0.17885509997859106,0.3390654788149123,0.12804494009599235,3.17,6.34,5.420000000000001,7.13
2012-01-11,7028,2044,1789,1689,22278.76,12958.96,9696.38,12042.57,56976.67,2012,1,2,11,2,1,0,12550,0.3910154805466869,0.2274432675689892,0.17018158484867577,0.2113596670356481,3.17,6.34,5.42,7.13
2012-01-12,7482,1572,1647,1483,23717.94,9966.48,8926.74,10573.79,53184.95,2012,1,3,12,2,1,0,12184,0.4459520973508483,0.18739286207846392,0.1678433466610385,0.19881169390964928,3.17,6.34,5.42,7.130000000000001
2012-01-13,5751,2376,282,1669,18230.67,15063.84,1528.44,11899.97,46722.92,2012,1,4,13,2,1,0,10078,0.3901868718821512,0.3224079316960498,0.03271285270697979,0.2546923437148192,3.1699999999999995,6.34,5.42,7.13
2012-01-14,4345,534,3409,1738,13773.65,3385.56,18476.78,12391.94,48027.93,2012,1,5,14,2,1,1,10026,0.28678416912825516,0.07049148276846409,0.3847090640800051,0.2580152840232756,3.17,6.34,5.42,7.13
2012-01-15,3301,2169,1336,1104,10464.17,13751.46,7241.12,7871.52,39328.27,2012,1,6,15,2,1,1,7910,0.26607247153256425,0.34965840094161277,0.18411997273208305,0.20014915479374001,3.17,6.34,5.42,7.130000000000001
2012-01-16,2341,3573,2447,1309,7420.97,22652.82,13262.74,9333.17,52669.7,2012,1,0,16,3,1,0,9670,0.1408963787528693,0.4300920643178146,0.2518096742529386,0.17720188267637751,3.17,6.34,5.42,7.13
2012-01-17,3725,1870,1253,645,11808.25,11855.8,6791.26,4598.85,35054.16,2012,1,1,17,3,1,0,7493,0.3368573088044329,0.33821378118888024,0.19373620705787842,0.13119270294880836,3.17,6.34,5.42,7.130000000000001
2012-01-18,3256,2761,1634,1936,10321.52,17504.74,8856.28,13803.68,50486.22,2012,1,2,18,3,1,0,9587,0.20444232109276553,0.34672312563705504,0.1754197482005981,0.2734148050695814,3.17,6.340000000000001,5.420000000000001,7.13
2012-01-19,7583,1825,1555,637,24038.11,11570.5,8428.1,4541.81,48578.52,2012,1,3,19,3,1,0,11600,0.494830019523032,0.23818140198589832,0.17349437570350024,0.0934942027875695,3.17,6.34,5.42,7.130000000000001
2012-01-20,7990,376,1367,1526,25328.3,2383.84,7409.14,10880.38,46001.66,2012,1,4,20,3,1,0,11259,0.550595348080917,0.05182073864290984,0.16106244861598473,0.2365214646601883,3.17,6.340000000000001,5.42,7.13
2012-01-21,1930,3066,609,1024,6118.1,19438.44,3300.78,7301.12,36158.44,2012,1,5,21,3,1,1,6629,0.16920254303006435,0.537590670393966,0.09128657099144764,0.2019202155845219,3.1700000000000004,6.34,5.42,7.13
2012-01-22,3659,496,2667,907,11599.03,3144.64,14455.14,6466.91,35665.72,2012,1,6,22,3,1,1,7729,0.32521508047503317,0.08816981684373679,0.4052950564295351,0.1813200462516949,3.1700000000000004,6.34,5.42,7.13
2012-01-23,759,3005,4562,1796,2406.03,19051.7,24726.04,12805.48,58989.25,2012,1,0,23,4,1,0,10122,0.0407876011307145,0.32296901554096724,0.41916179642901036,0.21708158689930793,3.1700000000000004,6.34,5.42,7.13
2012-01-24,5918,2006,844,1289,18760.06,12718.04,4574.48,9190.57,45243.15,2012,1,1,24,4,1,0,10057,0.41464973150631645,0.2811042113557522,0.10110878663399872,0.20313727050393263,3.1700000000000004,6.340000000000001,5.419999999999999,7.13
2012-01-25,5315,3982,3185,934,16848.55,25245.88,17262.7,6659.42,66016.55,2012,1,2,25,4,1,0,13416,0.2552170629940522,0.3824174392633362,0.26149048988473345,0.10087500785787806,3.17,6.34,5.42,7.13
2012-01-26,5413,847,5145,1907,17159.21,5369.98,27885.9,13596.91,64012.0,2012,1,3,26,4,1,0,13312,0.26806239455102165,0.08389020808598387,0.43563550584265454,0.21241189152033993,3.17,6.34,5.42,7.13
2012-01-27,7335,261,4152,627,23251.95,1654.74,22503.84,4470.51,51881.04,2012,1,4,27,4,1,0,12375,0.4481781783865551,0.03189488876861374,0.4337584597378927,0.0861684731069385,3.17,6.34,5.42,7.130000000000001
2012-01-28,5146,3705,3047,1045,16312.82,23489.7,16514.74,7450.85,63768.11000000001,2012,1,5,28,4,1,1,12943,0.2558147011100062,0.3683612388700245,0.2589811741323367,0.11684288588763254,3.17,6.34,5.420000000000001,7.130000000000001
2012-01-29,5013,3898,1192,1767,15891.21,24713.32,6460.64,12598.71,59663.88,2012,1,6,29,4,1,1,11870,0.26634556787121455,0.4142090658535784,0.10828393996501737,0.21116142631018966,3.17,6.34,5.42,7.13
2012-01-30,6471,418,3210,1540,20513.07,2650.12,17398.2,10980.2,51541.59,2012,1,0,30,5,1,0,11639,0.39799063241937244,0.051417117710183174,0.33755652474050574,0.2130357251299388,3.17,6.34,5.42,7.130000000000001
2012-01-31,3942,1039,530,703,12496.14,6587.26,2872.6,5012.39,26968.39,2012,1,1,31,5,1,0,6214,0.4633624773299407,0.24425855603541777,0.10651729673146969,0.18586166990317185,3.17,6.34,5.42,7.130000000000001
2012-02-01,5065,3279,1159,1033,16056.05,20788.86,6281.78,7365.29,50491.98,2012,2,2,1,5,1,0,10536,0.31799208507965027,0.41172598103698843,0.12441144118333247,0.14587049270002878,3.17,6.34,5.42,7.13
2012-02-02,1013,631,3264,1947,3211.21,4000.54,17690.88,13882.11,38784.740000000005,2012,2,3,2,5,1,0,6855,0.08279570779641683,0.10314726874538799,0.45612991088763255,0.35792711257056253,3.17,6.34,5.42,7.13
2012-02-03,1604,1983,5489,633,5084.68,12572.22,29750.38,4513.29,51920.57,2012,2,4,3,5,1,0,9709,0.09793189866752233,0.24214333548341244,0.5729979466712326,0.0869268191778326,3.1700000000000004,6.34,5.42,7.13
2012-02-04,5641,3932,1947,1787,17881.97,24928.88,10552.74,12741.31,66104.90000000001,2012,2,5,4,5,1,1,13307,0.2705089940382634,0.3771109252112929,0.1596362750718933,0.19274380567855026,3.1700000000000004,6.34,5.42,7.13
2012-02-05,5329,3745,3944,1140,16892.93,23743.3,21376.48,8128.2,70140.90999999999,2012,2,6,5,5,1,1,14158,0.24084275496283128,0.33850858222398317,0.3047647941835942,0.1158838686295915,3.17,6.34,5.42,7.13
2012-02-06,2786,633,4220,388,8831.62,4013.22,22872.4,2766.44,38483.68000000001,2012,2,0,6,6,1,0,8027,0.2294900071926593,0.1042836859676621,0.594340250204762,0.0718860566349164,3.1700000000000004,6.34,5.42,7.13
2012-02-07,4781,3666,3837,1012,15155.77,23242.44,20796.54,7215.56,66410.31,2012,2,1,7,6,1,0,13296,0.22821411313996276,0.34998240484045323,0.31315228012036084,0.10865120189922318,3.17,6.34,5.42,7.130000000000001
2012-02-08,3893,1936,3717,416,12340.81,12274.24,20146.14,2966.08,47727.27,2012,2,2,8,6,1,0,9962,0.2585693671563448,0.25717456707664194,0.42210962412055,0.06214644164646334,3.17,6.34,5.42,7.13
2012-02-09,1686,2278,2249,779,5344.62,14442.52,12189.58,5554.27,37530.990000000005,2012,2,3,9,6,1,0,6992,0.14240551608151023,0.38481585484422337,0.3247870626381025,0.14799156643616382,3.17,6.34,5.42,7.130000000000001
2012-02-10,4362,2120,5186,1334,13827.54,13440.8,28108.12,9511.42,64887.88,2012,2,4,10,6,1,0,13002,0.21309896393594616,0.2071388370216441,0.4331798172478435,0.14658238179456626,3.1700000000000004,6.34,5.42,7.13
2012-02-11,4885,1817,1706,1555,15485.45,11519.78,9246.52,11087.15,47338.9,2012,2,5,11,6,1,1,9963,0.32711892333788917,0.24334701482290463,0.195326042641464,0.23420801919774223,3.17,6.340000000000001,5.42,7.13
2012-02-12,345,3131,2651,972,1093.65,19850.54,14368.42,6930.36,42242.97,2012,2,6,12,6,1,1,7099,0.025889514870758377,0.46991345542228685,0.3401375424123825,0.16405948729457231,3.1700000000000004,6.34,5.42,7.13
2012-02-13,2820,3625,2549,1754,8939.4,22982.5,13815.58,12506.02,58243.5,2012,2,0,13,7,1,0,10748,0.1534832213036648,0.3945933881033935,0.2372038081502657,0.21471958244267603,3.17,6.34,5.42,7.13
2012-02-14,6049,3477,5272,347,19175.33,22044.18,28574.24,2474.11,72267.86,2012,2,1,14,7,1,0,15145,0.2653369008020993,0.30503435413751007,0.3953934709011724,0.03423527415921822,3.1700000000000004,6.34,5.42,7.130000000000001
2012-02-15,6985,1214,5688,1457,22142.45,7696.76,30828.96,10388.41,71056.58,2012,2,2,15,7,1,0,15344,0.3116171648002198,0.10831875105725607,0.433864956630336,0.14619912751218817,3.17,6.34,5.42,7.13
2012-02-16,2272,1243,3982,960,7202.24,7880.62,21582.44,6844.8,43510.100000000006,2012,2,3,16,7,1,0,8457,0.16553030215972842,0.18112162463428028,0.49603287512554545,0.15731519808044567,3.17,6.34,5.42,7.13
2012-02-17,2917,255,1132,1168,9246.89,1616.7,6135.44,8327.84,25326.87,2012,2,4,17,7,1,0,5472,0.3651019648302376,0.06383339117703846,0.24225022673547894,0.328814417257245,3.17,6.34,5.42,7.13
2012-02-18,6943,3549,1332,1676,22009.31,22500.66,7219.44,11949.88,63679.29,2012,2,5,18,7,1,1,13500,0.3456274402556938,0.35334344965215536,0.11337186705442223,0.18765724303772857,3.1700000000000004,6.34,5.42,7.13
2012-02-19,4423,875,4463,865,14020.91,5547.5,24189.46,6167.45,49925.31999999999,2012,2,6,19,7,1,1,10626,0.2808376591276731,0.11111596280204114,0.4845128684202726,0.12353350965001328,3.17,6.34,5.42,7.13
2012-02-20,6282,2035,3455,899,19913.94,12901.9,18726.1,6409.87,57951.81,2012,2,0,20,8,1,0,12671,0.3436293016559793,0.22263152781595605,0.3231322714510556,0.11060689907700899,3.17,6.34,5.42,7.13
2012-02-21,7583,1469,2906,1052,24038.11,9313.46,15750.52,7500.76,56602.85,2012,2,1,21,8,1,0,13010,0.42468020603202844,0.16454047808546743,0.2782637270031456,0.13251558887935855,3.17,6.339999999999999,5.42,7.13
2012-02-22,3270,3705,3767,347,10365.9,23489.7,20417.14,2474.11,56746.85,2012,2,2,22,8,1,0,11089,0.18266917018301457,0.41393839481839084,0.3597933629796191,0.043599072018975504,3.17,6.34,5.42,7.130000000000001
2012-02-23,3683,2282,2008,525,11675.11,14467.88,10883.36,3743.25,40769.6,2012,2,3,23,8,1,0,8498,0.2863680291197363,0.35486931439111497,0.26694792198108397,0.09181473450806484,3.1700000000000004,6.34,5.42,7.13
2012-02-24,6552,1457,4075,1534,20769.84,9237.38,22086.5,10937.42,63031.14,2012,2,4,24,8,1,0,13618,0.3295171243928001,0.14655264048849503,0.350406164318145,0.17352407080055984,3.17,6.34,5.42,7.13
2012-02-25,3332,1890,5676,707,10562.44,11982.6,30763.92,5040.91,58349.87,2012,2,5,25,8,1,1,11605,0.18101908367576483,0.2053577840019181,0.5272320229676604,0.08639110935465666,3.1700000000000004,6.34,5.42,7.13
2012-02-26,4038,3603,4442,894,12800.46,22843.02,24075.64,6374.22,66093.34,2012,2,6,26,8,1,1,12977,0.19367246382161954,0.34561757659697634,0.36426726202670345,0.09644269755470068,3.17,6.34,5.42,7.13
2012-02-27,2024,3068,4981,574,6416.08,19451.12,26997.02,4092.62,56956.84,2012,2,0,27,9,1,0,10647,0.11264810337090331,0.34150630547621674,0.47399083235657036,0.07185475879630963,3.17,6.34,5.42,7.13
2012-03-01,2977,776,3731,1669,9437.09,4919.84,20222.02,11899.97,46478.92,2012,3,3,1,9,1,0,9153,0.20304021694135752,0.1058509965377853,0.435079386526193,0.25602939999466423,3.17,6.34,5.42,7.13
2012-03-02,3533,1482,2222,1790,11199.61,9395.88,12043.24,12762.7,45401.42999999999,2012,3,4,2,9,1,0,9027,0.24667967506750343,0.20695119074443252,0.265261248379181,0.2811078858088832,3.1700000000000004,6.34,5.42,7.130000000000001
2012-03-03,5747,1032,2250,573,18217.99,6542.88,12195.0,4085.49,41041.36,2012,3,5,3,9,1,1,9602,0.44389342848287683,0.1594216176072138,0.2971392760863675,0.0995456778235419,3.1700000000000004,6.34,5.42,7.13
2012-03-04,2975,1274,464,1975,9430.75,8077.16,2514.88,14081.75,34104.54,2012,3,6,4,9,1,1,6688,0.27652476767022804,0.23683533042814828,0.0737403290001859,0.41289957290143775,3.17,6.34,5.42,7.13
2012-03-05,395,3115,5727,265,1252.15,19749.1,31040.34,1889.45,53931.03999999999,2012,3,0,5,10,1,0,9502,0.023217612714310724,0.3661917144560906,0.5755561175901671,0.03503455523943169,3.1700000000000004,6.34,5.42,7.13
2012-03-06,1594,2990,2279,547,5052.98,18956.6,12352.18,3900.11,40261.87,2012,3,1,6,10,1,0,7410,0.12550286412429426,0.4708325768276535,0.3067959833957042,0.096868575652348,3.17,6.34,5.42,7.13
2012-03-07,3579,1137,4177,1427,11345.43,7208.58,22639.34,10174.51,51367.86000000001,2012,3,2,7,10,1,0,10320,0.2208663160193942,0.14033249584467794,0.4407296702646362,0.19807151787129149,3.17,6.34,5.42,7.13
2012-03-08,3397,3225,5508,664,10768.49,20446.5,29853.36,4734.32,65802.67,2012,3,3,8,10,1,0,12794,0.16364822278488092,0.310724473642179,0.4536800710366312,0.07194723253630893,3.17,6.34,5.42,7.13
2012-03-09,5626,2880,3786,1768,17834.42,18259.2,20520.12,12605.84,69219.57999999999,2012,3,4,9,10,1,0,14060,0.2576499308432672,0.2637866337819444,0.2964496461839266,0.18211378919086194,3.1699999999999995,6.34,5.42,7.13
2012-03-10,792,2742,5158,1505,2510.64,17384.28,27956.36,10730.65,58581.93,2012,3,5,10,10,1,1,10197,0.04285690143701308,0.2967515751017421,0.47721814559540804,0.1831733778658368,3.17,6.34,5.42,7.13
2012-03-11,2141,464,265,870,6786.97,2941.76,1436.3,6203.1,17368.129999999997,2012,3,6,11,10,1,1,3740,0.3907714877767498,0.16937689895227642,0.08269744641478387,0.3571541668561901,3.17,6.340000000000001,5.42,7.130000000000001
2012-03-12,392,2659,5805,1491,1242.64,16858.06,31463.1,10630.83,60194.630000000005,2012,3,0,12,11,1,0,10347,0.02064370193819615,0.2800592012942018,0.5226894824338981,0.17660761433370384,3.1700000000000004,6.340000000000001,5.42,7.13
2012-03-13,3363,729,4498,1166,10660.71,4621.86,24379.16,8313.58,47975.31,2012,3,1,13,11,1,0,9756,0.222212425516375,0.09633830401512777,0.5081605517504734,0.17328871871802393,3.17,6.34,5.42,7.13
2012-03-14,2636,3032,1502,1141,8356.12,19222.88,8140.84,8135.33,43855.17,2012,3,2,14,11,1,0,8311,0.190538994604285,0.43832642764809715,0.18563010928928106,0.18550446845833685,3.1700000000000004,6.340000000000001,5.42,7.13
2012-03-15,2861,2512,429,320,9069.37,15926.08,2325.18,2281.6,29602.23,2012,3,3,15,11,1,0,6122,0.306374553538703,0.5380027112822243,0.07854746078251537,0.07707527439655729,3.1700000000000004,6.34,5.42,7.13
2012-03-16,3939,748,1100,728,12486.63,4742.32,5962.0,5190.64,28381.59,2012,3,4,16,11,1,0,6515,0.43995526677680846,0.167091413835518,0.21006575036846067,0.18288756901921283,3.17,6.34,5.42,7.130000000000001
2012-03-17,3863,1259,5300,960,12245.71,7982.06,28726.0,6844.8,55798.57000000001,2012,3,5,17,11,1,1,11382,0.21946279268447197,0.14305133626184327,0.5148160606983296,0.12266981035535497,3.17,6.340000000000001,5.42,7.13
2012-03-18,3565,3746,4954,2000,11301.05,23749.64,26850.68,14260.0,76161.37,2012,3,6,18,11,1,1,14265,0.1483829663253169,0.31183315111059584,0.3525498556551701,0.18723402690891722,3.17,6.34,5.42,7.13
2012-03-19,5964,305,1441,1729,18905.88,1933.7,7810.22,12327.77,40977.57000000001,2012,3,0,19,12,1,0,9439,0.4613714283204201,0.04718923059615296,0.1905974414783502,0.30084189960507657,3.1700000000000004,6.34,5.42,7.13
2012-03-20,394,2889,784,1639,1248.98,18316.26,4249.28,11686.07,35500.59,2012,3,1,20,12,1,0,5706,0.035181950497160754,0.5159424110979564,0.11969603885456552,0.32917959955031734,3.17,6.34,5.42,7.13
2012-03-21,1321,3008,2360,1418,4187.57,19070.72,12791.2,10110.34,46159.83,2012,3,2,21,12,1,0,8107,0.09071892162514462,0.4131453690362378,0.2771067397778545,0.21902896956076312,3.17,6.340000000000001,5.42,7.13
2012-03-22,4471,612,5155,1260,14173.07,3880.08,27940.1,8983.8,54977.05,2012,3,3,22,12,1,0,11498,0.25779975462488436,0.07057635868057671,0.5082138819743874,0.16341000472015138,3.17,6.34,5.42,7.129999999999999
2012-03-23,5930,3602,3659,1548,18798.1,22836.68,19831.78,11037.24,72503.8,2012,3,4,23,12,1,0,14739,0.25927054857814347,0.3149721807684563,0.27352745649193555,0.15222981416146464,3.17,6.34,5.42,7.13
2012-03-24,1830,3371,652,1265,5801.1,21372.14,3533.84,9019.45,39726.53,2012,3,5,24,12,1,1,7118,0.1460258421765002,0.5379815453300352,0.08895415733516117,0.22703845515830356,3.1700000000000004,6.34,5.42,7.130000000000001
2012-03-25,6674,2420,872,766,21156.58,15342.8,4726.24,5461.58,46687.2,2012,3,6,25,12,1,1,10732,0.4531558971195532,0.3286296886512792,0.10123202933566373,0.116982384893504,3.1700000000000004,6.34,5.42,7.13
2012-03-26,4214,3501,3964,1145,13358.38,22196.34,21484.88,8163.85,65203.45,2012,3,0,26,13,1,0,12824,0.20487228819947412,0.34041664973249114,0.32950526390858154,0.12520579815945324,3.17,6.34,5.42,7.13
2012-03-27,431,1943,5869,1915,1366.27,12318.62,31809.98,13653.95,59148.82000000001,2012,3,1,27,13,1,0,10158,0.023098854719333366,0.20826484788707533,0.5377956821454764,0.23084061524811483,3.17,6.340000000000001,5.42,7.130000000000001
2012-03-28,2337,982,1970,964,7408.29,6225.88,10677.4,6873.32,31184.89,2012,3,2,28,13,1,0,6253,0.23756024151440008,0.19964412252215738,0.342390176781127,0.22040545918231552,3.17,6.34,5.42,7.13
2012-03-29,4712,3810,4462,877,14937.04,24155.4,24184.04,6253.01,69529.49,2012,3,3,29,13,1,0,13861,0.21483028280518093,0.34741229944301333,0.34782421099306204,0.08993320675874367,3.1700000000000004,6.340000000000001,5.42,7.13
2012-03-30,2055,3870,5968,251,6514.35,24535.8,32346.56,1789.63,65186.34,2012,3,4,30,13,1,0,12144,0.09993428070973152,0.376394809096507,0.4962168454311134,0.02745406476264813,3.1700000000000004,6.34,5.42,7.130000000000001
2012-03-31,5314,1435,3269,1220,16845.38,9097.9,17717.98,8698.6,52359.85999999999,2012,3,5,31,13,1,1,11238,0.32172316732703266,0.17375714908328632,0.33838860531712656,0.1661310782725546,3.1700000000000004,6.34,5.42,7.13
2012-04-01,1434,1002,5702,439,4545.78,6352.68,30904.84,3130.07,44933.37,2012,4,6,1,13,2,1,8577,0.10116712812771442,0.1413800033249231,0.6877926138190836,0.06966025472827878,3.17,6.34,5.42,7.130000000000001
2012-04-02,6486,829,4413,1196,20560.62,5255.86,23918.46,8527.48,58262.42,2012,4,0,2,14,2,0,12924,0.3528967729112522,0.09021012172168612,0.41052980634858627,0.14636329901847536,3.17,6.34,5.42,7.13
2012-04-03,4554,2235,5375,1660,14436.18,14169.9,29132.5,11835.8,69574.38,2012,4,1,3,14,2,0,13824,0.2074927581100974,0.2036654872095159,0.4187245362445199,0.17011721843586675,3.17,6.34,5.42,7.13
2012-04-04,7170,796,3843,1109,22728.9,5046.64,20829.06,7907.17,56511.77,2012,4,2,4,14,2,0,12918,0.402197630688262,0.08930245858517616,0.36857914731745267,0.1399207634091093,3.1700000000000004,6.340000000000001,5.42,7.13
2012-04-05,5183,2233,2631,376,16430.11,14157.22,14260.02,2680.88,47528.23,2012,4,3,5,14,2,0,10423,0.3456916026538333,0.29786970817133307,0.30003263323713086,0.056406055937702704,3.17,6.34,5.42,7.13
2012-04-06,5010,917,4451,1713,15881.7,5813.78,24124.42,12213.69,58033.59,2012,4,4,6,14,2,0,12091,0.2736639246339922,0.1001795684189105,0.41569752965480855,0.21045897729228885,3.17,6.34,5.42,7.13
2012-04-07,6583,2757,1199,1801,20868.11,17479.38,6498.58,12841.13,57687.2,2012,4,5,7,14,2,1,12340,0.3617459332399562,0.30300274584309866,0.11265202679277206,0.22259929412417312,3.17,6.340000000000001,5.42,7.13
2012-04-08,6574,1103,4475,1465,20839.58,6993.02,24254.5,10445.45,62532.55,2012,4,6,8,14,2,1,13617,0.3332597183386892,0.11183007889491153,0.38786999730540334,0.1670402054609959,3.1700000000000004,6.340000000000001,5.42,7.130000000000001
2012-04-09,7514,1288,1313,288,23819.38,8165.92,7116.46,2053.44,41155.2,2012,4,0,9,15,2,0,10403,0.5787696329989892,0.19841769691314828,0.17291763859730971,0.04989503149055284,3.17,6.34,5.42,7.13
2012-04-10,5208,2196,4442,1505,16509.36,13922.64,24075.64,10730.65,65238.29,2012,4,1,10,15,2,0,13351,0.25306242698881287,0.21341209280623388,0.3690415551971089,0.1644839250078443,3.17,6.34,5.42,7.13
2012-04-11,981,3014,575,1358,3109.77,19108.76,3116.5,9682.54,35017.57,2012,4,2,11,15,2,0,5928,0.0888059908211792,0.545690634729937,0.0889981800564688,0.27650519439241505,3.17,6.34,5.42,7.130000000000001
2012-04-12,1307,1364,3149,1261,4143.19,8647.76,17067.58,8990.93,38849.46000000001,2012,4,3,12,15,2,0,7081,0.10664729960210512,0.22259665900118042,0.4393260549824888,0.23142998641422555,3.1699999999999995,6.34,5.420000000000001,7.13
2012-04-13,5955,1328,1169,1109,18877.35,8419.52,6335.98,7907.17,41540.02,2012,4,4,13,15,2,0,9561,0.454437672393995,0.20268454372434103,0.15252712925992815,0.19035065462173587,3.17,6.340000000000001,5.42,7.13
2012-04-14,5024,3803,409,851,15926.08,24111.02,2216.78,6067.63,48321.51,2012,4,5,14,15,2,1,10087,0.32958572693609944,0.4989707482237207,0.04587563592280126,0.1255678889173786,3.17,6.34,5.420000000000001,7.13
2012-04-15,1966,1469,5632,1152,6232.22,9313.46,30525.44,8213.76,54284.88,2012,4,6,15,15,2,1,10219,0.11480581701571414,0.17156637354637239,0.5623193788030848,0.1513084306348287,3.17,6.339999999999999,5.42,7.13
2012-04-16,7538,2518,2017,1175,23895.46,15964.12,10932.14,8377.75,59169.47,2012,4,0,16,16,2,0,13248,0.4038477951551704,0.2698033293183123,0.1847598094084669,0.14158906611805042,3.17,6.340000000000001,5.42,7.13
2012-04-17,7189,1385,3309,320,22789.13,8780.9,17934.78,2281.6,51786.41,2012,4,1,17,16,2,0,12203,0.44006004664158027,0.1695599289466097,0.34632213354816443,0.0440578908636455,3.17,6.34,5.42,7.13
2012-04-18,6854,1159,5474,532,21727.18,7348.06,29669.08,3793.16,62537.48000000001,2012,4,2,18,16,2,0,14019,0.347426535255338,0.11749849850041925,0.47442077934704113,0.06065418689720147,3.17,6.340000000000001,5.42,7.13
2012-04-19,7421,2459,5607,1045,23524.57,15590.06,30389.94,7450.85,76955.42,2012,4,3,19,16,2,0,16532,0.30569087921292615,0.20258560085826313,0.39490317900935373,0.09682034091945702,3.17,6.34,5.42,7.130000000000001
2012-04-20,2008,3492,4775,1318,6365.36,22139.28,25880.5,9397.34,63782.48,2012,4,4,20,16,2,0,11593,0.09979793824260204,0.34710597643741664,0.405761895743157,0.14733418957682423,3.17,6.34,5.42,7.13
2012-04-21,3914,2615,5922,737,12407.38,16579.1,32097.24,5254.81,66338.53,2012,4,5,21,16,2,1,13188,0.18703127729842672,0.24991660201092786,0.4838400850908213,0.07921203559982412,3.17,6.34,5.42,7.130000000000001
2012-04-22,1339,1947,3441,426,4244.63,12343.98,18650.22,3037.38,38276.21,2012,4,6,22,16,2,1,7153,0.1108947306956462,0.32249744684753273,0.48725357082114457,0.07935425163567658,3.17,6.34,5.42,7.13
2012-04-23,2978,1909,4227,541,9440.26,12103.06,22910.34,3857.33,48310.990000000005,2012,4,0,23,17,2,0,9655,0.19540605564075583,0.2505239491055761,0.47422625783491495,0.07984373741875295,3.17,6.34,5.42,7.13
2012-04-24,3678,2961,2331,900,11659.26,18772.74,12634.02,6417.0,49483.02,2012,4,1,24,17,2,0,9870,0.23562143135160304,0.37937741067541964,0.25532030987599386,0.12968084809698358,3.17,6.340000000000001,5.42,7.13
2012-04-25,6854,3455,5228,536,21727.18,21904.7,28335.76,3821.68,75789.31999999999,2012,4,2,25,17,2,0,16073,0.28667865076504184,0.2890209332924481,0.37387536924727655,0.05042504669523358,3.17,6.34,5.42,7.13
2012-04-26,4897,3087,1736,455,15523.49,19571.58,9409.12,3244.15,47748.34,2012,4,3,26,17,2,0,10175,0.325110569288901,0.4098902705308709,0.19705648405787513,0.06794267612235316,3.17,6.340000000000001,5.420000000000001,7.13
2012-04-27,6596,793,5048,661,20909.32,5027.62,27360.16,4712.93,58010.03,2012,4,4,27,17,2,0,13098,0.3604431854284509,0.08666811584134675,0.47164533443613116,0.08124336429407122,3.17,6.34,5.42,7.130000000000001
2012-04-28,699,1322,3173,1783,2215.83,8381.48,17197.66,12712.79,40507.76,2012,4,5,28,17,2,1,6977,0.05470137079907652,0.20691047838735094,0.424552233942336,0.3138359168712365,3.17,6.34,5.42,7.130000000000001
2012-04-29,5429,1076,2683,1737,17209.93,6821.84,14541.86,12384.81,50958.44,2012,4,6,29,17,2,1,10925,0.3377248204615369,0.1338706600908505,0.28536705597738077,0.2430374634702318,3.17,6.34,5.42,7.13
2012-04-30,5322,2324,1362,1268,16870.74,14734.16,7382.04,9040.84,48027.78,2012,4,0,30,18,2,0,10276,0.35127045222577435,0.30678411535990213,0.15370354407386724,0.1882418883404563,3.1700000000000004,6.34,5.42,7.13
2012-05-01,3994,2319,2623,1189,12660.98,14702.46,14216.66,8477.57,50057.67,2012,5,1,1,18,2,0,10125,0.2529278729912918,0.29371043438498035,0.28400562790877004,0.16935606471495776,3.17,6.34,5.42,7.13
2012-05-02,6741,2102,4125,369,21368.97,13326.68,22357.5,2630.97,59684.12,2012,5,2,2,18,2,0,13337,0.35803443193935003,0.22328686424462654,0.3745971290185731,0.044081574797450306,3.1700000000000004,6.34,5.42,7.13
2012-05-03,1425,3500,2509,1193,4517.25,22190.0,13598.78,8506.09,48812.12,2012,5,3,3,18,2,0,8627,0.09254361416795664,0.4546002099478572,0.278594332719005,0.1742618431651811,3.17,6.34,5.42,7.13
2012-05-04,5652,1960,5480,1127,17916.84,12426.4,29701.6,8035.51,68080.34999999999,2012,5,4,4,18,2,0,14219,0.26317197252951846,0.18252550111742966,0.4362727277400895,0.11802979861296249,3.17,6.34,5.42,7.13
2012-05-05,1987,2449,3961,1350,6298.79,15526.66,21468.62,9625.5,52919.57,2012,5,5,5,18,2,1,9747,0.11902572148639907,0.29340109906410805,0.4056839464115071,0.18188923303798576,3.17,6.34,5.42,7.13
2012-05-06,2685,1973,3507,1632,8511.45,12508.82,19007.94,11636.16,51664.37,2012,5,6,6,18,2,1,9797,0.16474506511934628,0.24211695603759417,0.3679119671835735,0.225226011659486,3.1700000000000004,6.34,5.42,7.13
2012-05-07,492,3298,3895,782,1559.64,20909.32,21110.9,5575.66,49155.52,2012,5,0,7,19,2,0,8467,0.031728684794708716,0.42537074167865585,0.4294716035960967,0.11342896993053883,3.1700000000000004,6.34,5.420000000000001,7.13
2012-05-08,4226,2563,3636,1041,13396.42,16249.42,19707.12,7422.33,56775.29,2012,5,1,8,19,2,0,11466,0.2359551135714146,0.28620584764956725,0.3471073419440041,0.13073169683501396,3.17,6.34,5.42,7.13
2012-05-09,2201,2312,3120,1182,6977.17,14658.08,16910.4,8427.66,46973.31,2012,5,2,9,19,2,0,8815,0.14853477432184362,0.31205124782562693,0.36000017882495405,0.17941379902757545,3.17,6.34,5.420000000000001,7.13
2012-05-10,3901,557,4564,613,12366.17,3531.38,24736.88,4370.69,45005.12,2012,5,3,10,19,2,0,9635,0.27477251477165265,0.0784661834031328,0.5496459069545865,0.09711539487062804,3.17,6.34,5.42,7.129999999999999
2012-05-11,1582,3386,5422,1685,5014.94,21467.24,29387.24,12014.05,67883.47,2012,5,4,11,19,2,0,12075,0.07387571672455753,0.3162366331597368,0.4329071569264211,0.1769804931892845,3.17,6.340000000000001,5.42,7.13
2012-05-12,7208,2927,4800,1717,22849.36,18557.18,26016.0,12242.21,79664.75,2012,5,5,12,19,2,1,16652,0.2868189506651311,0.2329409180346389,0.3265685262302336,0.15367160506999644,3.17,6.34,5.42,7.13
2012-05-13,2996,1782,1642,1729,9497.32,11297.88,8899.64,12327.77,42022.61,2012,5,6,13,19,2,1,8149,0.22600500064132142,0.26885241064274684,0.21178218106871513,0.2933604076472166,3.17,6.34,5.42,7.13
2012-05-14,7050,3285,5807,601,22348.5,20826.9,31473.94,4285.13,78934.47,2012,5,0,14,20,2,0,16743,0.2831272573313028,0.2638505078959801,0.3987350519994623,0.05428718277325483,3.17,6.340000000000001,5.42,7.13
2012-05-15,7272,1982,5260,1269,23052.24,12565.88,28509.2,9047.97,73175.29000000001,2012,5,1,15,20,2,0,15783,0.3150276548271964,0.1717229955631197,0.38960146246089356,0.12364788714879023,3.1700000000000004,6.34,5.42,7.13
2012-05-16,5094,1588,4648,1176,16147.98,10067.92,25192.16,8384.88,59792.94,2012,5,2,16,20,2,0,12506,0.2700649942953131,0.1683797451672388,0.4213233201110365,0.14023194042641152,3.17,6.34,5.42,7.129999999999999
2012-05-17,3665,3274,1525,531,11618.05,20757.16,8265.5,3786.03,44426.74,2012,5,3,17,20,2,0,8995,0.26151029762705974,0.4672222179705286,0.18604786216589378,0.08521962223651793,3.17,6.34,5.42,7.130000000000001
2012-05-18,5377,3018,4728,681,17045.09,19134.12,25625.76,4855.53,66660.5,2012,5,4,18,20,2,0,13804,0.25570000225020817,0.2870383510474719,0.38442195903121035,0.07283968767110957,3.17,6.34,5.42,7.13
2012-05-19,1468,1684,5096,1431,4653.56,10676.56,27620.32,10203.03,53153.47,2012,5,5,19,20,2,1,9679,0.08754950523455948,0.20086289756811737,0.5196334312698682,0.19195416592745498,3.1700000000000004,6.34,5.42,7.130000000000001
2012-05-20,1226,847,2535,572,3886.42,5369.98,13739.7,4078.36,27074.46,2012,5,6,20,20,2,1,5180,0.1435456145755077,0.1983411672845922,0.5074782654944919,0.15063495264540827,3.17,6.34,5.42,7.13
2012-05-21,3211,442,582,1390,10178.87,2802.28,3154.44,9910.7,26046.29,2012,5,0,21,21,2,0,5625,0.3907992270684232,0.1075884511767319,0.12110899479350033,0.3805033269613446,3.1700000000000004,6.340000000000001,5.42,7.130000000000001
2012-05-22,556,766,4125,1277,1762.52,4856.44,22357.5,9105.01,38081.47,2012,5,1,22,21,2,0,6724,0.046282877210359785,0.12752764008322157,0.5870965590351422,0.23909292367127635,3.17,6.34,5.42,7.13
2012-05-23,1612,2455,1828,767,5110.04,15564.7,9907.76,5468.71,36051.21,2012,5,2,23,21,2,0,6662,0.14174392482249557,0.4317386295772042,0.274824617537109,0.15169282806319123,3.17,6.34,5.42,7.13
2012-05-24,1846,2420,1708,1897,5851.82,15342.8,9257.36,13525.61,43977.59,2012,5,3,24,21,2,0,7871,0.13306368084290204,0.3488776897506207,0.21050175782711153,0.3075568715793658,3.17,6.34,5.42,7.13
2012-05-25,7339,1075,3247,1289,23264.63,6815.5,17598.74,9190.57,56869.44,2012,5,4,25,21,2,0,12950,0.40908843132620965,0.11984468283844539,0.3094586477376953,0.16160823809764963,3.17,6.34,5.420000000000001,7.13
2012-05-26,7500,3407,4137,1291,23775.0,21600.38,22422.54,9204.83,77002.75000000001,2012,5,5,26,21,2,1,16335,0.3087552067945625,0.2805143972130865,0.2911914184883007,0.11953897750405015,3.17,6.34,5.42,7.13
2012-05-27,1401,1609,1961,1897,4441.17,10201.06,10628.62,13525.61,38796.46,2012,5,6,27,21,2,1,6868,0.11447358856967878,0.26293790722143207,0.27395850033740193,0.3486300038714873,3.17,6.34,5.420000000000001,7.13
2012-05-28,1693,1023,2058,1163,5366.81,6485.82,11154.36,8292.19,31299.18,2012,5,0,28,22,2,0,5937,0.17146807040951234,0.20722012525567762,0.3563786655113648,0.2649331388234452,3.1700000000000004,6.34,5.42,7.130000000000001
2012-05-29,5097,795,3543,933,16157.49,5040.3,19203.06,6652.29,47053.14000000001,2012,5,1,29,22,2,0,10368,0.343388135202029,0.10711931233494724,0.4081143150063949,0.1413782374566288,3.17,6.34,5.42,7.13
2012-05-30,1117,2963,3241,875,3540.89,18785.42,17566.22,6238.75,46131.28,2012,5,2,30,22,2,0,8196,0.07675681229742595,0.40721653507121414,0.38078761309029363,0.13523903954106628,3.17,6.339999999999999,5.42,7.13
2012-05-31,1128,1348,3487,1019,3575.76,8546.32,18899.54,7265.47,38287.09,2012,5,3,31,22,2,0,6982,0.09339336052961979,0.22321675530838203,0.49362696407588047,0.18976292008611784,3.1700000000000004,6.34,5.42,7.13
2012-06-01,7106,1403,1311,918,22526.02,8895.02,7105.62,6545.34,45072.0,2012,6,4,1,22,2,0,10738,0.4997785764998225,0.19735134895278666,0.15765042598509052,0.14521964856230032,3.17,6.340000000000001,5.42,7.13
2012-06-02,4765,2123,4776,1349,15105.05,13459.82,25885.92,9618.37,64069.16,2012,6,5,2,22,2,1,13013,0.235761636331739,0.21008266691806166,0.4040308941150469,0.1501248026351524,3.17,6.34,5.42,7.130000000000001
2012-06-03,353,2554,1631,1960,1119.01,16192.36,8840.02,13974.8,40126.19,2012,6,6,3,22,2,1,6498,0.027887272626680976,0.40353594497758194,0.22030549125147442,0.3482712911442626,3.17,6.34,5.42,7.13
2012-06-04,6214,2995,3631,914,19698.38,18988.3,19680.02,6516.82,64883.52,2012,6,0,4,23,2,0,13754,0.303596044111047,0.29265212491554093,0.3033130754928216,0.10043875548059045,3.1700000000000004,6.34,5.42,7.13
2012-06-05,7501,3407,2539,505,23778.17,21600.38,13761.38,3600.65,62740.58,2012,6,1,5,23,2,0,13952,0.3789918741586386,0.34428084662271213,0.21933778744155694,0.05738949177709227,3.17,6.34,5.42,7.13
2012-06-06,1120,2725,5461,993,3550.4,17276.5,29598.62,7080.09,57505.61,2012,6,2,6,23,2,0,10299,0.061740063273826674,0.3004315578949602,0.5147083910595853,0.12311998777162785,3.17,6.34,5.42,7.13
2012-06-07,7033,1509,4612,770,22294.61,9567.06,24997.04,5490.1,62348.81,2012,6,3,7,23,2,0,13924,0.35757875731710037,0.15344414753064253,0.40092248753424486,0.08805460761801229,3.17,6.34,5.42,7.130000000000001
2012-06-08,7198,3135,2945,955,22817.66,19875.9,15961.9,6809.15,65464.61,2012,6,4,8,23,2,0,14233,0.34854954455544757,0.3036128986333227,0.24382486965094574,0.104012687160284,3.17,6.340000000000001,5.42,7.13
2012-06-09,2130,1707,3999,1568,6752.1,10822.38,21674.58,11179.84,50428.9,2012,6,5,9,23,2,1,9404,0.1338934618839594,0.2146067036956983,0.4298047349833132,0.22169509943702917,3.1700000000000004,6.34,5.420000000000001,7.13
2012-06-10,2481,666,4280,456,7864.77,4222.44,23197.6,3251.28,38536.09,2012,6,6,10,23,2,1,7883,0.20408842723794762,0.10957105404310609,0.6019707759661138,0.08436974275283249,3.1700000000000004,6.339999999999999,5.42,7.130000000000001
2012-06-11,5682,1399,1890,1007,18011.94,8869.66,10243.8,7179.91,44305.31,2012,6,0,11,24,2,0,9978,0.4065413378215839,0.2001940625175628,0.2312093065142756,0.16205529314657768,3.17,6.34,5.42,7.13
2012-06-12,2606,1682,2831,1571,8261.02,10663.88,15344.02,11201.23,45470.15,2012,6,1,12,24,2,0,8690,0.18168006923223257,0.2345248476198121,0.33745259252498616,0.24634249062296912,3.1700000000000004,6.34,5.42,7.13
2012-06-13,5178,1157,2916,426,16414.26,7335.38,15804.72,3037.38,42591.74,2012,6,2,13,24,2,0,9677,0.3853859926830883,0.1722254127208703,0.3710747670792506,0.07131382751679081,3.1699999999999995,6.34,5.42,7.13
2012-06-14,476,1383,3268,1483,1508.92,8768.22,17712.56,10573.79,38563.490000000005,2012,6,3,14,24,2,0,6610,0.03912820131165514,0.22737101854629854,0.4593090511258187,0.2741917290162275,3.1700000000000004,6.34,5.420000000000001,7.130000000000001
2012-06-15,4159,487,4336,971,13184.03,3087.58,23501.12,6923.23,46695.95999999999,2012,6,4,15,24,2,0,9953,0.2823377011630129,0.06612092352314848,0.503279512831517,0.14826186248232182,3.1700000000000004,6.34,5.42,7.13
2012-06-16,5473,3671,5769,1440,17349.41,23274.14,31267.98,10267.2,82158.73,2012,6,5,16,24,2,1,16353,0.21116940342188834,0.2832826164669293,0.38058012824687043,0.12496785186431193,3.17,6.34,5.42,7.130000000000001
2012-06-17,5729,3261,2504,576,18160.93,20674.74,13571.68,4106.88,56514.23,2012,6,6,17,24,2,1,12070,0.3213514543151344,0.36583246378832374,0.24014624281353564,0.07266983908300617,3.17,6.340000000000001,5.42,7.13
2012-06-18,1043,2448,2315,1050,3306.31,15520.32,12547.3,7486.5,38860.43,2012,6,0,18,25,2,0,6856,0.08508166276080836,0.39938621368831995,0.3228811415622524,0.19265098198861927,3.17,6.34,5.42,7.13
2012-06-19,3687,3268,1685,294,11687.79,20719.12,9132.7,2096.22,43635.83,2012,6,1,19,25,2,0,8934,0.26784846306349624,0.4748189733070277,0.20929360115299744,0.04803896247647861,3.1700000000000004,6.34,5.420000000000001,7.129999999999999
2012-06-20,5483,1215,940,642,17381.11,7703.1,5094.8,4577.46,34756.47,2012,6,2,20,25,2,0,8280,0.5000827184118525,0.221630677683896,0.14658565728913206,0.1317009466151194,3.17,6.34,5.42,7.13
2012-06-21,6352,391,461,412,20135.84,2478.94,2498.62,2937.56,28050.96,2012,6,3,21,25,2,0,7616,0.7178306909995238,0.0883727330544124,0.08907431332118401,0.10472226262487987,3.17,6.34,5.42,7.13
2012-06-22,1743,3909,1976,1900,5525.31,24783.06,10709.92,13547.0,54565.29,2012,6,4,22,25,2,0,9528,0.10126052660949846,0.4541909334670447,0.1962771571451375,0.24827138277831934,3.1700000000000004,6.340000000000001,5.42,7.13
2012-06-23,1531,3575,2869,1537,4853.27,22665.5,15549.98,10958.81,54027.56,2012,6,5,23,25,2,1,9512,0.0898295240429144,0.4195173722448321,0.28781569998719175,0.2028374037250618,3.1700000000000004,6.34,5.42,7.13
2012-06-24,6039,3906,5037,475,19143.63,24764.04,27300.54,3386.75,74594.95999999999,2012,6,6,24,25,2,1,15457,0.2566343624287754,0.3319800694309643,0.36598370721024587,0.04540186093001458,3.1700000000000004,6.34,5.42,7.13
2012-06-25,2478,2191,1634,902,7855.26,13890.94,8856.28,6431.26,37033.740000000005,2012,6,0,25,26,2,0,7205,0.21211090211250602,0.3750887704023412,0.23914084831831728,0.1736594791668354,3.17,6.34,5.420000000000001,7.13
2012-06-26,7207,3545,2859,1903,22846.19,22475.3,15495.78,13568.39,74385.66,2012,6,1,26,26,2,0,15514,0.30713164338395327,0.3021456017194712,0.20831676427956677,0.18240599061700868,3.17,6.34,5.42,7.13
2012-06-27,4493,2280,1707,1895,14242.81,14455.2,9251.94,13511.35,51461.3,2012,6,2,27,26,2,0,10375,0.2767673960821044,0.28089457514676075,0.17978442052571544,0.26255360824541935,3.17,6.340000000000001,5.42,7.13
2012-06-28,7651,1380,5564,940,24253.67,8749.2,30156.88,6702.2,69861.95,2012,6,3,28,26,2,0,15535,0.3471656602771609,0.1252355538315206,0.4316638742548698,0.09593491163644874,3.17,6.340000000000001,5.42,7.13
2012-06-29,3463,3852,3259,1278,10977.71,24421.68,17663.78,9112.14,62175.31,2012,6,4,29,26,2,0,11852,0.17656059937618324,0.39278742639160147,0.28409637201648047,0.14655560221573483,3.17,6.34,5.42,7.13
2012-06-30,7082,2679,771,1724,22449.94,16984.86,4178.82,12292.12,55905.740000000005,2012,6,5,30,26,2,1,12256,0.4015677102208109,0.30381245288945286,0.0747476019457036,0.21987223494403257,3.17,6.34,5.42,7.130000000000001
2012-07-01,7517,2285,1804,1499,23828.89,14486.9,9777.68,10687.87,58781.34,2012,7,6,1,26,3,1,13105,0.4053818779905324,0.24645406178219142,0.16633986227602163,0.18182419795125462,3.17,6.34,5.42,7.130000000000001
2012-07-02,6287,3007,5239,813,19929.79,19064.38,28395.38,5796.69,73186.24,2012,7,0,2,27,3,0,15346,0.2723160801811925,0.26049131640045997,0.3879879605783819,0.07920464283996553,3.17,6.340000000000001,5.42,7.13
2012-07-03,3501,3805,4587,1827,11098.17,24123.7,24861.54,13026.51,73109.92,2012,7,1,3,27,3,0,13720,0.1518011509245257,0.32996479821069424,0.34005699910490944,0.1781770517598706,3.17,6.34,5.42,7.13
2012-07-04,7577,1567,557,958,24019.09,9934.78,3018.94,6830.54,43803.350000000006,2012,7,2,4,27,3,0,10659,0.5483391110497255,0.22680411429719416,0.06892029947481185,0.1559364751782683,3.17,6.340000000000001,5.42,7.13
2012-07-05,2969,2505,5793,761,9411.73,15881.7,31398.06,5425.93,62117.420000000006,2012,7,3,5,27,3,0,12028,0.15151514663680493,0.2556722413777005,0.5054630408024029,0.08734957118309163,3.17,6.34,5.42,7.130000000000001
2012-07-06,6651,632,5763,1384,21083.67,4006.88,31235.46,9867.92,66193.93,2012,7,4,6,27,3,0,14430,0.31851364619082145,0.060532438548368414,0.47187801056682993,0.14907590469398027,3.17,6.34,5.42,7.13
2012-07-07,5462,3874,2180,1867,17314.54,24561.16,11815.6,13311.71,67003.01,2012,7,5,7,27,3,1,13383,0.2584143607876721,0.3665680094073386,0.17634431647175255,0.19867331333323682,3.1700000000000004,6.34,5.42,7.13
2012-07-08,2616,3316,5003,1542,8292.72,21023.44,27116.26,10994.46,67426.88,2012,7,6,8,27,3,1,12477,0.12298833936851296,0.31179612641130655,0.402158011760295,0.16305752245988542,3.17,6.34,5.42,7.129999999999999
2012-07-09,2112,1657,2580,305,6695.04,10505.38,13983.6,2174.65,33358.67,2012,7,0,9,28,3,0,6654,0.20069864895692785,0.31492202776669453,0.41918937415670354,0.06518994911967414,3.17,6.34,5.42,7.13
2012-07-10,3364,1854,2926,1215,10663.88,11754.36,15858.92,8662.95,46940.11,2012,7,1,10,28,3,0,9359,0.22718054985384567,0.25041185459514265,0.33785434248023705,0.18455325307077466,3.17,6.340000000000001,5.42,7.130000000000001
2012-07-11,1708,3093,497,1100,5414.36,19609.62,2693.74,7843.0,35560.72,2012,7,2,11,28,3,0,6398,0.15225675970565275,0.5514404657723465,0.07575043474935265,0.22055233977264802,3.17,6.34,5.42,7.13
2012-07-12,4673,2278,1536,1374,14813.41,14442.52,8325.12,9796.62,47377.670000000006,2012,7,3,12,28,3,0,9861,0.3126664945743427,0.3048381231073626,0.1757182233740072,0.20677715894428747,3.17,6.34,5.420000000000001,7.130000000000001
2012-07-13,3396,1340,4890,1616,10765.32,8495.6,26503.8,11522.08,57286.8,2012,7,4,13,28,3,0,11242,0.18791973019962713,0.14829943372644308,0.46265108192463184,0.2011297541492979,3.17,6.34,5.42,7.13
2012-07-14,3508,1819,3265,786,11120.36,11532.46,17696.3,5604.18,45953.3,2012,7,5,14,28,3,1,9378,0.24199263164995768,0.2509604315685707,0.3850931271530009,0.12195380962847065,3.1700000000000004,6.34,5.42,7.130000000000001
2012-07-15,1758,1685,3143,1160,5572.86,10682.9,17035.06,8270.8,41561.62,2012,7,6,15,28,3,1,7746,0.13408668863244502,0.2570376226913195,0.40987478351421336,0.19900090516202204,3.17,6.34,5.420000000000001,7.129999999999999
2012-07-16,5801,612,1859,1153,18389.17,3880.08,10075.78,8220.89,40565.92,2012,7,0,16,29,3,0,9425,0.45331573892567945,0.09564876132477705,0.24838041390408502,0.20265508584545844,3.1699999999999995,6.34,5.42,7.13
2012-07-17,7043,2498,3669,1586,22326.31,15837.32,19885.98,11308.18,69357.79000000001,2012,7,1,17,29,3,0,14796,0.3219005392184497,0.2283423390508838,0.28671588295993855,0.16304123877072782,3.1700000000000004,6.34,5.42,7.13
2012-07-18,4211,3413,3841,1084,13348.87,21638.42,20818.22,7728.92,63534.43,2012,7,2,18,29,3,0,12549,0.21010450554132618,0.3405778567620737,0.3276683209403154,0.12164931675628474,3.1700000000000004,6.34,5.42,7.13
2012-07-19,6439,2049,260,1174,20411.63,12990.66,1409.2,8370.62,43182.11,2012,7,3,19,29,3,0,9922,0.4726871845771316,0.3008343038355467,0.03263388472680006,0.19384462686052165,3.1700000000000004,6.34,5.42,7.130000000000001
2012-07-20,5117,1224,3133,1788,16220.89,7760.16,16980.86,12748.44,53710.350000000006,2012,7,4,20,29,3,0,11262,0.3020067826778265,0.1444816501847409,0.31615619708305753,0.237355370054375,3.17,6.34,5.42,7.13
2012-07-21,5673,1606,1961,1794,17983.41,10182.04,10628.62,12791.22,51585.29,2012,7,5,21,29,3,1,11034,0.34861507999664243,0.19738262593851855,0.2060397450513509,0.24796254901348813,3.17,6.340000000000001,5.420000000000001,7.13
2012-07-22,2129,1439,5141,1843,6748.93,9123.26,27864.22,13140.59,56877.0,2012,7,6,22,29,3,1,10552,0.11865833289378835,0.1604033264764316,0.4899031242857394,0.23103521634404064,3.17,6.34,5.42,7.13
2012-07-23,5658,2016,4942,1543,17935.86,12781.44,26785.64,11001.59,68504.53,2012,7,0,23,30,3,0,14159,0.2618200577392473,0.1865780262998666,0.3910053831476546,0.16059653281323147,3.17,6.34,5.42,7.13
2012-07-24,3534,2422,1519,421,11202.78,15355.48,8232.98,3001.73,37792.97000000001,2012,7,1,24,30,3,0,7896,0.29642497004072443,0.406305193796624,0.2178442181178139,0.07942561804483743,3.1700000000000004,6.34,5.42,7.13
2012-07-25,3270,1334,2504,1036,10365.9,8457.56,13571.68,7386.68,39781.82,2012,7,2,25,30,3,0,8144,0.2605687723688861,0.21259861916825323,0.3411528180460321,0.1856797904168286,3.17,6.34,5.42,7.13
2012-07-26,4741,2241,2897,1261,15028.97,14207.94,15701.74,8990.93,53929.58,2012,7,3,26,30,3,0,11140,0.2786776755910207,0.2634535629611801,0.291152647582273,0.16671611386552612,3.17,6.34,5.42,7.13
2012-07-27,6072,1117,5238,1891,19248.24,7081.78,28389.96,13482.83,68202.81,2012,7,4,27,30,3,0,14318,0.2822206299124626,0.1038341382121939,0.4162579225108174,0.1976873093645262,3.1700000000000004,6.34,5.42,7.13
2012-07-28,2479,3095,3811,1744,7858.43,19622.3,20655.62,12434.72,60571.07,2012,7,5,28,30,3,1,11129,0.12973899916247147,0.3239549837901163,0.3410146130817897,0.2052914039656225,3.17,6.34,5.42,7.13
2012-07-29,2112,2561,3628,1801,6695.04,16236.74,19663.76,12841.13,55436.66999999999,2012,7,6,29,30,3,1,10102,0.12076915875358316,0.2928880829241728,0.35470673112219764,0.2316360272000465,3.17,6.34,5.42,7.13
2012-07-30,5229,2789,2507,1177,16575.93,17682.26,13587.94,8392.01,56238.14000000001,2012,7,0,30,31,3,0,11702,0.29474534541860736,0.31441758208930803,0.24161432081501982,0.1492227516770647,3.17,6.34,5.42,7.13
2012-07-31,2715,829,2827,666,8606.55,5255.86,15322.34,4748.58,33933.33,2012,7,1,31,31,3,0,7037,0.25363116440384714,0.15488783446835308,0.4515424805051552,0.13993852062264445,3.17,6.34,5.42,7.13
2012-08-01,2349,790,2257,672,7446.33,5008.6,12232.94,4791.36,29479.230000000003,2012,8,2,1,31,3,0,6068,0.2525958106775516,0.16990267384867244,0.4149680978777261,0.1625334175960498,3.17,6.340000000000001,5.42,7.13
2012-08-02,6737,1718,4081,1833,21356.29,10892.12,22119.02,13069.29,67436.72,2012,8,3,2,31,3,0,14369,0.31668636908793907,0.16151615914890285,0.3279966759949179,0.19380079576824022,3.17,6.340000000000001,5.42,7.130000000000001
2012-08-03,6163,2631,731,552,19536.71,16680.54,3962.02,3935.76,44115.03,2012,8,4,3,31,3,0,10077,0.4428583636914675,0.3781146697622103,0.08981111426196468,0.08921585228435752,3.17,6.340000000000001,5.42,7.130000000000001
2012-08-04,4351,276,2337,1599,13792.67,1749.84,12666.54,11400.87,39609.920000000006,2012,8,5,4,31,3,1,8563,0.34821251848021906,0.04417681227328911,0.3197820142025028,0.28782865504398897,3.17,6.34,5.420000000000001,7.130000000000001
2012-08-05,1637,3891,5004,1396,5189.29,24668.94,27121.68,9953.48,66933.39,2012,8,6,5,31,3,1,11928,0.07752916743048574,0.3685595485302627,0.40520403941889094,0.1487072446203606,3.17,6.34,5.42,7.13
2012-08-06,2376,3798,1058,1784,7531.92,24079.32,5734.36,12719.92,50065.52,2012,8,0,6,32,3,0,9016,0.15044126177057585,0.4809561550544167,0.11453711057030867,0.2540654726046988,3.17,6.34,5.42,7.13
2012-08-07,3887,3872,1703,1891,12321.79,24548.48,9230.26,13482.83,59583.36000000001,2012,8,1,7,32,3,0,11353,0.20679918017379348,0.41200227714583393,0.15491338521358983,0.22628515746678265,3.1700000000000004,6.34,5.42,7.13
2012-08-08,7065,3097,4439,633,22396.05,19634.98,24059.38,4513.29,70603.7,2012,8,2,8,32,3,0,15234,0.31720788004028116,0.27810128930920053,0.34076656039272735,0.06392427025779103,3.17,6.34,5.42,7.13
2012-08-09,7095,2671,4351,834,22491.15,16934.14,23582.42,5946.42,68954.13,2012,8,3,9,32,3,0,14951,0.32617553147287914,0.24558557986301907,0.3420015595875112,0.08623732907659047,3.1700000000000004,6.34,5.42,7.13
2012-08-10,4555,3530,1733,1137,14439.35,22380.2,9392.86,8106.81,54319.22,2012,8,4,10,32,3,0,10955,0.2658239569713998,0.4120125436263628,0.1729196405986684,0.14924385880356897,3.17,6.34,5.42,7.130000000000001
2012-08-11,7719,1551,917,1870,24469.23,9833.34,4970.14,13333.1,52605.81,2012,8,5,11,32,3,1,12057,0.4651431087174592,0.1869249803396241,0.09447891782295531,0.2534529931199615,3.17,6.34,5.42,7.13
2012-08-12,2609,2406,402,1597,8270.53,15254.04,2178.84,11386.61,37090.02,2012,8,6,12,32,3,1,7014,0.22298532057949824,0.4112707407545211,0.05874464343777653,0.3069992952282043,3.1700000000000004,6.340000000000001,5.42,7.130000000000001
2012-08-13,669,1817,2541,554,2120.73,11519.78,13772.22,3950.02,31362.75,2012,8,0,13,33,3,0,5581,0.06761938924360907,0.36730771376872245,0.4391266709711361,0.12594622601653235,3.17,6.340000000000001,5.42,7.13
2012-08-14,5005,672,3778,1077,15865.85,4260.48,20476.76,7679.01,48282.1,2012,8,1,14,33,3,0,10532,0.32860728924383986,0.08824139795079335,0.4241066565041703,0.15904465630119652,3.17,6.339999999999999,5.42,7.13
2012-08-15,6447,3646,630,426,20436.99,23115.64,3414.6,3037.38,50004.61,2012,8,2,15,33,3,0,11149,0.40870211766475134,0.4622701786895248,0.06828570405808584,0.06074199958763802,3.1700000000000004,6.34,5.42,7.13
2012-08-16,5525,3238,3436,1389,17514.25,20528.92,18623.12,9903.57,66569.85999999999,2012,8,3,16,33,3,0,13588,0.2630957913986901,0.3083816009226999,0.27975302937395397,0.14876957830465623,3.17,6.34,5.42,7.13
2012-08-17,1761,2814,4988,1348,5582.37,17840.76,27034.96,9611.24,60069.33,2012,8,4,17,33,3,0,10911,0.09293211693887712,0.2970028132492904,0.45006261931005387,0.16000245050177853,3.17,6.34,5.42,7.13
2012-08-18,4527,2472,4554,1089,14350.59,15672.48,24682.68,7764.57,62470.32,2012,8,5,18,33,3,1,12642,0.22971852873492565,0.250878817332775,0.3951105100790263,0.12429214385327304,3.17,6.34,5.42,7.13
2012-08-19,2735,2042,2053,569,8669.95,12946.28,11127.26,4056.97,36800.46000000001,2012,8,6,19,33,3,1,7399,0.23559352247227341,0.351796689497903,0.30236741605947315,0.11024237197035035,3.1700000000000004,6.340000000000001,5.42,7.13
2012-08-20,632,2576,5438,1360,2003.44,16331.84,29473.96,9696.8,57506.03999999999,2012,8,0,20,34,3,0,10006,0.034838775196483714,0.28400216742450013,0.5125367700505895,0.1686222873284267,3.17,6.34,5.42,7.13
2012-08-21,4782,2449,2843,1191,15158.94,15526.66,15409.06,8491.83,54586.49,2012,8,1,21,34,3,0,11265,0.277704977916697,0.2844414432948519,0.2822870640702489,0.15556651471820226,3.17,6.34,5.42,7.13
2012-08-22,5941,1467,4352,425,18832.97,9300.78,23587.84,3030.25,54751.84,2012,8,2,22,34,3,0,12185,0.3439696273221138,0.1698715513487766,0.43081364936776556,0.055345171961344135,3.1700000000000004,6.340000000000001,5.42,7.13
2012-08-23,7090,1316,5264,568,22475.3,8343.44,28530.88,4049.84,63399.45999999999,2012,8,3,23,34,3,0,14238,0.3545030194263485,0.13160112089282783,0.4500177130846226,0.06387814659620131,3.17,6.340000000000001,5.42,7.13
2012-08-24,7595,1454,2315,1129,24076.15,9218.36,12547.3,8049.77,53891.58,2012,8,4,24,34,3,0,12493,0.44675160757951426,0.1710538084056916,0.23282486800349886,0.14936971601129528,3.1700000000000004,6.340000000000001,5.42,7.130000000000001
2012-08-25,3407,1664,5099,478,10800.19,10549.76,27636.58,3408.14,52394.67,2012,8,5,25,34,3,1,10648,0.2061314633721331,0.20135177872100352,0.5274693017438606,0.06504745616300284,3.17,6.34,5.42,7.13
2012-08-26,3361,1978,2164,729,10654.37,12540.52,11728.88,5197.77,40121.53999999999,2012,8,6,26,34,3,1,8232,0.26555236912640945,0.3125632764844022,0.29233374391910183,0.12955061047008667,3.1700000000000004,6.34,5.42,7.130000000000001
2012-08-27,5409,3603,3907,1385,17146.53,22843.02,21175.94,9875.05,71040.54000000001,2012,8,0,27,35,3,0,14304,0.24136260788558192,0.3215490760627664,0.29808247516136555,0.139005840890286,3.17,6.34,5.42,7.13
2012-08-28,5497,2901,4721,1709,17425.49,18392.34,25587.82,12185.17,73590.82,2012,8,1,28,35,3,0,14828,0.2367889092688463,0.24992709688518214,0.3477039663371056,0.1655800275088659,3.1700000000000004,6.34,5.42,7.13
2012-08-29,5019,2843,4419,587,15910.23,18024.62,23950.98,4185.31,62071.14,2012,8,2,29,35,3,0,12868,0.25632250350162733,0.2903864823491239,0.3858633819195201,0.06742763222972867,3.17,6.34,5.42,7.130000000000001
2012-08-31,1249,2313,5939,704,3959.33,14664.42,32189.38,5019.52,55832.65000000001,2012,8,4,31,35,3,0,10205,0.07091424103996495,0.2626495428750023,0.5765332650339899,0.0899029510510427,3.17,6.34,5.42,7.130000000000001
2012-09-01,1721,3957,5744,1432,5455.57,25087.38,31132.48,10210.16,71885.59,2012,9,5,1,35,3,1,12854,0.07589240068837162,0.3489903887552429,0.4330837376447769,0.1420334729116086,3.17,6.34,5.42,7.13
2012-09-02,5682,1033,4525,397,18011.94,6549.22,24525.5,2830.61,51917.27,2012,9,6,2,35,3,1,11637,0.34693542245191245,0.12614723385879112,0.47239579430890727,0.05452154938038923,3.17,6.34,5.42,7.13
2012-09-03,268,324,1406,1088,849.56,2054.16,7620.52,7757.44,18281.68,2012,9,0,3,36,3,0,3086,0.046470565068418214,0.11236166479229479,0.41683915263805077,0.4243286175012362,3.17,6.34,5.42,7.13
2012-09-04,1644,1391,3463,1071,5211.48,8818.94,18769.46,7636.23,40436.11,2012,9,1,4,36,3,0,7569,0.12888183358883926,0.21809565756943486,0.4641757082963717,0.18884680054535413,3.17,6.340000000000001,5.42,7.13
2012-09-05,5673,3350,2901,980,17983.41,21239.0,15723.42,6987.4,61933.23,2012,9,2,5,36,3,0,12904,0.290367707287348,0.34293383374321024,0.2538769574911562,0.11282150147828555,3.17,6.34,5.42,7.13
2012-09-06,5139,1750,5480,1558,16290.63,11095.0,29701.6,11108.54,68195.76999999999,2012,9,3,6,36,3,0,13927,0.23888035870846538,0.16269337526359776,0.4355343447254867,0.1628919213024503,3.17,6.34,5.42,7.130000000000001
2012-09-07,6681,2604,2537,319,21178.77,16509.36,13750.54,2274.47,53713.14000000001,2012,9,4,7,36,3,0,12141,0.3942940219097226,0.30736166234184037,0.25599955616074577,0.0423447595876912,3.17,6.34,5.42,7.129999999999999
2012-09-08,1069,3947,5851,1474,3388.73,25023.98,31712.42,10509.62,70634.75,2012,9,5,8,36,3,1,12341,0.04797539454730144,0.3542729322323644,0.4489634351363882,0.14878823808394595,3.17,6.34,5.42,7.130000000000001
2012-09-09,296,1154,4546,255,938.32,7316.36,24639.32,1818.15,34712.15,2012,9,6,9,36,3,1,6251,0.02703145728512927,0.2107723088313458,0.709818320098294,0.05237791378523082,3.1700000000000004,6.34,5.42,7.130000000000001
2012-09-10,3688,2183,2082,778,11690.96,13840.22,11284.44,5547.14,42362.76,2012,9,0,10,37,3,0,8731,0.27597257591337293,0.32670723059592904,0.2663764117352127,0.13094378175548524,3.17,6.34,5.42,7.130000000000001
2012-09-11,3538,1861,5755,1253,11215.46,11798.74,31192.1,8933.89,63140.19,2012,9,1,11,37,3,0,12407,0.17762791021059643,0.18686576647932163,0.49401340097329444,0.14149292233678737,3.17,6.34,5.42,7.13
2012-09-12,6341,409,4484,1661,20100.97,2593.06,24303.28,11842.93,58840.24,2012,9,2,12,37,3,0,12895,0.341619442748704,0.04406950073623085,0.4130384240444974,0.20127263247056779,3.1700000000000004,6.34,5.42,7.13
2012-09-13,6455,2901,1136,1640,20462.35,18392.34,6157.12,11693.2,56705.01000000001,2012,9,3,13,37,3,0,12132,0.36085612188411564,0.324351234573453,0.10858158741176484,0.2062110561306664,3.17,6.34,5.42,7.130000000000001
2012-09-14,6584,1109,1795,1275,20871.28,7031.06,9728.9,9090.75,46721.99,2012,9,4,14,37,3,0,10763,0.4467121370472448,0.15048716888985253,0.20822957241333256,0.19457112164957016,3.17,6.340000000000001,5.42,7.13
2012-09-15,1114,2116,4191,1751,3531.38,13415.44,22715.22,12484.63,52146.67,2012,9,5,15,37,3,1,9172,0.06772014397084225,0.2572635989987472,0.4356025034772115,0.23941375355319908,3.17,6.34,5.42,7.13
2012-09-16,5192,569,2986,299,16458.64,3607.46,16184.12,2131.87,38382.09,2012,9,6,16,37,3,1,9046,0.42881041652499907,0.09398810747408493,0.42165812231694527,0.055543353683970835,3.17,6.34,5.42,7.13
2012-09-17,7148,1209,1851,1652,22659.16,7665.06,10032.42,11778.76,52135.4,2012,9,0,17,38,3,0,11860,0.43462138968915554,0.14702217687022637,0.1924300954821484,0.22592633795846967,3.17,6.340000000000001,5.42,7.13
2012-09-18,6720,2101,2316,1226,21302.4,13320.34,12552.72,8741.38,55916.84,2012,9,1,18,38,3,0,12363,0.38096573411516105,0.23821696648093849,0.22448908057036127,0.15632821883353923,3.1700000000000004,6.34,5.42,7.129999999999999
2012-09-19,473,1887,2051,935,1499.41,11963.58,11116.42,6666.55,31245.96,2012,9,2,19,38,3,0,5346,0.047987323801221025,0.38288405925118,0.3557714341310045,0.21335718281659455,3.1700000000000004,6.34,5.42,7.13
2012-09-20,1540,1208,4231,1339,4881.8,7658.72,22932.02,9547.07,45019.61,2012,9,3,20,38,3,0,8318,0.10843718992678969,0.1701196434176129,0.5093784686273382,0.21206469802825922,3.17,6.34,5.42,7.13
2012-09-21,4762,347,1649,498,15095.54,2199.98,8937.58,3550.74,29783.84,2012,9,4,21,38,3,0,7256,0.5068365932666843,0.07386488780493046,0.30008152071727484,0.11921699821111045,3.1700000000000004,6.34,5.42,7.13
2012-09-22,6298,3958,4314,1001,19964.66,25093.72,23381.88,7137.13,75577.39000000001,2012,9,5,22,38,3,1,15571,0.26416180818099166,0.33202681383943,0.3093766535203187,0.09443472445925956,3.17,6.34,5.42,7.13
2012-09-23,1883,1551,3698,1890,5969.11,9833.34,20043.16,13475.7,49321.31,2012,9,6,23,38,3,1,9022,0.1210249687204172,0.19937304990479776,0.4063793114984172,0.2732226698763679,3.17,6.34,5.42,7.130000000000001
2012-09-24,1607,2645,4742,1033,5094.19,16769.3,25701.64,7365.29,54930.42,2012,9,0,24,39,3,0,10027,0.09273895957831743,0.3052825738452391,0.4678944745006501,0.13408399207579336,3.17,6.34,5.42,7.13
2012-09-25,1290,2096,3184,1124,4089.3,13288.64,17257.28,8014.12,42649.34,2012,9,1,25,39,3,0,7694,0.09588190579268051,0.3115790302968346,0.4046318184525247,0.1879072454579602,3.17,6.34,5.42,7.13
2012-09-26,461,2390,661,1664,1461.37,15152.6,3582.62,11864.32,32060.91,2012,9,2,26,39,3,0,5176,0.04558105181668268,0.472619148988597,0.11174417694319967,0.3700556222515206,3.17,6.34,5.42,7.13
2012-09-27,2045,3994,3407,461,6482.65,25321.96,18465.94,3286.93,53557.48,2012,9,3,27,39,3,0,9907,0.12104098251075292,0.47279969109823683,0.3447873200904896,0.06137200630052048,3.17,6.34,5.42,7.13
2012-09-28,2665,3681,3631,966,8448.05,23337.54,19680.02,6887.58,58353.19,2012,9,4,28,39,3,0,10943,0.1447744330686977,0.39993597607945686,0.3372569691562706,0.11803262169557482,3.17,6.34,5.42,7.13
2012-09-29,5814,2674,705,1648,18430.38,16953.16,3821.1,11750.24,50954.88,2012,9,5,29,39,3,1,10841,0.3616999981159803,0.3327092517929588,0.07498987339387317,0.2306008766971878,3.1700000000000004,6.34,5.42,7.13
2012-09-30,2377,1141,774,1424,7535.09,7233.94,4195.08,10153.12,29117.230000000003,2012,9,6,30,39,3,1,5716,0.2587845753184626,0.2484419019254235,0.1440755181725734,0.3486980045835404,3.17,6.34,5.42,7.130000000000001
2012-10-01,2533,1093,2696,1286,8029.61,6929.62,14612.32,9169.18,38740.73,2012,10,0,1,40,4,0,7608,0.2072653251500423,0.17887169395104324,0.37718236078669654,0.2366806201122178,3.17,6.34,5.42,7.13
2012-10-02,865,1516,5277,1631,2742.05,9611.44,28601.34,11629.03,52583.86,2012,10,1,2,40,4,0,9289,0.052146228899894384,0.18278308210922517,0.5439186092462592,0.22115207974462125,3.1700000000000004,6.340000000000001,5.42,7.130000000000001
2012-10-03,6530,857,5632,590,20700.1,5433.38,30525.44,4206.7,60865.62,2012,10,2,3,40,4,0,13609,0.3400951144504894,0.08926845729986814,0.5015218772108129,0.06911455103882946,3.17,6.34,5.42,7.13
2012-10-04,5612,2549,3313,1828,17790.04,16160.66,17956.46,13033.64,64940.8,2012,10,3,4,40,4,0,13302,0.2739424214053415,0.24885218537498766,0.2765050630728294,0.2007003301468414,3.1700000000000004,6.34,5.42,7.13
2012-10-05,3695,3835,4363,1802,11713.15,24313.9,23647.46,12848.26,72522.77,2012,10,4,5,40,4,0,13695,0.1615099643877364,0.3352588435328656,0.3260694537729322,0.17716173830646567,3.17,6.340000000000001,5.42,7.13
2012-10-06,7517,2580,4707,699,23828.89,16357.2,25511.94,4983.87,70681.9,2012,10,5,6,40,4,1,15503,0.33712860010837287,0.2314199250444598,0.3609402124164744,0.07051126243069301,3.17,6.34,5.42,7.13
2012-10-07,2203,2602,2260,1621,6983.51,16496.68,12249.2,11557.73,47287.12,2012,10,6,7,40,4,1,8686,0.14768313232017513,0.34886201570321895,0.2590388249485272,0.24441602702807866,3.17,6.34,5.42,7.13
2012-10-08,6530,3793,1011,1235,20700.1,24047.62,5479.62,8805.55,59032.89,2012,10,0,8,41,4,0,12569,0.35065367797510844,0.40735969389267573,0.09282317026999694,0.14916345786221882,3.17,6.34,5.42,7.129999999999999
2012-10-09,1900,3939,4374,1905,6023.0,24973.26,23707.08,13582.65,68285.98999999999,2012,10,1,9,41,4,0,12118,0.08820257273856615,0.3657157200181179,0.34717340994836576,0.19890829729495027,3.17,6.34,5.420000000000001,7.13
2012-10-10,2342,1168,3693,1289,7424.14,7405.12,20016.06,9190.57,44035.89,2012,10,2,10,41,4,0,8492,0.16859293635259787,0.1681610159349567,0.45453969478078,0.2087063529316655,3.17,6.34,5.42,7.13
2012-10-11,4088,1658,4411,472,12958.96,10511.72,23907.62,3365.36,50743.66,2012,10,3,11,41,4,0,10629,0.25538086925539066,0.2071533665486486,0.47114496668155187,0.0663207975144087,3.17,6.34,5.42,7.13
2012-10-12,2656,1431,1366,717,8419.52,9072.54,7403.72,5112.21,30007.99,2012,10,4,12,41,4,0,6170,0.28057593994132896,0.3023374774518387,0.2467249555868287,0.17036162702000365,3.1700000000000004,6.340000000000001,5.42,7.13
2012-10-13,7783,3808,1534,1286,24672.11,24142.72,8314.28,9169.18,66298.29000000001,2012,10,5,13,41,4,1,14411,0.37213795408599526,0.36415298192457146,0.12540715605183783,0.13830190793759536,3.17,6.340000000000001,5.420000000000001,7.13
2012-10-14,5859,1302,4287,784,18573.03,8254.68,23235.54,5589.92,55653.17,2012,10,6,14,41,4,1,12232,0.3337281595998934,0.14832362648884154,0.417506136667507,0.10044207724375809,3.17,6.34,5.42,7.13
2012-10-15,3186,377,5682,1450,10099.62,2390.18,30796.44,10338.5,53624.74,2012,10,0,15,42,4,0,10695,0.18833881525579427,0.04457233732042337,0.5742953718749965,0.1927934755487859,3.1700000000000004,6.34,5.42,7.13
2012-10-16,2101,2456,1295,1037,6660.17,15571.04,7018.9,7393.81,36643.92,2012,10,1,16,42,4,0,6889,0.181753753419394,0.4249283373612867,0.19154337199731905,0.20177453722200028,3.17,6.340000000000001,5.42,7.130000000000001
2012-10-17,5816,2516,2076,1130,18436.72,15951.44,11251.92,8056.9,53696.98,2012,10,2,17,42,4,0,11538,0.3433474284773557,0.2970640062066805,0.209544745346945,0.15004381996901872,3.1700000000000004,6.34,5.42,7.13
2012-10-18,743,2260,1323,1150,2355.31,14328.4,7170.66,8199.5,32053.87,2012,10,3,18,42,4,0,5476,0.07347973895195806,0.4470099866256399,0.2237065290400192,0.2558037453823829,3.17,6.34,5.42,7.13
2012-10-19,6561,2651,1877,1860,20798.37,16807.34,10173.34,13261.8,61040.850000000006,2012,10,4,19,42,4,0,12949,0.3407287087253863,0.2753457725441241,0.166664455032982,0.21726106369750744,3.17,6.34,5.42,7.13
2012-10-20,7875,1511,2797,790,24963.75,9579.74,15159.74,5632.7,55335.92999999999,2012,10,5,20,42,4,1,12973,0.45113093789152914,0.17311970721373982,0.2739583485811118,0.10179100631361938,3.17,6.34,5.42,7.13
2012-10-21,6713,661,3284,590,21280.21,4190.74,17799.28,4206.7,47476.92999999999,2012,10,6,21,42,4,1,11248,0.44822211545691776,0.0882689761111344,0.37490376905162154,0.08860513938032641,3.17,6.34,5.42,7.13
2012-10-22,7810,3608,2715,1488,24757.7,22874.72,14715.3,10609.44,72957.16,2012,10,0,22,43,4,0,15621,0.3393457201459048,0.31353632734607545,0.2016978182813037,0.14542013422671607,3.17,6.340000000000001,5.42,7.130000000000001
2012-10-23,6585,2056,2149,1826,20874.45,13035.04,11647.58,13019.38,58576.45,2012,10,1,23,43,4,0,12616,0.3563624972151778,0.22253038550475493,0.19884407470920482,0.22226304257086252,3.17,6.340000000000001,5.42,7.13
2012-10-24,2146,1167,3469,626,6802.82,7398.78,18801.98,4463.38,37466.96,2012,10,2,24,43,4,0,7408,0.18156850729282545,0.19747478845361352,0.5018282775010302,0.11912842675253077,3.17,6.34,5.42,7.13
2012-10-25,7588,3898,3723,500,24053.96,24713.32,20178.66,3565.0,72510.94,2012,10,3,25,43,4,0,15709,0.3317287019034645,0.3408219504532695,0.27828435267836826,0.04916499496489771,3.17,6.34,5.42,7.13
2012-10-26,871,2016,5767,1700,2761.07,12781.44,31257.14,12121.0,58920.65,2012,10,4,26,43,4,0,10354,0.046860820442408566,0.2169263237931014,0.5304955053958162,0.2057173503686738,3.1700000000000004,6.34,5.42,7.13
2012-10-27,4618,1979,3997,1635,14639.06,12546.86,21663.74,11657.55,60507.21000000001,2012,10,5,27,43,4,1,12229,0.24193910114183084,0.20736140370709538,0.3580356787232464,0.19266381642782732,3.17,6.34,5.420000000000001,7.13
2012-10-28,1915,393,5139,1168,6070.55,2491.62,27853.38,8327.84,44743.39,2012,10,6,28,43,4,1,8615,0.13567478905822739,0.05568688469961708,0.6225138506492244,0.18612447559293116,3.17,6.34,5.42,7.13
2012-10-29,5822,3158,2749,535,18455.74,20021.72,14899.58,3814.55,57191.59000000001,2012,10,0,29,44,4,0,12264,0.3227002431651227,0.3500815417091918,0.2605204716287831,0.06669774349690225,3.1700000000000004,6.340000000000001,5.42,7.130000000000001
2012-10-30,6824,1979,2084,338,21632.08,12546.86,11295.28,2409.94,47884.16,2012,10,1,30,44,4,0,11225,0.45175857736671166,0.26202527098731604,0.2358876087624801,0.05032854288349216,3.1700000000000004,6.34,5.42,7.13
2012-11-01,2744,1142,5750,1627,8698.48,7240.28,31165.0,11600.51,58704.27,2012,11,3,1,44,4,0,11263,0.1481745706061927,0.12333481022760355,0.5308813140849891,0.19760930508121471,3.17,6.34,5.42,7.13
2012-11-02,4171,3461,955,767,13222.07,21942.74,5176.1,5468.71,45809.62,2012,11,4,2,44,4,0,9354,0.28863085963166685,0.47899851603222204,0.11299155068302248,0.11937907365308859,3.17,6.340000000000001,5.420000000000001,7.13
2012-11-03,1129,1018,5991,1561,3578.93,6454.12,32471.22,11129.93,53634.2,2012,11,5,3,44,4,1,9699,0.06672850531936712,0.12033590507549288,0.6054200491477454,0.20751554045739473,3.17,6.34,5.42,7.13
2012-11-04,5810,2467,1854,511,18417.7,15640.78,10048.68,3643.43,47750.59,2012,11,6,4,44,4,1,10642,0.38570622897015516,0.3275515548603693,0.21044095999651524,0.07630125617296038,3.17,6.34,5.42,7.13
2012-11-05,2277,3615,1096,1609,7218.09,22919.1,5940.32,11472.17,47549.67999999999,2012,11,0,5,45,4,0,8597,0.15180102158416212,0.48200324376525777,0.12492870614481529,0.24126702850576495,3.17,6.34,5.42,7.13
2012-11-06,7790,510,2429,732,24694.3,3233.4,13165.18,5219.16,46312.04000000001,2012,11,1,6,45,4,0,11461,0.5332155525863251,0.06981769751451242,0.28427121759266055,0.1126955323065017,3.17,6.34,5.42,7.13
2012-11-07,6387,1929,5576,1809,20246.79,12229.86,30221.92,12898.17,75596.74,2012,11,2,7,45,4,0,15701,0.2678262316602541,0.16177761104513236,0.3997780856687735,0.17061807162583995,3.17,6.34,5.42,7.13
2012-11-08,3132,3134,2754,1184,9928.44,19869.56,14926.68,8441.92,53166.6,2012,11,3,8,45,4,0,10204,0.18674205234113148,0.37372260027912263,0.2807529539221993,0.15878239345754666,3.1700000000000004,6.340000000000001,5.42,7.13
2012-11-09,4202,821,3100,897,13320.34,5205.14,16802.0,6395.61,41723.09,2012,11,4,9,45,4,0,9020,0.319255836516423,0.12475442255115814,0.4027026761440728,0.15328706478834622,3.17,6.340000000000001,5.42,7.13
2012-11-10,4921,1484,5703,1995,15599.57,9408.56,30910.26,14224.35,70142.74,2012,11,5,10,45,4,1,14103,0.22239749972698528,0.13413448063192282,0.44067654043739946,0.20279147920369234,3.17,6.34,5.42,7.13
2012-11-11,4045,3479,2823,1606,12822.65,22056.86,15300.66,11450.78,61630.95,2012,11,6,11,45,4,1,11953,0.20805536828492827,0.3578860945677456,0.24826260182586835,0.18579593532145783,3.17,6.34,5.42,7.130000000000001
2012-11-12,3188,2142,5493,1739,10105.96,13580.28,29772.06,12399.07,65857.37,2012,11,0,12,46,4,0,12562,0.15345222562030641,0.20620744496781457,0.45206876618364816,0.18827156322823096,3.17,6.340000000000001,5.42,7.13
2012-11-13,3236,274,4872,260,10258.12,1737.16,26406.24,1853.8,40255.32000000001,2012,11,1,13,46,4,0,8642,0.2548264428155086,0.043153550884702935,0.6559689501909313,0.04605105610885715,3.1700000000000004,6.34,5.42,7.13
2012-11-14,6145,498,4273,1942,19479.65,3157.32,23159.66,13846.46,59643.09,2012,11,2,14,46,4,0,12858,0.3266036350564668,0.05293689512062504,0.3883041606328579,0.23215530919005034,3.1700000000000004,6.340000000000001,5.42,7.13
2012-11-15,3260,1954,2317,887,10334.2,12388.36,12558.14,6324.31,41605.01,2012,11,3,15,46,4,0,8418,0.24838835515242036,0.2977612551949873,0.30184201373824926,0.15200837591434302,3.1700000000000004,6.34,5.42,7.130000000000001
2012-11-16,5731,2341,1541,463,18167.27,14841.94,8352.22,3301.19,44662.62,2012,11,4,16,46,4,0,10076,0.40676677722892207,0.3323123453124783,0.18700694227074002,0.07391393518785955,3.17,6.34,5.42,7.13
2012-11-17,2408,1768,1693,553,7633.36,11209.12,9176.06,3942.89,31961.43,2012,11,5,17,46,4,1,6422,0.23883036522458476,0.3507077123895896,0.28709791770893855,0.1233640046768871,3.17,6.340000000000001,5.42,7.13
2012-11-18,761,560,1769,1828,2412.37,3550.4,9587.98,13033.64,28584.39,2012,11,6,18,46,4,1,4918,0.08439466436051285,0.12420765319812667,0.33542713348089637,0.4559705489604641,3.17,6.34,5.42,7.13
2012-11-19,1543,3060,2811,1276,4891.31,19400.4,15235.62,9097.88,48625.21,2012,11,0,19,47,4,0,8690,0.10059205913969319,0.3989782254924966,0.31332759282684847,0.18710212254096176,3.1700000000000004,6.340000000000001,5.42,7.129999999999999
2012-11-20,2839,2831,2642,1816,8999.63,17948.54,14319.64,12948.08,54215.89,2012,11,1,20,47,4,0,10128,0.16599616828202948,0.33105681747546706,0.26412256628084496,0.23882444796165847,3.17,6.340000000000001,5.42,7.13
2012-11-21,1759,2346,5806,1360,5576.03,14873.64,31468.52,9696.8,61614.990000000005,2012,11,2,21,47,4,0,11271,0.09049794538634186,0.24139645238926433,0.5107283146520026,0.15737728757239106,3.17,6.34,5.42,7.13
2012-11-22,2612,2847,3322,1975,8280.04,18049.98,18005.24,14081.75,58417.01,2012,11,3,22,47,4,0,10756,0.14174022258242935,0.3089850028270875,0.30821913001024875,0.2410556445802344,3.1700000000000004,6.34,5.420000000000001,7.13
2012-11-23,6309,3291,575,311,19999.53,20864.94,3116.5,2217.43,46198.4,2012,11,4,23,47,4,0,10486,0.43290525212994385,0.45163771905520533,0.06745904620073422,0.0479979826141165,3.17,6.34,5.42,7.13
2012-11-24,2377,1257,4654,1823,7535.09,7969.38,25224.68,12997.99,53727.14,2012,11,5,24,47,4,1,10111,0.1402473684621962,0.14833062024146457,0.4694960498548778,0.24192596144146142,3.17,6.34,5.42,7.13
2012-11-25,7738,1436,2928,297,24529.46,9104.24,15869.76,2117.61,51621.07,2012,11,6,25,47,4,1,12399,0.4751830986843163,0.176366743269754,0.3074279552903495,0.04102220275558023,3.17,6.34,5.42,7.130000000000001
2012-11-26,7033,615,658,796,22294.61,3899.1,3566.36,5675.48,35435.55,2012,11,0,26,48,4,0,9102,0.629159417590527,0.11003356798469333,0.10064356274983738,0.16016345167494223,3.17,6.34,5.42,7.13
2012-11-27,2832,883,907,1338,8977.44,5598.22,4915.94,9539.94,29031.54,2012,11,1,27,48,4,0,5960,0.30923058163638584,0.19283234716449765,0.16933101034254466,0.32860606085657185,3.1700000000000004,6.34,5.42,7.130000000000001
2012-11-28,6058,3737,3465,1965,19203.86,23692.58,18780.3,14010.45,75687.19,2012,11,2,28,48,4,0,15225,0.2537266874354828,0.3130328923560249,0.2481304960588443,0.18510992414964805,3.17,6.340000000000001,5.42,7.130000000000001
2012-11-29,2231,3306,319,874,7072.27,20960.04,1728.98,6231.62,35992.91,2012,11,3,29,48,4,0,6730,0.19649064218480805,0.5823380215714705,0.048036682780025285,0.17313465346369603,3.1700000000000004,6.34,5.42,7.13
2012-11-30,3768,2043,2834,736,11944.56,12952.62,15360.28,5247.68,45505.14,2012,11,4,30,48,4,0,9381,0.2624881496903427,0.28464081200497354,0.33755043935696055,0.11532059894772327,3.17,6.340000000000001,5.42,7.130000000000001
2012-12-01,5282,621,867,838,16743.94,3937.14,4699.14,5974.94,31355.16,2012,12,5,1,48,4,1,7608,0.5340090753802563,0.12556593555893192,0.1498681556719851,0.1905568333888266,3.17,6.34,5.420000000000001,7.13
2012-12-02,6410,1854,2321,1645,20319.7,11754.36,12579.82,11728.85,56382.73,2012,12,6,2,48,4,1,12230,0.36038872186572024,0.20847447436475672,0.2231147729100737,0.20802203085944934,3.17,6.340000000000001,5.42,7.13
2012-12-03,6466,564,2436,1883,20497.22,3575.76,13203.12,13425.79,50701.89000000001,2012,12,0,3,49,4,0,11349,0.4042693477501529,0.07052518160565611,0.26040686057265316,0.26479861007153777,3.1700000000000004,6.340000000000001,5.42,7.130000000000001
2012-12-04,7101,490,1300,1734,22510.17,3106.6,7046.0,12363.42,45026.19,2012,12,1,4,49,4,0,10625,0.4999350378079957,0.06899540023262017,0.15648670251691293,0.2745828594424711,3.17,6.34,5.42,7.13
2012-12-05,864,3725,3642,1925,2738.88,23616.5,19739.64,13725.25,59820.27,2012,12,2,5,49,4,0,10156,0.045785149415072855,0.39479092956283884,0.32998246246631785,0.2294414585557705,3.17,6.34,5.42,7.13
2012-12-06,6753,1514,2268,1001,21407.01,9598.76,12292.56,7137.13,50435.45999999999,2012,12,3,6,49,4,0,11536,0.42444363548979236,0.19031768521591758,0.24372851957729744,0.1415101597169928,3.17,6.34,5.42,7.13
2012-12-07,6852,892,521,579,21720.84,5655.28,2823.82,4128.27,34328.21,2012,12,4,7,49,4,0,8844,0.6327402448307092,0.16474147647080928,0.08225945949410121,0.12025881920438032,3.17,6.34,5.42,7.130000000000001
2012-12-08,6154,1175,3177,1382,19508.18,7449.5,17219.34,9853.66,54030.68000000001,2012,12,5,8,49,4,1,11888,0.3610574584661899,0.13787537006752457,0.31869560035150396,0.18237157111478142,3.17,6.34,5.42,7.13
2012-12-09,4130,1949,4141,850,13092.1,12356.66,22444.22,6060.5,53953.48,2012,12,6,9,49,4,1,11070,0.24265533937755265,0.22902433726239715,0.41599207317118375,0.1123282501888664,3.17,6.34,5.42,7.13
2012-12-10,5638,3684,1690,1804,17872.46,23356.56,9159.8,12862.52,63251.34000000001,2012,12,0,10,50,4,0,12816,0.28256255124397356,0.3692658527076264,0.14481590429546629,0.20335569175293358,3.17,6.340000000000001,5.42,7.13
2012-12-11,6486,2012,1393,837,20560.62,12756.08,7550.06,5967.81,46834.56999999999,2012,12,1,11,50,4,0,10728,0.4390052049159414,0.2723646229697423,0.1612069887691934,0.1274231833451231,3.17,6.34,5.42,7.130000000000001
2012-12-12,829,1529,802,680,2627.93,9693.86,4346.84,4848.4,21517.03,2012,12,2,12,50,4,0,3840,0.12213256197532837,0.4505203552720799,0.20201858713772303,0.22532849561486878,3.17,6.340000000000001,5.42,7.13
2012-12-13,1072,1028,2450,1683,3398.24,6517.52,13279.0,11999.79,35194.55,2012,12,3,13,50,4,0,6233,0.0965558587906366,0.18518549036711648,0.37730273579289975,0.34095591504934714,3.17,6.340000000000001,5.42,7.130000000000001
2012-12-14,7852,1544,1181,1419,24890.84,9788.96,6401.02,10117.47,51198.29000000001,2012,12,4,14,50,4,0,11996,0.486165455916594,0.19119701068141137,0.12502409748450583,0.19761343591748862,3.17,6.34,5.42,7.13
2012-12-15,7472,491,4826,489,23686.24,3112.94,26156.92,3486.57,56442.67,2012,12,5,15,50,4,1,13278,0.41965130281753155,0.05515224563260385,0.46342456868181464,0.06177188286805001,3.1700000000000004,6.34,5.42,7.13
2012-12-16,3144,2619,4597,751,9966.48,16604.46,24915.74,5354.63,56841.31,2012,12,6,16,50,4,1,11111,0.17533867534017072,0.2921195869694066,0.4383385956446113,0.0942031420458114,3.17,6.34,5.42,7.13
2012-12-17,5230,699,504,1615,16579.1,4431.66,2731.68,11514.95,35257.39,2012,12,0,17,51,4,0,8048,0.47023049635835207,0.12569449979139125,0.0774782251323765,0.3265967787178802,3.17,6.34,5.42,7.130000000000001
2012-12-18,6148,2661,536,714,19489.16,16870.74,2905.12,5090.82,44355.84,2012,12,1,18,51,4,0,10059,0.43938205205898484,0.3803499155917237,0.06549577237180042,0.11477225997749113,3.17,6.340000000000001,5.42,7.13
2012-12-19,1620,578,552,810,5135.4,3664.52,2991.84,5775.3,17567.06,2012,12,2,19,51,4,0,3560,0.29233121535419127,0.20860178083299083,0.17030965910061216,0.3287573447122057,3.17,6.34,5.42,7.13
2012-12-20,263,1634,1101,1380,833.71,10359.56,5967.42,9839.4,27000.090000000004,2012,12,3,20,51,4,0,4378,0.03087804522133074,0.3836861284536458,0.22101481883949273,0.3644210074855305,3.17,6.34,5.42,7.13
2012-12-21,4304,3211,3210,1031,13643.68,20357.74,17398.2,7351.03,58750.65,2012,12,4,21,51,4,0,11756,0.23223028170752152,0.34651088966675264,0.2961362980664895,0.12512253055923636,3.17,6.340000000000001,5.42,7.13
2012-12-22,6502,1305,5079,1911,20611.34,8273.7,27528.18,13625.43,70038.65,2012,12,5,22,51,4,1,14797,0.29428522679977415,0.11813048937979247,0.3930426985671483,0.19454158525328516,3.17,6.340000000000001,5.42,7.13
2012-12-23,556,559,3145,476,1762.52,3544.06,17045.9,3393.88,25746.360000000004,2012,12,6,23,51,4,1,4736,0.06845705567699666,0.13765285655914075,0.6620702887709174,0.131819798992945,3.17,6.34,5.420000000000001,7.13
2012-12-24,7513,2099,3126,1830,23816.21,13307.66,16942.92,13047.9,67114.68999999999,2012,12,0,24,52,4,0,14568,0.35485837750274946,0.19828237305424493,0.2524472660158305,0.19441198342717522,3.17,6.34,5.419999999999999,7.13
2012-12-25,3698,1542,2582,357,11722.66,9776.28,13994.44,2545.41,38038.79000000001,2012,12,1,25,52,4,0,8179,0.3081764693356439,0.25700817507602103,0.36789918922237,0.06691616636596483,3.17,6.340000000000001,5.42,7.13
2012-12-26,5797,1135,1165,1745,18376.49,7195.9,6314.3,12441.85,44328.54,2012,12,2,26,52,4,0,9842,0.41455211473240494,0.16233108512033104,0.1424432205527184,0.28067357959454564,3.1700000000000004,6.34,5.42,7.13
2012-12-27,2291,3222,4726,998,7262.47,20427.48,25614.92,7115.74,60420.60999999999,2012,12,3,27,52,4,0,11237,0.12019855476467387,0.33808794714253965,0.42394341930675644,0.11777007878603014,3.17,6.34,5.42,7.13
2012-12-28,2136,1997,4659,1329,6771.12,12660.98,25251.78,9475.77,54159.65,2012,12,4,28,52,4,0,10121,0.1250214873988292,0.23377145162496432,0.4662471046249375,0.1749599563512689,3.17,6.34,5.42,7.13
2012-12-29,1218,1486,1085,1190,3861.06,9421.24,5880.7,8484.7,27647.7,2012,12,5,29,52,4,1,4979,0.13965212296140367,0.3407603525790572,0.21270123735428262,0.3068862871052565,3.17,6.34,5.42,7.130000000000001
2012-12-30,4163,3600,1710,448,13196.71,22824.0,9268.2,3194.24,48483.15,2012,12,6,30,52,4,1,9921,0.2721916789647537,0.4707614913634943,0.19116332169011296,0.06588350798163897,3.17,6.34,5.420000000000001,7.13
2013-01-01,656,3758,3456,1525,2079.52,23825.72,18731.52,10873.25,55510.01,2013,1,1,1,1,1,0,9395,0.037462072155994924,0.42921483890923456,0.3374440033428205,0.19587908559195,3.17,6.340000000000001,5.42,7.13
2013-01-02,2357,1244,3229,1640,7471.69,7886.96,17501.18,11693.2,44553.03,2013,1,2,2,1,1,0,8470,0.1677032964985771,0.17702409914656758,0.3928168297419951,0.26245577461286024,3.17,6.34,5.42,7.130000000000001
2013-01-03,4360,3596,2527,885,13821.2,22798.64,13696.34,6310.05,56626.23,2013,1,3,3,1,1,0,11368,0.2440777003872587,0.40261624339109275,0.2418727151710435,0.11143334105060498,3.1700000000000004,6.34,5.42,7.13
2013-01-04,4970,2809,393,1613,15754.9,17809.06,2130.06,11500.69,47194.71,2013,1,4,4,1,1,0,9785,0.333827668397581,0.37735288552467006,0.045133448219090655,0.24368599785865833,3.17,6.340000000000001,5.42,7.13
2013-01-05,6491,3347,2240,807,20576.47,21219.98,12140.8,5753.91,59691.16,2013,1,5,5,1,1,1,12885,0.34471553241719544,0.35549619072572886,0.20339360133058226,0.09639467552649336,3.1700000000000004,6.34,5.42,7.13
2013-01-06,2020,2228,664,1876,6403.4,14125.52,3598.88,13375.88,37503.68,2013,1,6,6,1,1,1,6788,0.17074057799127978,0.37664357204413007,0.09596071638836509,0.356655133576225,3.17,6.34,5.42,7.13
2013-01-07,3144,3071,4846,1894,9966.48,19470.14,26265.32,13504.22,69206.16,2013,1,0,7,2,1,0,12955,0.14401145793958225,0.2813353608985096,0.3795228632826904,0.19513031787921767,3.17,6.34,5.42,7.13
2013-01-08,5727,2011,5992,1077,18154.59,12749.74,32476.64,7679.01,71059.98,2013,1,1,8,2,1,0,14807,0.25548262186395215,0.1794222289395522,0.4570313698371432,0.10806377935935249,3.17,6.34,5.42,7.13
2013-01-09,2660,1905,4432,1358,8432.2,12077.7,24021.44,9682.54,54213.88,2013,1,2,9,2,1,0,10355,0.15553581481347584,0.22277874227042965,0.4430865306080288,0.1785989123080658,3.1700000000000004,6.340000000000001,5.42,7.130000000000001
2013-01-10,5349,371,2273,722,16956.33,2352.14,12319.66,5147.86,36775.99,2013,1,3,10,2,1,0,8715,0.4610706605043128,0.06395857732177979,0.3349919335958053,0.13997882857810218,3.1700000000000004,6.34,5.42,7.13
2013-01-11,6816,3269,5117,411,21606.72,20725.46,27734.14,2930.43,72996.75,2013,1,4,11,2,1,0,15613,0.29599564364166897,0.2839230513687253,0.3799366410148397,0.040144663974765994,3.1700000000000004,6.34,5.42,7.13
2013-01-12,6272,2430,5592,992,19882.24,15406.2,30308.64,7072.96,72670.04000000001,2013,1,5,12,2,1,1,15286,0.27359610645597554,0.21200208504082285,0.4170720148220642,0.09732979368113737,3.1700000000000004,6.34,5.42,7.13
2013-01-13,7474,1552,1229,447,23692.58,9839.68,6661.18,3187.11,43380.55,2013,1,6,13,2,1,1,10702,0.5461567453616886,0.22682238929658569,0.1535522255941891,0.07346863974753662,3.1700000000000004,6.34,5.42,7.13
2013-01-14,7060,1163,4587,1531,22380.2,7373.42,24861.54,10916.03,65531.19,2013,1,0,14,3,1,0,14341,0.3415198167468041,0.1125177186619074,0.37938483949398755,0.166577625097301,3.17,6.34,5.42,7.130000000000001
2013-01-15,796,2259,4677,1863,2523.32,14322.06,25349.34,13283.19,55477.91,2013,1,1,15,3,1,0,9595,0.045483328409451615,0.25815788662550554,0.4569267299362935,0.23943205502874929,3.1700000000000004,6.34,5.42,7.13
2013-01-16,6631,3376,4632,1491,21020.27,21403.84,25105.44,10630.83,78160.38,2013,1,2,16,3,1,0,16130,0.2689376638138146,0.27384513739569843,0.3212041701946689,0.136013028595818,3.17,6.34,5.42,7.13
2013-01-17,5052,382,4095,1767,16014.84,2421.88,22194.9,12598.71,53230.33,2013,1,3,17,3,1,0,11296,0.3008593033332688,0.04549812108998761,0.41695965439252397,0.23668292118421957,3.17,6.34,5.42,7.13
2013-01-18,1449,2597,2574,836,4593.33,16464.98,13951.08,5960.68,40970.07,2013,1,4,18,3,1,0,7456,0.11211428245057917,0.40187824917067505,0.3405188226429684,0.14548864573577738,3.17,6.34,5.42,7.130000000000001
2013-01-19,5206,1217,3440,596,16503.02,7715.78,18644.8,4249.48,47113.08,2013,1,5,19,3,1,1,10459,0.3502853135477451,0.163771504643721,0.3957457249664,0.09019745684213384,3.17,6.34,5.42,7.129999999999999
2013-01-20,1959,2803,3443,1948,6210.03,17771.02,18661.06,13889.24,56531.35,2013,1,6,20,3,1,1,10153,0.1098510826293729,0.31435690108231984,0.3301010855038842,0.24569093078442317,3.17,6.34,5.420000000000001,7.13
2013-01-21,4253,2016,3006,1386,13482.01,12781.44,16292.52,9882.18,52438.15,2013,1,0,21,4,1,0,10661,0.2571030823932576,0.24374315264745228,0.31069974817952195,0.18845401677976817,3.17,6.34,5.42,7.13
2013-01-22,7280,3603,5599,542,23077.6,22843.02,30346.58,3864.46,80131.66,2013,1,1,22,4,1,0,17024,0.2879960305327507,0.28506859835425846,0.37870898968023375,0.04822638143275704,3.17,6.34,5.42,7.13
2013-01-23,3455,3342,1947,473,10952.35,21188.28,10552.74,3372.49,46065.85999999999,2013,1,2,23,4,1,0,9217,0.23775416327840188,0.4599562452540776,0.22907940935000456,0.0732101821175161,3.17,6.34,5.42,7.13
2013-01-24,793,3569,557,978,2513.81,22627.46,3018.94,6973.14,35133.35,2013,1,3,24,4,1,0,5897,0.07155053531758286,0.6440450455194281,0.08592804272863248,0.19847637643435656,3.17,6.34,5.42,7.13
2013-01-25,4668,769,1903,679,14797.56,4875.46,10314.26,4841.27,34828.55,2013,1,4,25,4,1,0,8019,0.42486867813905543,0.1399845816147959,0.2961438245347567,0.13900291571139195,3.17,6.34,5.42,7.130000000000001
2013-01-26,3110,324,1901,704,9858.7,2054.16,10303.42,5019.52,27235.8,2013,1,5,26,4,1,1,6039,0.3619757818753259,0.07542132046791356,0.3783042906762423,0.1842986069805183,3.1700000000000004,6.34,5.42,7.130000000000001
2013-01-27,7097,1535,5548,1664,22497.49,9731.9,30070.16,11864.32,74163.87,2013,1,6,27,4,1,1,15844,0.3033483824401289,0.13122157729902714,0.40545564841748416,0.15997439184335985,3.1700000000000004,6.34,5.42,7.13
2013-01-28,7102,3178,2295,465,22513.34,20148.52,12438.9,3315.45,58416.21,2013,1,0,28,5,1,0,13040,0.38539542363326895,0.3449131670815344,0.21293575875600282,0.05675565052919387,3.17,6.34,5.42,7.13
2013-01-29,5534,2679,1603,1124,17542.78,16984.86,8688.26,8014.12,51230.02,2013,1,1,29,5,1,0,10940,0.3424316445708981,0.3315411549712454,0.1695931408966852,0.15643405956117137,3.17,6.34,5.42,7.13
2013-01-30,5356,2661,5233,1056,16978.52,16870.74,28362.86,7529.28,69741.40000000001,2013,1,2,30,5,1,0,14306,0.24344965830912482,0.24190423478737164,0.40668612904243384,0.10795997786106959,3.17,6.340000000000001,5.42,7.13
2013-01-31,1502,2159,5095,637,4761.34,13688.06,27614.9,4541.81,50606.11,2013,1,3,31,5,1,0,9393,0.09408626744873297,0.2704823587507516,0.5456831200817451,0.08974825371877033,3.17,6.34,5.42,7.130000000000001
2013-02-01,2680,1270,655,1231,8495.6,8051.8,3550.1,8777.03,28874.53,2013,2,4,1,5,1,0,5836,0.29422470253195465,0.278854755384763,0.12294918739802864,0.30397135468525377,3.17,6.34,5.42,7.130000000000001
2013-02-02,2204,3179,2307,575,6986.68,20154.86,12503.94,4099.75,43745.23,2013,2,5,2,5,1,1,8265,0.15971295613258862,0.4607327473189648,0.2858355070941449,0.09371878945430163,3.17,6.34,5.42,7.13
2013-02-03,2256,3789,3480,1645,7151.52,24022.26,18861.6,11728.85,61764.23,2013,2,6,3,5,1,1,11170,0.11578740640011217,0.38893482522165335,0.3053806385993964,0.18989712977883802,3.1700000000000004,6.34,5.42,7.13
2013-02-04,3666,3355,2625,496,11621.22,21270.7,14227.5,3536.48,50655.9,2013,2,0,4,6,1,0,10142,0.22941493488418918,0.41990567732485257,0.28086560499369273,0.06981378279726547,3.17,6.34,5.42,7.13
2013-02-05,1852,357,3460,1655,5870.84,2263.38,18753.2,11800.15,38687.57,2013,2,1,5,6,1,0,7324,0.1517500323747395,0.058504062157431966,0.4847345025805446,0.30501140288728396,3.17,6.340000000000001,5.42,7.13
2013-02-06,692,2994,715,513,2193.64,18981.96,3875.3,3657.69,28708.59,2013,2,2,6,6,1,0,4914,0.07641057955127716,0.6611944369263694,0.13498747239066775,0.12740751113168566,3.17,6.34,5.42,7.13
2013-02-07,3599,3334,3656,788,11408.83,21137.56,19815.52,5618.44,57980.350000000006,2013,2,3,7,6,1,0,11377,0.19677063004966336,0.36456420149240215,0.34176268339187327,0.09690248506606115,3.17,6.340000000000001,5.42,7.13
2013-02-08,6729,1953,2772,1499,21330.93,12382.02,15024.24,10687.87,59425.06,2013,2,4,8,6,1,0,12953,0.3589551276851887,0.2083636095613534,0.2528266694219577,0.17985459333150022,3.17,6.34,5.42,7.130000000000001
2013-02-09,2171,1471,2609,880,6882.07,9326.14,14140.78,6274.4,36623.39,2013,2,5,9,6,1,1,7131,0.1879146086694869,0.25464982897541705,0.38611335542668224,0.17132220692841377,3.17,6.34,5.42,7.13
2013-02-10,796,3607,5169,1205,2523.32,22868.38,28015.98,8591.65,61999.33,2013,2,6,10,6,1,1,10777,0.040699149490809015,0.36884882465665353,0.4518755283323223,0.13857649752021514,3.1700000000000004,6.34,5.42,7.13
2013-02-11,5909,3689,2003,887,18731.53,23388.26,10856.26,6324.31,59300.35999999999,2013,2,0,11,7,1,0,12488,0.31587548541020666,0.3944033392040116,0.1830724130511181,0.10664876233466375,3.17,6.34,5.42,7.130000000000001
2013-02-12,2993,1289,4231,911,9487.81,8172.26,22932.02,6495.43,47087.52,2013,2,1,12,7,1,0,9424,0.2014930920124908,0.17355469134921528,0.48700844724886766,0.13794376938942635,3.17,6.34,5.42,7.13
2013-02-13,3407,801,1011,728,10800.19,5078.34,5479.62,5190.64,26548.79,2013,2,2,13,7,1,0,5947,0.40680535723096983,0.19128329389023002,0.2063981070323732,0.1955132418464269,3.17,6.34,5.42,7.130000000000001
2013-02-14,5252,1162,1353,350,16648.84,7367.08,7333.26,2495.5,33844.68,2013,2,3,14,7,1,0,8117,0.4919189662895321,0.21767320595142278,0.21667393516499492,0.07373389259405023,3.17,6.34,5.42,7.13
2013-02-15,1237,3560,639,353,3921.29,22570.4,3463.38,2516.89,32471.960000000003,2013,2,4,15,7,1,0,5789,0.12075926430064583,0.6950735342122866,0.10665755932195038,0.07750964216511722,3.17,6.340000000000001,5.42,7.13
2013-02-16,7951,3979,1477,1767,25204.67,25226.86,8005.34,12598.71,71035.57999999999,2013,2,5,16,7,1,1,15174,0.3548175435464876,0.3551299222164443,0.11269479322897064,0.17735774100809765,3.17,6.34,5.42,7.13
2013-02-17,7678,619,264,452,24339.26,3924.46,1430.88,3222.76,32917.36,2013,2,6,17,7,1,1,9013,0.7394049826596056,0.11922159006676113,0.04346885655471763,0.09790457071891549,3.17,6.34,5.420000000000001,7.130000000000001
2013-02-18,6916,3058,5422,426,21923.72,19387.72,29387.24,3037.38,73736.06000000001,2013,2,0,18,8,1,0,15822,0.29732697949958264,0.2629340379727368,0.39854638286884325,0.0411925996588372,3.1700000000000004,6.340000000000001,5.42,7.13
2013-02-19,5178,593,5536,772,16414.26,3759.62,30005.12,5504.36,55683.36,2013,2,1,19,8,1,0,12079,0.2947785478462506,0.06751783656733358,0.538852540507613,0.09885107507880271,3.1699999999999995,6.34,5.42,7.13
2013-02-20,7697,896,5263,801,24399.49,5680.64,28525.46,5711.13,64316.72,2013,2,2,20,8,1,0,14657,0.3793646504361541,0.08832291198929298,0.44351546534089425,0.08879697223365868,3.1700000000000004,6.340000000000001,5.42,7.13
2013-02-21,4074,824,2435,323,12914.58,5224.16,13197.7,2302.99,33639.43,2013,2,3,21,8,1,0,7656,0.3839119747272769,0.15529870749890826,0.39232828855899166,0.0684610292148232,3.17,6.34,5.42,7.129999999999999
2013-02-22,6262,2971,3161,1670,19850.54,18836.14,17132.62,11907.1,67726.40000000001,2013,2,4,22,8,1,0,14064,0.29309899832266295,0.27812108719790213,0.2529681187838125,0.17581179569562236,3.17,6.34,5.42,7.13
2013-02-23,3719,2596,5155,1427,11789.23,16458.64,27940.1,10174.51,66362.48,2013,2,5,23,8,1,1,12897,0.17764902698030574,0.24801122562026012,0.4210225416530546,0.15331720574637958,3.17,6.34,5.42,7.13
2013-02-24,6520,700,4028,1651,20668.4,4438.0,21831.76,11771.63,58709.79,2013,2,6,24,8,1,1,12899,0.35204350075174856,0.07559216273810551,0.3718589352814922,0.20050540122865368,3.1700000000000004,6.34,5.42,7.13
2013-02-25,3968,784,994,723,12578.56,4970.56,5387.48,5154.99,28091.59,2013,2,0,25,9,1,0,6469,0.4477695993711997,0.1769412126547483,0.191782665203358,0.18350652277069399,3.17,6.340000000000001,5.42,7.13
2013-02-26,4687,2600,4744,1994,14857.79,16484.0,25712.48,14217.22,71271.49,2013,2,1,26,9,1,0,14025,0.20846750923826624,0.23128462727522603,0.36076809955846295,0.1994797639280447,3.1700000000000004,6.34,5.42,7.13
2013-02-27,5373,982,2917,1273,17032.41,6225.88,15810.14,9076.49,48144.92,2013,2,2,27,9,1,0,10545,0.3537737730169663,0.1293154085623156,0.32838646320317905,0.18852435521753905,3.17,6.34,5.42,7.13
2013-02-28,5008,1261,4434,583,15875.36,7994.74,24032.28,4156.79,52059.17,2013,2,3,28,9,1,0,11286,0.30494838853558365,0.15357025476971684,0.4616339446057246,0.07984741208897492,3.17,6.34,5.42,7.13
2013-03-01,625,1664,5471,865,1981.25,10549.76,29652.82,6167.45,48351.28,2013,3,4,1,9,1,0,8625,0.04097616443659816,0.2181898803919979,0.6132789038883769,0.12755505128302705,3.17,6.34,5.42,7.13
2013-03-02,7168,580,3166,693,22722.56,3677.2,17159.72,4941.09,48500.57000000001,2013,3,5,2,9,1,1,11607,0.4685008856596943,0.07581766564805319,0.3538045016790524,0.10187694701320003,3.1700000000000004,6.34,5.42,7.13
2013-03-03,4126,3150,2606,878,13079.42,19971.0,14124.52,6260.14,53435.08,2013,3,6,3,9,1,1,10760,0.2447721609100239,0.3737432413313501,0.26433047353910577,0.1171541242195202,3.17,6.34,5.42,7.130000000000001
2013-03-04,2424,1790,2966,949,7684.08,11348.6,16075.72,6766.37,41874.77,2013,3,0,4,10,1,0,8129,0.18350142579887604,0.27101283183167335,0.3838998996292995,0.16158584274015117,3.17,6.34,5.42,7.13
2013-03-05,4811,925,4208,769,15250.87,5864.5,22807.36,5482.97,49405.7,2013,3,1,5,10,1,0,10713,0.3086864471103537,0.11870087864355733,0.46163418390995375,0.11097849033613531,3.1700000000000004,6.34,5.42,7.13
2013-03-06,4269,3176,4701,1720,13532.73,20135.84,25479.42,12263.6,71411.59,2013,3,2,6,10,1,0,13866,0.18950327250800605,0.28196879526138546,0.3567967048486107,0.1717312273819978,3.17,6.34,5.42,7.13
2013-03-07,2214,1245,1193,429,7018.38,7893.3,6466.06,3058.77,24436.51,2013,3,3,7,10,1,0,5081,0.2872087708105618,0.32301257421784046,0.2646065252362142,0.12517212973538366,3.17,6.34,5.42,7.13
2013-03-08,7479,677,4792,1324,23708.43,4292.18,25972.64,9440.12,63413.37,2013,3,4,8,10,1,0,14272,0.3738711568238685,0.06768572621199599,0.4095767186005096,0.14886639836362583,3.17,6.340000000000001,5.42,7.130000000000001
2013-03-09,7599,1303,3561,1024,24088.83,8261.02,19300.62,7301.12,58951.59,2013,3,5,9,10,1,1,13487,0.40862053084573297,0.14013226784892488,0.3273977851996867,0.12384941610565552,3.1700000000000004,6.340000000000001,5.42,7.13
2013-03-10,6652,3501,5970,1946,21086.84,22196.34,32357.4,13874.98,89515.56,2013,3,6,10,10,1,1,18069,0.2355661965361106,0.24796068973930344,0.36147235184586907,0.15500076187871695,3.17,6.34,5.42,7.13
2013-03-11,2189,742,2534,1476,6939.13,4704.28,13734.28,10523.88,35901.57,2013,3,0,11,11,1,0,6941,0.1932820765220017,0.13103270971158085,0.3825537434713858,0.29313147029503167,3.17,6.34,5.42,7.13
2013-03-12,479,1397,4527,954,1518.43,8856.98,24536.34,6802.02,41713.77,2013,3,1,12,11,1,0,7357,0.03640116920623574,0.21232748802134163,0.5882072035205641,0.1630641392518586,3.17,6.34,5.42,7.130000000000001
2013-03-13,3298,3335,1363,1911,10454.66,21143.9,7387.46,13625.43,52611.45,2013,3,2,13,11,1,0,9907,0.19871453837520162,0.40188780198987106,0.14041544188574923,0.2589822177491782,3.17,6.340000000000001,5.42,7.13
2013-03-14,489,2568,4280,275,1550.13,16281.12,23197.6,1960.75,42989.6,2013,3,3,14,11,1,0,7612,0.03605825595027635,0.3787222956249884,0.5396095799914398,0.045609868433295495,3.1700000000000004,6.340000000000001,5.42,7.13
2013-03-15,2987,2069,2337,325,9468.79,13117.46,12666.54,2317.25,37570.04,2013,3,4,15,11,1,0,7718,0.2520303411974009,0.3491468201790575,0.3371447035989315,0.06167813502461003,3.1700000000000004,6.34,5.420000000000001,7.13
2013-03-16,7478,1742,4233,809,23705.26,11044.28,22942.86,5768.17,63460.57,2013,3,5,16,11,1,1,14262,0.37354313079759605,0.17403373464814453,0.36152937170277544,0.090893762851484,3.17,6.340000000000001,5.42,7.13
2013-03-17,7202,471,2064,351,22830.34,2986.14,11186.88,2502.63,39505.99,2013,3,6,17,11,1,1,10088,0.5778956558233321,0.07558701857617035,0.28316921054250255,0.06334811505799501,3.17,6.34,5.42,7.13
2013-03-18,3100,1006,5087,1621,9827.0,6378.04,27571.54,11557.73,55334.31,2013,3,0,18,12,1,0,10814,0.17759325091430617,0.11526374865793032,0.49827204857167284,0.20887095185609073,3.17,6.34,5.42,7.13
2013-03-19,7500,1965,769,768,23775.0,12458.1,4167.98,5475.84,45876.92,2013,3,1,19,12,1,0,11002,0.5182344411961396,0.27155484718677714,0.09085134747493946,0.11935936414214382,3.17,6.34,5.419999999999999,7.13
2013-03-20,3007,1783,3482,1421,9532.19,11304.22,18872.44,10131.73,49840.58,2013,3,2,20,12,1,0,9693,0.1912535929557802,0.22680755320263124,0.37865610713197956,0.2032827467096089,3.1700000000000004,6.34,5.42,7.13
2013-03-21,5538,2867,5139,1824,17555.46,18176.78,27853.38,13005.12,76590.73999999999,2013,3,3,21,12,1,0,15368,0.22921125974236572,0.23732346756278894,0.36366511147431146,0.169800161220534,3.17,6.34,5.42,7.130000000000001
2013-03-22,7658,2328,3326,1284,24275.86,14759.52,18026.92,9154.92,66217.22,2013,3,4,22,12,1,0,14596,0.3666094710711202,0.2228954945556458,0.27223915470930365,0.13825587966393033,3.17,6.34,5.419999999999999,7.13
2013-03-23,3325,1746,5804,1499,10540.25,11069.64,31457.68,10687.87,63755.44,2013,3,5,23,12,1,1,12374,0.16532314732672224,0.17362659562854557,0.49341169945654834,0.16763855758818386,3.17,6.34,5.42,7.130000000000001
2013-03-24,5363,2384,2298,978,17000.71,15114.56,12455.16,6973.14,51543.56999999999,2013,3,6,24,12,1,1,11023,0.32983182965401897,0.29323851646286825,0.24164333203928254,0.1352863218438304,3.17,6.34,5.42,7.13
2013-03-25,7511,3378,1668,1017,23809.87,21416.52,9040.56,7251.21,61518.16,2013,3,0,25,13,1,0,13574,0.38703807135974155,0.3481332991753979,0.14695758130607287,0.11787104815878757,3.17,6.34,5.42,7.13
2013-03-26,4290,719,1029,828,13599.3,4558.46,5577.18,5903.64,29638.58,2013,3,1,26,13,1,0,6866,0.4588377715801499,0.15380156539213416,0.18817298264626714,0.19918768038144877,3.17,6.34,5.42,7.130000000000001
2013-03-27,4068,2503,2921,842,12895.56,15869.02,15831.82,6003.46,50599.86,2013,3,2,27,13,1,0,10334,0.25485366955560745,0.31361786376484047,0.31288268386513324,0.11864578281441886,3.17,6.34,5.42,7.13
2013-03-28,1375,2207,5933,937,4358.75,13992.38,32156.86,6680.81,57188.8,2013,3,3,28,13,1,0,10452,0.07621684665528915,0.2446699353719609,0.5622929664549702,0.11682025151777971,3.17,6.34,5.42,7.130000000000001
2013-03-29,4272,3434,4858,542,13542.24,21771.56,26330.36,3864.46,65508.62,2013,3,4,29,13,1,0,13106,0.20672455014317198,0.3323464911945939,0.40193733282734395,0.05899162583489012,3.17,6.340000000000001,5.42,7.13
2013-03-30,5291,2845,3608,1207,16772.47,18037.3,19555.36,8605.91,62971.04000000001,2013,3,5,30,13,1,1,12951,0.26635211995863495,0.2864380197627353,0.310545291931021,0.13666456834760865,3.1700000000000004,6.34,5.42,7.13
2013-03-31,2258,1329,1068,1287,7157.86,8425.86,5788.56,9176.31,30548.590000000004,2013,3,6,31,13,1,1,5942,0.23431065067160214,0.2758182947232589,0.18948697795872083,0.300384076646418,3.17,6.340000000000001,5.420000000000001,7.13
2013-04-01,757,618,1922,1765,2399.69,3918.12,10417.24,12584.45,29319.5,2013,4,0,1,14,2,0,5062,0.08184621156568155,0.13363529391701767,0.3553007384164123,0.4292177561008885,3.17,6.34,5.42,7.130000000000001
2013-04-02,4196,3895,3519,1883,13301.32,24694.3,19072.98,13425.79,70494.38999999998,2013,4,1,2,14,2,0,13493,0.18868622027937262,0.3503016339314377,0.27056025309248016,0.19045189269670967,3.17,6.34,5.42,7.130000000000001
2013-04-03,1207,3861,3980,1443,3826.19,24478.74,21571.6,10288.59,60165.12,2013,4,2,3,14,2,0,10491,0.06359482038762658,0.4068593231427113,0.3585399646838566,0.17100589178580547,3.17,6.340000000000001,5.42,7.13
2013-04-04,2918,3591,2585,1335,9250.06,22766.94,14010.7,9518.55,55546.25,2013,4,3,4,14,2,0,10429,0.1665289736030785,0.40987357382361544,0.252234849337264,0.17136260323604202,3.17,6.34,5.42,7.13
2013-04-05,3951,878,3479,596,12524.67,5566.52,18856.18,4249.48,41196.850000000006,2013,4,4,5,14,2,0,8904,0.30402008891456506,0.13512003951758447,0.45770926660654876,0.10315060496130163,3.17,6.340000000000001,5.42,7.129999999999999
2013-04-06,2274,3092,1015,1629,7208.58,19603.28,5501.3,11614.77,43927.93,2013,4,5,6,14,2,1,8010,0.164100152226613,0.44626004457756147,0.12523467415833162,0.2644051290374939,3.17,6.34,5.42,7.13
2013-04-07,1776,661,3456,1754,5629.92,4190.74,18731.52,12506.02,41058.2,2013,4,6,7,14,2,1,7647,0.13712047776083708,0.10206828355846091,0.45621873340769936,0.30459250527300274,3.17,6.34,5.42,7.13
2013-04-08,6632,831,5986,583,21023.44,5268.54,32444.12,4156.79,62892.89,2013,4,0,8,15,2,0,14032,0.33427371520055765,0.08377004141485628,0.5158630808665335,0.06609316251805251,3.17,6.34,5.42,7.13
2013-04-09,7786,1114,4382,415,24681.62,7062.76,23750.44,2958.95,58453.76999999999,2013,4,1,9,15,2,0,13697,0.4222417134087331,0.12082642402705594,0.40631151763179696,0.050620344932414116,3.17,6.34,5.42,7.13
2013-04-10,528,450,5673,1751,1673.76,2853.0,30747.66,12484.63,47759.05,2013,4,2,10,15,2,0,8402,0.03504592323339765,0.0597373691478369,0.6438080321949452,0.2614086754238202,3.17,6.34,5.42,7.13
2013-04-11,2282,1151,5107,1201,7233.94,7297.34,27679.94,8563.13,50774.35,2013,4,3,11,15,2,0,9741,0.14247233100965348,0.14372099298169252,0.5451559695003481,0.16865070650830585,3.17,6.34,5.42,7.129999999999999
2013-04-12,4304,995,1201,745,13643.68,6308.3,6509.42,5311.85,31773.25,2013,4,4,12,15,2,0,7245,0.4294077565247496,0.19854122571660124,0.2048710786589348,0.1671799390997144,3.17,6.34,5.42,7.130000000000001
2013-04-13,2112,1467,3400,1000,6695.04,9300.78,18428.0,7130.0,41553.82,2013,4,5,13,15,2,1,7979,0.16111731725266173,0.22382490947883976,0.4434730669767545,0.17158470629174405,3.17,6.340000000000001,5.42,7.13
2013-04-14,2266,2581,454,1855,7183.22,16363.54,2460.68,13226.15,39233.59,2013,4,6,14,15,2,1,7156,0.18308852185079166,0.41707985427792876,0.0627187060883289,0.3371129177829508,3.17,6.340000000000001,5.42,7.13
2013-04-15,7211,842,1981,1238,22858.87,5338.28,10737.02,8826.94,47761.11,2013,4,0,15,16,2,0,11272,0.4786084326767112,0.11177043414610757,0.2248067517693789,0.1848143814078023,3.17,6.34,5.42,7.130000000000001
2013-04-16,5978,3863,5636,1022,18950.26,24491.42,30547.12,7286.86,81275.65999999999,2013,4,1,16,16,2,0,16499,0.23316033361033303,0.301337694458587,0.3758458559426033,0.08965611598847675,3.17,6.34,5.42,7.13
2013-04-17,5587,653,586,799,17710.79,4140.02,3176.12,5696.87,30723.8,2013,4,2,17,16,2,0,7625,0.5764518060916944,0.1347496077959107,0.10337653545459871,0.18542205065779624,3.1700000000000004,6.340000000000001,5.42,7.13
2013-04-18,6175,2007,1938,342,19574.75,12724.38,10503.96,2438.46,45241.55,2013,4,3,18,16,2,0,10462,0.43267195752577,0.2812542894750511,0.2321750691565607,0.053898683842618124,3.17,6.34,5.42,7.13
2013-04-19,6773,1738,1907,1974,21470.41,11018.92,10335.94,14074.62,56899.89000000001,2013,4,4,19,16,2,0,12392,0.3773365818457645,0.19365450442874316,0.18165131777934895,0.2473575959461433,3.17,6.34,5.42,7.130000000000001
2013-04-20,3224,1946,2660,1931,10220.08,12337.64,14417.2,13768.03,50742.95,2013,4,5,20,16,2,1,9761,0.20140886566508254,0.2431399829927113,0.2841222278168692,0.27132892352533705,3.17,6.34,5.42,7.130000000000001
2013-04-21,6924,2905,3003,1463,21949.08,18417.7,16276.26,10431.19,67074.23,2013,4,6,21,16,2,1,14295,0.32723566114735875,0.27458682716148963,0.24266040773036085,0.1555171039607909,3.1700000000000004,6.34,5.42,7.130000000000001
2013-04-22,7573,2667,1306,455,24006.41,16908.78,7078.52,3244.15,51237.86000000001,2013,4,0,22,17,2,0,12001,0.46852874027135394,0.33000558571337674,0.1381501881616445,0.06331548585362463,3.17,6.34,5.42,7.13
2013-04-23,4641,3253,1671,1395,14711.97,20624.02,9056.82,9946.35,54339.16,2013,4,1,23,17,2,0,10960,0.2707434196627257,0.37954248832701865,0.16667206486077443,0.18304202714948115,3.17,6.34,5.42,7.13
2013-04-24,7351,3205,4797,1207,23302.67,20319.7,25999.74,8605.91,78228.02,2013,4,2,24,17,2,0,16560,0.297881372940284,0.25974963957927094,0.3323584055943126,0.11001058188613236,3.17,6.34,5.42,7.13
2013-04-25,2238,306,3875,1581,7094.46,1940.04,21002.5,11272.53,41309.53,2013,4,3,25,17,2,0,8000,0.17173906360106253,0.04696349728500905,0.5084177912457489,0.2728796478681796,3.17,6.34,5.42,7.130000000000001
2013-04-26,1143,3581,5659,811,3623.31,22703.54,30671.78,5782.43,62781.060000000005,2013,4,4,26,17,2,0,11194,0.05771342503614943,0.36163040254497136,0.48855148352066685,0.09210468889821229,3.17,6.34,5.42,7.130000000000001
2013-04-27,4807,1513,1447,1710,15238.19,9592.42,7842.74,12192.3,44865.65,2013,4,5,27,17,2,1,9477,0.33964045990640945,0.2138032102510495,0.17480500115344366,0.2717513286890973,3.17,6.34,5.42,7.13
2013-04-28,482,3889,3614,1788,1527.94,24656.26,19587.88,12748.44,58520.52,2013,4,6,28,17,2,1,9773,0.026109474078494177,0.42132674145752635,0.33471814672870304,0.21784563773527646,3.17,6.34,5.42,7.13
2013-04-29,2890,3223,3997,1641,9161.3,20433.82,21663.74,11700.33,62959.19,2013,4,0,29,18,2,0,11751,0.14551171957580775,0.3245565897528224,0.34409178390001527,0.1858399067713546,3.17,6.34,5.420000000000001,7.13
2013-04-30,5656,1430,4956,747,17929.52,9066.2,26861.52,5326.11,59183.350000000006,2013,4,1,30,18,2,0,12789,0.3029487178404061,0.15318835449497198,0.45386954270077645,0.08999338496384539,3.17,6.340000000000001,5.42,7.13
2013-05-01,1674,2811,5545,1747,5306.58,17821.74,30053.9,12456.11,65638.33,2013,5,2,1,18,2,0,11777,0.08084574973190208,0.27151422042577866,0.45787118593663184,0.18976884390568743,3.17,6.340000000000001,5.42,7.13
2013-05-02,354,3005,1747,1840,1122.18,19051.7,9468.74,13119.2,42761.82000000001,2013,5,3,2,18,2,0,6946,0.026242568721350022,0.4455306158624679,0.22142977076279724,0.3067970446533847,3.1700000000000004,6.34,5.42,7.130000000000001
2013-05-03,7794,2577,5005,301,24706.98,16338.18,27127.1,2146.13,70318.39000000001,2013,5,4,3,18,2,0,15677,0.35135872706983184,0.23234576332023524,0.38577532847381735,0.030520181136115314,3.17,6.34,5.42,7.130000000000001
2013-05-04,3537,1835,2953,792,11212.29,11633.9,16005.26,5646.96,44498.41,2013,5,5,4,18,2,1,9117,0.2519705760273232,0.26144529658475435,0.3596816155903098,0.12690251179761253,3.1700000000000004,6.34,5.42,7.13
2013-05-05,5714,1170,5449,1558,18113.38,7417.8,29533.58,11108.54,66173.3,2013,5,6,5,18,2,1,13891,0.2737264123143322,0.1120965706712526,0.44630659193360467,0.16787042508081054,3.1700000000000004,6.34,5.42,7.130000000000001
2013-05-06,5753,341,4345,904,18237.01,2161.94,23549.9,6445.52,50394.37,2013,5,0,6,19,2,0,11343,0.36188586145634916,0.04290042717073356,0.46731212236605,0.12790158900686724,3.17,6.34,5.42,7.130000000000001
2013-05-07,7274,1656,4003,706,23058.58,10499.04,21696.26,5033.78,60287.66,2013,5,1,7,19,2,0,13639,0.38247594947291036,0.17414907130248544,0.3598789536697891,0.08349602555481503,3.1700000000000004,6.340000000000001,5.42,7.13
2013-05-08,832,1163,4870,1455,2637.44,7373.42,26395.4,10374.15,46780.41,2013,5,2,8,19,2,0,8320,0.05637915529171292,0.15761768654870703,0.5642404587732344,0.22176269938634566,3.17,6.34,5.42,7.13
2013-05-09,2773,922,2808,1344,8790.41,5845.48,15219.36,9582.72,39437.97,2013,5,3,9,19,2,0,7847,0.22289205047825736,0.14821959649545854,0.38590627255916066,0.2429820804671234,3.17,6.34,5.42,7.13
2013-05-10,6101,2559,4903,822,19340.17,16224.06,26574.26,5860.86,67999.34999999999,2013,5,4,10,19,2,0,14385,0.28441698339763544,0.23859139830013085,0.39080167678073396,0.08618994152149985,3.17,6.34,5.42,7.13
2013-05-11,1057,2681,3825,1837,3350.69,16997.54,20731.5,13097.81,54177.53999999999,2013,5,5,11,19,2,1,9400,0.06184647734097931,0.3137377592264249,0.3826585703226836,0.24175719310991237,3.17,6.340000000000001,5.42,7.13
2013-05-12,4502,3946,267,431,14271.34,25017.64,1447.14,3073.03,43809.15,2013,5,6,12,19,2,1,9146,0.3257616274225818,0.5710596987159074,0.03303282533443356,0.07014584852707711,3.17,6.34,5.420000000000001,7.130000000000001
2013-05-13,481,3715,1102,1696,1524.77,23553.1,5972.84,12092.48,43143.19,2013,5,0,13,20,2,0,6994,0.035342078321051365,0.5459285694915003,0.13844224314428302,0.2802871090431653,3.17,6.34,5.42,7.13
2013-05-14,319,2352,1147,1993,1011.23,14911.68,6216.74,14210.09,36349.740000000005,2013,5,1,14,20,2,0,5811,0.02781945620518881,0.4102279686182074,0.1710257074741112,0.39092686770249246,3.17,6.34,5.42,7.13
2013-05-15,6541,907,3143,1921,20734.97,5750.38,17035.06,13696.73,57217.14,2013,5,2,15,20,2,0,12512,0.36239088496908445,0.10050100372021391,0.2977265204097933,0.23938159090090835,3.1700000000000004,6.34,5.420000000000001,7.13
2013-05-16,6082,2802,4913,702,19279.94,17764.68,26628.46,5005.26,68678.34,2013,5,3,16,20,2,0,14499,0.28072810146546934,0.25866495899580566,0.38772719317327703,0.07287974636544797,3.17,6.34,5.42,7.13
2013-05-17,2964,2835,4022,1175,9395.88,17973.9,21799.24,8377.75,57546.77,2013,5,4,17,20,2,0,10996,0.1632738032038983,0.31233551422608086,0.37880909736549945,0.14558158520452147,3.17,6.340000000000001,5.420000000000001,7.13
2013-05-18,4901,1745,502,1784,15536.17,11063.3,2720.84,12719.92,42040.23,2013,5,5,18,20,2,1,8932,0.36955482879137436,0.2631598352340127,0.06471991233159285,0.30256542364302,3.17,6.34,5.42,7.13
2013-05-19,2622,2997,2385,752,8311.74,19000.98,12926.7,5361.76,45601.18,2013,5,6,19,20,2,1,8756,0.18227028335670262,0.4166773754538808,0.28347292767424004,0.11757941351517659,3.17,6.34,5.42,7.13
2013-05-20,3409,2334,728,1636,10806.53,14797.56,3945.76,11664.68,41214.53,2013,5,0,20,21,2,0,8107,0.26220194674062763,0.3590374559651657,0.09573711018905226,0.28302348710515446,3.1700000000000004,6.34,5.42,7.13
2013-05-21,4986,2345,5485,298,15805.62,14867.3,29728.7,2124.74,62526.35999999999,2013,5,1,21,21,2,0,13114,0.2527833061128139,0.23777651537687466,0.4754586705511084,0.03398150795920313,3.1700000000000004,6.34,5.42,7.129999999999999
2013-05-22,7017,3970,4691,1844,22243.89,25169.8,25425.22,13147.72,85986.63,2013,5,2,22,21,2,0,17522,0.2586901010075636,0.29271760039903877,0.29568806220222843,0.15290423639116918,3.17,6.34,5.42,7.13
2013-05-23,4541,753,1876,1593,14394.97,4774.02,10167.92,11358.09,40695.0,2013,5,3,23,21,2,0,8763,0.3537282221403121,0.11731220051603392,0.24985673915714463,0.2791028381865094,3.17,6.340000000000001,5.42,7.13
2013-05-24,2834,2022,1181,1744,8983.78,12819.48,6401.02,12434.72,40639.0,2013,5,4,24,21,2,0,7781,0.2210630182829302,0.31544772263097026,0.15750928910652331,0.30597996997957627,3.1700000000000004,6.34,5.42,7.13
2013-05-25,5885,3060,4387,1430,18655.45,19400.4,23777.54,10195.9,72029.29000000001,2013,5,5,25,21,2,1,14762,0.2589981103520526,0.2693404308164081,0.33010932080546673,0.14155213802607242,3.17,6.340000000000001,5.42,7.13
2013-05-26,7769,3640,4168,344,24627.73,23077.6,22590.56,2452.72,72748.61,2013,5,6,26,21,2,1,15921,0.33853196645269235,0.31722393046410097,0.3105290946452448,0.03371500843796191,3.17,6.34,5.42,7.129999999999999
2013-05-27,1058,3199,477,1210,3353.86,20281.66,2585.34,8627.3,34848.16,2013,5,0,27,22,2,0,5944,0.09624209714372294,0.5820008861299993,0.07418870895909568,0.24756830776718192,3.17,6.34,5.42,7.129999999999999
2013-05-28,3669,817,5313,1285,11630.73,5179.78,28796.46,9162.05,54769.02,2013,5,1,28,22,2,0,11084,0.21235965149641167,0.09457499878580994,0.5257800851649345,0.16728526455284393,3.17,6.34,5.42,7.129999999999999
2013-05-29,3342,2810,1083,1370,10594.14,17815.4,5869.86,9768.1,44047.5,2013,5,2,29,22,2,0,8605,0.24051626085475905,0.40445882286168344,0.13326204665418015,0.22176286962937738,3.17,6.340000000000001,5.42,7.13
2013-05-30,7732,3239,5503,1164,24510.44,20535.26,29826.26,8299.32,83171.28,2013,5,3,30,22,2,0,17638,0.2946983622231135,0.24690325795154286,0.3586124921968256,0.09978588762851792,3.17,6.34,5.42,7.13
2013-05-31,7547,2538,3873,410,23923.99,16090.92,20991.66,2923.3,63929.87000000001,2013,5,4,31,22,2,0,14368,0.37422240964982406,0.2516964292278398,0.32835449219590146,0.04572666892643454,3.1700000000000004,6.34,5.42,7.130000000000001
2013-06-01,289,2737,744,601,916.13,17352.58,4032.48,4285.13,26586.320000000003,2013,6,5,1,22,2,1,4371,0.034458699060268584,0.6526882998474404,0.1516749967652537,0.16117800432703736,3.17,6.340000000000001,5.42,7.13
2013-06-02,311,1508,5924,250,985.87,9560.72,32108.08,1782.5,44437.17,2013,6,6,2,22,2,1,7993,0.022185706245469727,0.21515141490783504,0.7225500633816241,0.04011281546507125,3.17,6.34,5.42,7.13
2013-06-03,3323,2041,919,930,10533.91,12939.94,4980.98,6630.9,35085.73,2013,6,0,3,23,2,0,7213,0.30023345673582963,0.3688091996375734,0.14196597876116585,0.18899136486543103,3.17,6.34,5.42,7.13
2013-06-04,2431,2073,2537,1790,7706.27,13142.82,13750.54,12762.7,47362.33,2013,6,1,4,23,2,0,8831,0.16270884477178382,0.27749521613484807,0.29032651054118325,0.2694694285521848,3.1700000000000004,6.34,5.42,7.130000000000001
2013-06-05,2625,972,2960,1104,8321.25,6162.48,16043.2,7871.52,38398.45,2013,6,2,5,23,2,0,7661,0.21670796607675571,0.16048772802027164,0.41780853133394713,0.2049957745690256,3.17,6.34,5.42,7.130000000000001
2013-06-06,6356,2813,1534,1361,20148.52,17834.42,8314.28,9703.93,56001.15,2013,6,3,6,23,2,0,12064,0.3597876115044066,0.31846524580298796,0.1484662368540646,0.1732809058385408,3.17,6.339999999999999,5.420000000000001,7.13
2013-06-07,1506,1907,328,281,4774.02,12090.38,1777.76,2003.53,20645.69,2013,6,4,7,23,2,0,4022,0.23123567194896372,0.5856127840726079,0.08610804482678952,0.09704349915163892,3.1700000000000004,6.34,5.42,7.13
2013-06-08,4444,2552,1581,451,14087.48,16179.68,8569.02,3215.63,42051.81,2013,6,5,8,23,2,1,9028,0.33500294042040046,0.3847558523640243,0.2037729172656302,0.07646828994994509,3.17,6.34,5.42,7.13
2013-06-09,7325,1560,2257,1892,23220.25,9890.4,12232.94,13489.96,58833.55,2013,6,6,9,23,2,1,13034,0.3946770167701932,0.16810816277447135,0.20792456005119528,0.22929026040414013,3.17,6.34,5.42,7.13
2013-06-10,6378,3650,4476,350,20218.26,23141.0,24259.92,2495.5,70114.68,2013,6,0,10,24,2,0,14854,0.28835986985892254,0.33004500626687594,0.3460034332325271,0.03559169064167447,3.17,6.34,5.42,7.13
2013-06-11,2446,1578,2155,879,7753.82,10004.52,11680.1,6267.27,35705.71000000001,2013,6,1,11,24,2,0,7058,0.21715910424411106,0.28019384014489557,0.3271213483781725,0.17552570723282074,3.17,6.34,5.42,7.130000000000001
2013-06-12,5766,253,1657,1236,18278.22,1604.02,8980.94,8812.68,37675.86,2013,6,2,12,24,2,0,8912,0.4851440683769395,0.04257421064840988,0.23837385530151137,0.23390786567313926,3.1700000000000004,6.34,5.42,7.13
2013-06-13,5148,3147,3294,715,16319.16,19951.98,17853.48,5097.95,59222.56999999999,2013,6,3,13,24,2,0,12304,0.27555643059732127,0.3368982467326224,0.30146412085797697,0.08608120181207943,3.17,6.34,5.42,7.13
2013-06-14,6740,3944,375,1418,21365.8,25004.96,2032.5,10110.34,58513.59999999999,2013,6,4,14,24,2,0,12477,0.36514246260698374,0.427335867217194,0.0347355144786853,0.1727861556971371,3.17,6.34,5.42,7.13
2013-06-15,1127,500,2958,1649,3572.59,3170.0,16032.36,11757.37,34532.32,2013,6,5,15,24,2,1,6234,0.10345641416504886,0.0917980604836281,0.4642711523581387,0.3404743729931844,3.17,6.34,5.42,7.130000000000001
2013-06-16,2265,2662,1892,545,7180.05,16877.08,10254.64,3885.85,38197.62,2013,6,6,16,24,2,1,7364,0.1879711353744029,0.4418359049595237,0.2684627995147341,0.10173016015133926,3.17,6.340000000000001,5.42,7.13
2013-06-17,3033,2724,1199,1135,9614.61,17270.16,6498.58,8092.55,41475.9,2013,6,0,17,25,2,0,8091,0.231811967913897,0.4163902410797595,0.15668327872330678,0.19511451228303664,3.1700000000000004,6.34,5.42,7.13
2013-06-18,7329,2317,1713,1335,23232.93,14689.78,9284.46,9518.55,56725.72,2013,6,1,18,25,2,0,12694,0.40956606632758474,0.25896154337044996,0.16367284540416585,0.16779954489779944,3.17,6.34,5.42,7.13
2013-06-19,6179,1087,741,1043,19587.43,6891.58,4016.22,7436.59,37931.82000000001,2013,6,2,19,25,2,0,9050,0.5163851879503804,0.18168334659396776,0.10587997095841958,0.1960514944972321,3.17,6.34,5.42,7.13
2013-06-20,4211,1416,4024,1481,13348.87,8977.44,21810.08,10559.53,54695.92,2013,6,3,20,25,2,0,11132,0.24405604659360336,0.16413363190526828,0.3987514973694565,0.193058824131672,3.1700000000000004,6.340000000000001,5.420000000000001,7.130000000000001
2013-06-21,4217,2336,1851,427,13367.89,14810.24,10032.42,3044.51,41255.06,2013,6,4,21,25,2,0,8831,0.3240303128876797,0.358992084849713,0.24318035169504057,0.07379725056756675,3.17,6.34,5.42,7.130000000000001
2013-06-22,6594,1005,4914,892,20902.98,6371.7,26633.88,6359.96,60268.52,2013,6,5,22,25,2,1,13405,0.3468308164859532,0.10572185943839338,0.4419202595318419,0.1055270645438116,3.17,6.34,5.42,7.13
2013-06-23,4841,1550,4508,1759,15345.97,9827.0,24433.36,12541.67,62148.0,2013,6,6,23,25,2,1,12658,0.24692620840574112,0.15812254618008625,0.393147969363455,0.20180327605071766,3.17,6.34,5.42,7.13
2013-06-24,1119,3139,4522,886,3547.23,19901.26,24509.24,6317.18,54274.91,2013,6,0,24,26,2,0,9666,0.06535671823315782,0.3666751358961258,0.45157587548279676,0.11639227038791958,3.17,6.34,5.42,7.13
2013-06-25,3168,2088,1253,517,10042.56,13237.92,6791.26,3686.21,33757.95,2013,6,1,25,26,2,0,7026,0.2974872585568733,0.3921422953704239,0.20117513059886635,0.10919531547383654,3.17,6.34,5.42,7.13
2013-06-26,6654,867,4037,264,21093.18,5496.78,21880.54,1882.32,50352.82,2013,6,2,26,26,2,0,11822,0.4189076202683385,0.10916528607533799,0.43454448032900644,0.03738261332731712,3.17,6.34,5.42,7.13
2013-06-27,3420,1854,4001,588,10841.4,11754.36,21685.42,4192.44,48473.62,2013,6,3,27,26,2,0,9863,0.22365567085767474,0.24248983261411053,0.4473653917326578,0.08648910479555683,3.17,6.340000000000001,5.42,7.129999999999999
2013-06-28,7387,3837,2351,1802,23416.79,24326.58,12742.42,12848.26,73334.05,2013,6,4,28,26,2,0,15377,0.3193167430409203,0.3317228490721568,0.17375857463211156,0.17520183325481137,3.17,6.340000000000001,5.42,7.13
2013-06-29,1006,1993,3990,1812,3189.02,12635.62,21625.8,12919.56,50370.0,2013,6,5,29,26,2,1,8801,0.06331189199920588,0.25085606511812586,0.42933889219773674,0.2564931506849315,3.17,6.340000000000001,5.42,7.13
2013-06-30,7042,1629,1885,1165,22323.14,10327.86,10216.7,8306.45,51174.15,2013,6,6,30,26,2,1,11721,0.4362190676347335,0.20181791001902327,0.1996457195673988,0.1623173027788444,3.17,6.340000000000001,5.420000000000001,7.130000000000001
2013-07-01,672,1168,5444,750,2130.24,7405.12,29506.48,5347.5,44389.34,2013,7,0,1,27,3,0,8034,0.0479899002778595,0.1668220342992259,0.664719953033769,0.12046811238914569,3.1699999999999995,6.34,5.42,7.13
2013-07-02,487,1459,856,1899,1543.79,9250.06,4639.52,13539.87,28973.24,2013,7,1,2,27,3,0,4701,0.05328330556057934,0.31926218814326596,0.16013121073100559,0.46732329556514907,3.17,6.34,5.420000000000001,7.130000000000001
2013-07-03,4811,1546,5763,530,15250.87,9801.64,31235.46,3778.9,60066.87,2013,7,2,3,27,3,0,12650,0.2538981971259698,0.16317880388973155,0.5200114472420487,0.06291155174224992,3.1700000000000004,6.34,5.42,7.13
2013-07-04,3927,3235,3583,446,12448.59,20509.9,19419.86,3179.98,55558.33000000001,2013,7,3,4,27,3,0,11191,0.22406343027229217,0.36915976416137775,0.3495400239712028,0.05723678159512713,3.17,6.340000000000001,5.42,7.13
2013-07-05,536,3938,3539,1645,1699.12,24966.92,19181.38,11728.85,57576.27,2013,7,4,5,27,3,0,9658,0.029510768933103865,0.4336321196215038,0.33314731919938545,0.2037097922460069,3.17,6.34,5.42,7.13
2013-07-06,3096,459,4135,1011,9814.32,2910.06,22411.7,7208.43,42344.51,2013,7,5,6,27,3,1,8701,0.2317731389500079,0.06872343073517677,0.529270500473379,0.17023292984143634,3.17,6.34,5.42,7.13
2013-07-07,2001,3830,4526,1873,6343.17,24282.2,24530.92,13354.49,68510.78,2013,7,6,7,27,3,1,12230,0.09258645135845775,0.3544288942557653,0.3580592718401396,0.19492538254563735,3.17,6.34,5.42,7.13
2013-07-08,7910,386,720,1117,25074.7,2447.24,3902.4,7964.21,39388.55,2013,7,0,8,28,3,0,10133,0.6365987069846439,0.06213074611784388,0.09907447722751916,0.20219606966999293,3.17,6.34,5.42,7.13
2013-07-09,3587,929,987,1813,11370.79,5889.86,5349.54,12926.69,35536.880000000005,2013,7,1,9,28,3,0,7316,0.3199715337981274,0.1657393671025706,0.15053488094621698,0.3637542181530849,3.1700000000000004,6.34,5.42,7.13
2013-07-10,7457,966,5432,1658,23638.69,6124.44,29441.44,11821.54,71026.10999999999,2013,7,2,10,28,3,0,15513,0.33281690353026516,0.08622800826344003,0.41451573231308886,0.16643935589320608,3.17,6.34,5.42,7.130000000000001
2013-07-11,1664,1281,3457,554,5274.88,8121.54,18736.94,3950.02,36083.38,2013,7,3,11,28,3,0,6956,0.14618586174576773,0.2250770299234717,0.5192678734641821,0.10946923486657847,3.17,6.34,5.42,7.13
2013-07-12,5897,706,3549,1676,18693.49,4476.04,19235.58,11949.88,54354.99,2013,7,4,12,28,3,0,11828,0.34391488251584634,0.08234828117896811,0.35388802389624213,0.2198488124089435,3.1700000000000004,6.34,5.420000000000001,7.13
2013-07-13,1913,1275,1551,1338,6064.21,8083.5,8406.42,9539.94,32094.07,2013,7,5,13,28,3,1,6077,0.18895110529764533,0.2518689589696788,0.2619306307987737,0.2972493049339021,3.17,6.34,5.42,7.130000000000001
2013-07-14,5097,3146,5853,324,16157.49,19945.64,31723.26,2310.12,70136.51,2013,7,6,14,28,3,1,14420,0.2303720273506623,0.284383126562756,0.45230736459513027,0.03293748149145146,3.17,6.34,5.42,7.13
2013-07-15,560,3378,2410,1851,1775.2,21416.52,13062.2,13197.63,49451.55,2013,7,0,15,29,3,0,8199,0.03589776255749314,0.4330808639971851,0.2641413666507925,0.26688000679452917,3.17,6.34,5.42,7.13
2013-07-16,4798,1021,4117,1926,15209.66,6473.14,22314.14,13732.38,57729.32,2013,7,1,16,29,3,0,11862,0.2634650815218333,0.11212915724626586,0.386530449345324,0.23787531188657687,3.17,6.340000000000001,5.42,7.13
2013-07-17,5683,2562,739,484,18015.11,16243.08,4005.38,3450.92,41714.49,2013,7,2,17,29,3,0,9468,0.43186696037755706,0.38938699718011655,0.09601891333203404,0.08272712911029238,3.17,6.34,5.42,7.13
2013-07-18,5849,1010,1059,1308,18541.33,6403.4,5739.78,9326.04,40010.55,2013,7,3,18,29,3,0,9226,0.463411025342066,0.16004278871447652,0.14345666330505327,0.23308952263840413,3.1700000000000004,6.34,5.42,7.130000000000001
2013-07-19,3410,2935,2770,1232,10809.7,18607.9,15013.4,8784.16,53215.16,2013,7,4,19,29,3,0,10347,0.20313196465067473,0.3496729127564401,0.2821263715076681,0.16506875108521707,3.1700000000000004,6.340000000000001,5.42,7.13
2013-07-20,3254,2349,1996,1866,10315.18,14892.66,10818.32,13304.58,49330.740000000005,2013,7,5,20,29,3,1,9465,0.20910247849515332,0.3018941130824309,0.21930179843237702,0.2697016099900386,3.17,6.34,5.42,7.13
2013-07-21,7909,336,2886,751,25071.53,2130.24,15642.12,5354.63,48198.52,2013,7,6,21,29,3,1,11882,0.5201721961587202,0.04419720771509166,0.3245352761869037,0.11109531993928445,3.17,6.339999999999999,5.42,7.13
2013-07-22,3622,3507,503,265,11481.74,22234.38,2726.26,1889.45,38331.83,2013,7,0,22,30,3,0,7897,0.2995353991708718,0.5800500523977071,0.07112261533039252,0.04929193310102857,3.17,6.34,5.420000000000001,7.13
2013-07-23,3437,2762,5110,1612,10895.29,17511.08,27696.2,11493.56,67596.13,2013,7,1,23,30,3,0,12921,0.16118215643410355,0.25905447545591737,0.40973055705999734,0.1700328110499817,3.1700000000000004,6.340000000000001,5.42,7.13
2013-07-24,7511,377,435,961,23809.87,2390.18,2357.7,6851.93,35409.68,2013,7,2,24,30,3,0,9284,0.6724113293314145,0.06750075120701457,0.06658348790500224,0.1935044315565687,3.17,6.34,5.42,7.13
2013-07-25,5523,668,5159,1034,17507.91,4235.12,27961.78,7372.42,57077.23,2013,7,3,25,30,3,0,12384,0.30674070903580986,0.0741998166344092,0.4898937807598581,0.12916569356992272,3.17,6.34,5.42,7.13
2013-07-26,5438,1845,5093,1329,17238.46,11697.3,27604.06,9475.77,66015.59,2013,7,4,26,30,3,0,13705,0.26112710649105764,0.17718996376461985,0.41814456251924736,0.14353836722507518,3.17,6.34,5.42,7.13
2013-07-27,2880,1894,5611,1116,9129.6,12007.96,30411.62,7957.08,59506.26,2013,7,5,27,30,3,1,11501,0.15342251386660832,0.20179322309955286,0.5110658945798308,0.13371836845400803,3.17,6.34,5.42,7.13
2013-07-28,4383,679,3011,902,13894.11,4304.86,16319.62,6431.26,40949.850000000006,2013,7,6,28,30,3,1,8975,0.33929574833607445,0.10512517139867421,0.3985269787313018,0.15705210153394944,3.17,6.34,5.42,7.13
2013-07-29,1118,3721,5708,1894,3544.06,23591.14,30937.36,13504.22,71576.78,2013,7,0,29,31,3,0,12441,0.049514102199065116,0.32959208279556584,0.43222620520230165,0.1886676098030674,3.17,6.34,5.42,7.13
2013-07-30,6711,1209,1640,1487,21273.87,7665.06,8888.8,10602.31,48430.03999999999,2013,7,1,30,31,3,0,11047,0.43927013068748244,0.1582707757416678,0.18353897704812963,0.21892011652272023,3.17,6.340000000000001,5.42,7.13
2013-07-31,4905,1457,4470,369,15548.85,9237.38,24227.4,2630.97,51644.600000000006,2013,7,2,31,31,3,0,11201,0.30107407163575667,0.17886439240501423,0.46911777804455834,0.050943757914670644,3.17,6.34,5.42,7.13
2013-08-01,282,1466,1178,762,893.94,9294.44,6384.76,5433.06,22006.2,2013,8,3,1,31,3,0,3688,0.04062218829239033,0.4223555179903845,0.29013459843135114,0.24688769528587398,3.1700000000000004,6.340000000000001,5.42,7.130000000000001
2013-08-02,7616,3945,3929,1593,24142.72,25011.3,21295.18,11358.09,81807.29000000001,2013,8,4,2,31,3,0,17083,0.29511697551648514,0.3057343667049721,0.2603090751447701,0.1388395826337726,3.1700000000000004,6.34,5.42,7.13
2013-08-03,3888,2121,893,443,12324.96,13447.14,4840.06,3158.59,33770.75,2013,8,5,3,31,3,1,7345,0.3649596174204008,0.39818896530281384,0.1433210692685238,0.09353034800826159,3.17,6.34,5.420000000000001,7.13
2013-08-04,7953,393,2250,486,25211.01,2491.62,12195.0,3465.18,43362.81,2013,8,6,4,31,3,1,11082,0.5813970542960661,0.05745983712771382,0.2812317744168332,0.07991133415938681,3.17,6.34,5.42,7.13
2013-08-05,6436,1394,5953,536,20402.12,8837.96,32265.26,3821.68,65327.02,2013,8,0,5,32,3,0,14319,0.3123075260435881,0.1352879711947675,0.4939037476376544,0.05850075512399004,3.17,6.339999999999999,5.42,7.13
2013-08-06,7826,1610,546,1949,24808.42,10207.4,2959.32,13896.37,51871.51,2013,8,1,6,32,3,0,11931,0.4782667788155771,0.1967823955770711,0.05705097075446618,0.26789985485288553,3.17,6.34,5.42,7.130000000000001
2013-08-07,7039,1670,5188,502,22313.63,10587.8,28118.96,3579.26,64599.65,2013,8,2,7,32,3,0,14399,0.3454141005407924,0.16389872081350285,0.4352803769060668,0.05540680173963791,3.17,6.34,5.42,7.130000000000001
2013-08-08,6689,2699,5079,1730,21204.13,17111.66,27528.18,12334.9,78178.87,2013,8,3,8,32,3,0,16197,0.2712258440164203,0.21887832351631586,0.3521179060275494,0.15777792643971447,3.1700000000000004,6.34,5.42,7.13
2013-08-09,1605,3691,4701,564,5087.85,23400.94,25479.42,4021.32,57989.53,2013,8,4,9,32,3,0,10561,0.0877373898357169,0.40353732820390165,0.43937966043180554,0.06934562152857594,3.1700000000000004,6.34,5.42,7.13
2013-08-10,499,1181,4741,838,1581.83,7487.54,25696.22,5974.94,40740.53,2013,8,5,10,32,3,1,7259,0.03882693720479336,0.18378602340224834,0.6307286625873547,0.14665837680560365,3.17,6.34,5.42,7.13
2013-08-11,2028,828,914,1108,6428.76,5249.52,4953.88,7900.04,24532.2,2013,8,6,11,32,3,1,4878,0.26205395357937733,0.21398488517132586,0.20193378498463244,0.3220273762646644,3.17,6.340000000000001,5.42,7.13
2013-08-12,1058,3119,4621,1498,3353.86,19774.46,25045.82,10680.74,58854.88,2013,8,0,12,33,3,0,10296,0.05698524914161749,0.3359867525003874,0.42555213773267403,0.18147586062532114,3.17,6.34,5.42,7.13
2013-08-13,4768,2508,2630,1564,15114.56,15900.72,14254.6,11151.32,56421.2,2013,8,1,13,33,3,0,11470,0.26788795700906753,0.2818217265850425,0.2526461684615003,0.1976441479443897,3.17,6.34,5.42,7.13
2013-08-14,5841,3098,867,452,18515.97,19641.32,4699.14,3222.76,46079.19,2013,8,2,14,33,3,0,10258,0.40182932903117435,0.4262514163117884,0.10197965719449496,0.0699395974625422,3.1700000000000004,6.34,5.420000000000001,7.130000000000001
2013-08-15,3358,3388,3890,1640,10644.86,21479.92,21083.8,11693.2,64901.78,2013,8,3,15,33,3,0,12276,0.1640149160778025,0.3309604143368641,0.3248570378193017,0.1801676317660317,3.1700000000000004,6.34,5.42,7.130000000000001
2013-08-16,6789,1038,1515,570,21521.13,6580.92,8211.3,4064.1,40377.45,2013,8,4,16,33,3,0,9912,0.5329987406336953,0.16298503248719273,0.20336351106867817,0.1006527158104338,3.17,6.34,5.42,7.13
2013-08-17,5012,1955,5664,1047,15888.04,12394.7,30698.88,7465.11,66446.73,2013,8,5,17,33,3,1,13678,0.2391094339781657,0.18653589123196884,0.4620073854650184,0.11234728932484714,3.1700000000000004,6.340000000000001,5.42,7.13
2013-08-18,6254,767,1213,406,19825.18,4862.78,6574.46,2894.78,34157.2,2013,8,6,18,33,3,1,8640,0.5804099867670652,0.1423647137353179,0.19247654960008434,0.0847487498975326,3.17,6.34,5.42,7.130000000000001
2013-08-19,1707,277,497,740,5411.19,1756.18,2693.74,5276.2,15137.31,2013,8,0,19,34,3,0,3221,0.35747368587945944,0.11601665025027565,0.1779536786919208,0.34855598517834413,3.17,6.34,5.42,7.13
2013-08-20,3874,2022,3578,1248,12280.58,12819.48,19392.76,8898.24,53391.05999999999,2013,8,1,20,34,3,0,10722,0.2300119158525791,0.240105365954525,0.3632211085526304,0.16666160964026563,3.17,6.34,5.42,7.13
2013-08-21,4323,2593,1663,717,13703.91,16439.62,9013.46,5112.21,44269.2,2013,8,2,21,34,3,0,9296,0.30955856441950613,0.3713557055469717,0.20360566714555492,0.11548006288796726,3.17,6.34,5.419999999999999,7.13
2013-08-22,4849,3573,2835,1438,15371.33,22652.82,15365.7,10252.94,63642.79000000001,2013,8,3,22,34,3,0,12695,0.24152508084576427,0.35593694116804114,0.24143661835064112,0.16110135963555336,3.17,6.34,5.42,7.130000000000001
2013-08-23,5292,258,2553,1291,16775.64,1635.72,13837.26,9204.83,41453.45,2013,8,4,23,34,3,0,9394,0.4046862203266556,0.039459200621419936,0.3338023735057034,0.22205220554622113,3.17,6.34,5.42,7.13
2013-08-24,6037,1969,5945,1831,19137.29,12483.46,32221.9,13055.03,76897.68000000001,2013,8,5,24,34,3,1,15782,0.24886693590755923,0.162338577704815,0.4190230446484211,0.1697714417392046,3.17,6.34,5.42,7.130000000000001
2013-08-25,470,1657,250,1764,1489.9,10505.38,1355.0,12577.32,25927.6,2013,8,6,25,34,3,1,4141,0.05746386090498157,0.40518135114704024,0.05226091115259415,0.48509387679538407,3.1700000000000004,6.34,5.42,7.13
2013-08-26,2943,2508,2750,1944,9329.31,15900.72,14905.0,13860.72,53995.75,2013,8,0,26,35,3,0,10145,0.17277859831560816,0.2944809545195687,0.27604024390808535,0.2567002032567378,3.17,6.34,5.42,7.13
2013-08-27,5045,277,3289,1658,15992.65,1756.18,17826.38,11821.54,47396.75,2013,8,1,27,35,3,0,10269,0.33742081471830876,0.0370527515072236,0.3761097543607948,0.2494166794136729,3.17,6.34,5.42,7.130000000000001
2013-08-28,6601,994,5760,1319,20925.17,6301.96,31219.2,9404.47,67850.8,2013,8,2,28,35,3,0,14674,0.3083997535769659,0.0928796712787469,0.4601154297370112,0.13860514540727595,3.17,6.34,5.42,7.13
2013-08-29,807,334,1387,709,2558.19,2117.56,7517.54,5055.17,17248.46,2013,8,3,29,35,3,0,3237,0.14831411036115688,0.122768061612457,0.43583832991467064,0.2930794981117155,3.17,6.34,5.42,7.13
2013-08-31,5650,2776,2516,1685,17910.5,17599.84,13636.72,12014.05,61161.11,2013,8,5,31,35,3,1,12627,0.292841316974136,0.28776194545847844,0.2229639063123609,0.19643283125502461,3.17,6.34,5.42,7.13
2013-09-01,4004,569,4713,553,12692.68,3607.46,25544.46,3942.89,45787.49,2013,9,6,1,35,3,1,9839,0.2772084689507986,0.07878702239410809,0.5578916861352304,0.08611282251986296,3.17,6.34,5.42,7.13
2013-09-02,2266,2100,5257,368,7183.22,13314.0,28492.94,2623.84,51614.0,2013,9,0,2,36,3,0,9991,0.13917193009648546,0.2579532684930445,0.5520389816716395,0.05083581973883055,3.17,6.34,5.42,7.130000000000001
2013-09-03,7251,1721,4925,1152,22985.67,10911.14,26693.5,8213.76,68804.06999999999,2013,9,1,3,36,3,0,15049,0.33407427787338745,0.15858276988556055,0.38796396782922876,0.11937898441182333,3.17,6.34,5.42,7.13
2013-09-04,3834,2076,4230,1819,12153.78,13161.84,22926.6,12969.47,61211.69,2013,9,2,4,36,3,0,11959,0.1985532502043319,0.21502167314772716,0.3745461038569593,0.21187897279098158,3.1700000000000004,6.34,5.42,7.13
2013-09-05,7530,1391,3940,489,23870.1,8818.94,21354.8,3486.57,57530.41,2013,9,3,5,36,3,0,13350,0.41491273919306326,0.15329179819855274,0.37119151419223323,0.060603948416150695,3.17,6.340000000000001,5.42,7.13
2013-09-06,1308,3935,1776,1445,4146.36,24947.9,9625.92,10302.85,49023.03,2013,9,4,6,36,3,0,8464,0.08457983931225793,0.5089016325592278,0.19635506006054707,0.21016346806796726,3.17,6.340000000000001,5.42,7.13
2013-09-07,7642,3382,2602,1919,24225.14,21441.88,14102.84,13682.47,73452.33,2013,9,5,7,36,3,1,15545,0.3298076453122726,0.2919155866124329,0.19199989979895804,0.1862768682763365,3.17,6.34,5.42,7.13
2013-09-08,1754,3651,1169,1959,5560.18,23147.34,6335.98,13967.67,49011.17,2013,9,6,8,36,3,1,8533,0.11344719989341207,0.47228703171134256,0.1292762445785318,0.2849895238167136,3.1700000000000004,6.34,5.42,7.13
2013-09-09,1268,2410,1361,1162,4019.56,15279.4,7376.62,8285.06,34960.64,2013,9,0,9,37,3,0,6201,0.11497386775528137,0.43704577490572255,0.21099785358620438,0.2369825037527917,3.17,6.34,5.42,7.13
2013-09-10,7864,920,1253,274,24928.88,5832.8,6791.26,1953.62,39506.560000000005,2013,9,1,10,37,3,0,10311,0.6310060911403068,0.14764130311522947,0.17190208410957572,0.049450521634887966,3.17,6.34,5.42,7.13
2013-09-11,1989,3455,2429,1601,6305.13,21904.7,13165.18,11415.13,52790.14,2013,9,2,11,37,3,0,9474,0.11943764498446112,0.41493922918181314,0.2493871014549308,0.21623602437879497,3.17,6.34,5.42,7.13
2013-09-12,7251,3412,2289,397,22985.67,21632.08,12406.38,2830.61,59854.74,2013,9,3,12,37,3,0,13349,0.3840242226430187,0.361409639403663,0.20727481232062822,0.04729132563269008,3.17,6.340000000000001,5.42,7.13
2013-09-13,4208,1898,3963,1502,13339.36,12033.32,21479.46,10709.26,57561.4,2013,9,4,13,37,3,0,11571,0.2317414100421463,0.20905189936311486,0.37315735892455704,0.18604933167018176,3.17,6.34,5.42,7.13
2013-09-14,2755,3567,1805,1582,8733.35,22614.78,9783.1,11279.66,52410.89,2013,9,5,14,37,3,1,9709,0.16663235445915917,0.43149009681003314,0.18666158884155565,0.21521595988925202,3.17,6.34,5.42,7.13
2013-09-15,1767,637,1426,1623,5601.39,4038.58,7728.92,11571.99,28940.88,2013,9,6,15,37,3,1,5453,0.19354594608042328,0.1395458603884885,0.2670589145872551,0.39984927894383304,3.1700000000000004,6.34,5.42,7.13
2013-09-16,4208,1221,1267,1170,13339.36,7741.14,6867.14,8342.1,36289.74,2013,9,0,16,38,3,0,7866,0.36757937642981187,0.21331483774752866,0.18923089556442127,0.2298748902582383,3.17,6.34,5.42,7.13
2013-09-17,3735,899,4901,1302,11839.95,5699.66,26563.42,9283.26,53386.29,2013,9,1,17,38,3,0,10837,0.22177884996316471,0.1067626163945837,0.49757006901959283,0.17388846462265875,3.1700000000000004,6.34,5.42,7.13
2013-09-18,1805,1258,4111,1065,5721.85,7975.72,22281.62,7593.45,43572.64,2013,9,2,18,38,3,0,8239,0.13131749648403218,0.18304422224588643,0.5113672249374837,0.1742710563325977,3.1700000000000004,6.34,5.42,7.13
2013-09-19,4476,1010,2363,427,14188.92,6403.4,12807.46,3044.51,36444.29,2013,9,3,19,38,3,0,8276,0.3893317718633015,0.17570379337888045,0.3514256965906044,0.08353873816721358,3.17,6.34,5.42,7.130000000000001
2013-09-20,4981,1326,2374,921,15789.77,8406.84,12867.08,6566.73,43630.42,2013,9,4,20,38,3,0,9602,0.36189818938254553,0.19268299502961467,0.29491075263543187,0.15050806295240798,3.17,6.34,5.42,7.13
2013-09-21,1048,703,5470,569,3322.16,4457.02,29647.4,4056.97,41483.55,2013,9,5,21,38,3,1,7790,0.08008379225018109,0.10744066021350632,0.7146784689352768,0.09779707860103581,3.17,6.340000000000001,5.42,7.13
2013-09-22,7386,1248,1760,954,23413.62,7912.32,9539.2,6802.02,47667.16,2013,9,6,22,38,3,1,11348,0.4911897415327449,0.16599100932381958,0.2001210057406399,0.14269824340279555,3.17,6.34,5.420000000000001,7.130000000000001
2013-09-23,4234,1759,4480,946,13421.78,11152.06,24281.6,6744.98,55600.42,2013,9,0,23,39,3,0,11419,0.24139709736005593,0.20057510356936153,0.43671612552567046,0.12131167354491207,3.1700000000000004,6.34,5.42,7.13
2013-09-24,4725,1484,1205,542,14978.25,9408.56,6531.1,3864.46,34782.369999999995,2013,9,1,24,39,3,0,7956,0.43062764268219794,0.27049795629222506,0.1877704135744632,0.1111039874511139,3.17,6.34,5.42,7.13
2013-09-25,3364,264,1772,1430,10663.88,1673.76,9604.24,10195.9,32137.78,2013,9,2,25,39,3,0,6830,0.33181756798384954,0.05208075977867793,0.29884578212931945,0.3172558901081531,3.17,6.34,5.42,7.13
2013-09-26,5763,2223,5861,1797,18268.71,14093.82,31766.62,12812.61,76941.76,2013,9,3,26,39,3,0,15644,0.23743556165078628,0.1831751704146097,0.41286578315858646,0.1665234847760176,3.17,6.34,5.42,7.13
2013-09-27,2782,2593,2911,855,8818.94,16439.62,15777.62,6096.15,47132.33,2013,9,4,27,39,3,0,9141,0.18711020651854046,0.3487970995705071,0.3347515389118255,0.1293411549991269,3.1700000000000004,6.34,5.42,7.13
2013-09-28,4178,3561,791,1344,13244.26,22576.74,4287.22,9582.72,49690.94,2013,9,5,28,39,3,1,9874,0.2665326918750179,0.4543431861019333,0.08627769971749377,0.19284642230555507,3.17,6.340000000000001,5.42,7.13
2013-09-29,1102,891,5186,1460,3493.34,5648.94,28108.12,10409.8,47660.2,2013,9,6,29,39,3,1,8639,0.07329679690811201,0.11852531042672922,0.5897608486745755,0.21841704399058334,3.17,6.34,5.42,7.13
2013-09-30,2181,1874,1328,1810,6913.77,11881.16,7197.76,12905.3,38897.990000000005,2013,9,0,30,40,3,0,7193,0.17774106065634754,0.30544406022007814,0.18504195203916704,0.33177292708440714,3.1700000000000004,6.34,5.42,7.13
2013-10-01,2728,1642,482,1101,8647.76,10410.28,2612.44,7850.13,29520.61,2013,10,1,1,40,4,0,5953,0.2929397461637818,0.3526444744874852,0.0884954613065245,0.2659203180422085,3.17,6.340000000000001,5.42,7.13
2013-10-02,2408,1517,3656,640,7633.36,9617.78,19815.52,4563.2,41629.86,2013,10,2,2,40,4,0,8221,0.18336261519976285,0.23103080337046536,0.4759929531350814,0.10961362829469039,3.17,6.340000000000001,5.42,7.13
2013-10-03,1973,1686,1444,874,6254.41,10689.24,7826.48,6231.62,31001.75,2013,10,3,3,40,4,0,5977,0.20174377252897013,0.3447947293297959,0.25245284540388846,0.20100865273734547,3.17,6.34,5.42,7.13
2013-10-04,2993,2788,5440,422,9487.81,17675.92,29484.8,3008.86,59657.39,2013,10,4,4,40,4,0,11643,0.15903830187676665,0.2962905350032913,0.4942355004132765,0.05043566270666552,3.17,6.339999999999999,5.42,7.13
2013-10-05,886,526,5571,1928,2808.62,3334.84,30194.82,13746.64,50084.92,2013,10,5,5,40,4,1,8911,0.056077158553912036,0.06658371421976915,0.6028724813776283,0.27446664584869057,3.17,6.34,5.42,7.13
2013-10-06,407,707,5890,474,1290.19,4482.38,31923.8,3379.62,41075.99,2013,10,6,6,40,4,1,7478,0.03140983333572727,0.1091240892794063,0.7771888151691536,0.08227726221571288,3.17,6.34,5.42,7.13
2013-10-07,7127,1517,2024,1659,22592.59,9617.78,10970.08,11828.67,55009.12,2013,10,0,7,41,4,0,12327,0.4107062610708915,0.17483973566564961,0.19942293205199427,0.21503107121146456,3.17,6.340000000000001,5.42,7.13
2013-10-08,6939,1840,4384,585,21996.63,11665.6,23761.28,4171.05,61594.560000000005,2013,10,1,8,41,4,0,13748,0.35711968719315473,0.1893933490230306,0.38576913285848613,0.06771783092532847,3.17,6.34,5.42,7.13
2013-10-09,4165,821,1165,701,13203.05,5205.14,6314.3,4998.13,29720.62,2013,10,2,9,41,4,0,6852,0.4442387137280447,0.1751356465645737,0.21245519104244798,0.16817044866493364,3.17,6.340000000000001,5.42,7.13
2013-10-10,6935,3743,1611,1875,21983.95,23730.62,8731.62,13368.75,67814.94,2013,10,3,10,41,4,0,14164,0.32417561675937484,0.34993203562518815,0.12875658372624085,0.1971357638891961,3.17,6.34,5.420000000000001,7.13
2013-10-11,3625,3235,1140,1730,11491.25,20509.9,6178.8,12334.9,50514.850000000006,2013,10,4,11,41,4,0,9730,0.22748261154888114,0.4060172404748307,0.12231650692816072,0.2441836410481274,3.17,6.340000000000001,5.42,7.13
2013-10-12,4930,2041,5908,821,15628.1,12939.94,32021.36,5853.73,66443.13,2013,10,5,12,41,4,1,13700,0.23521017146543216,0.1947521135744207,0.48193635670083573,0.08810135825931137,3.17,6.34,5.42,7.13
2013-10-13,791,3858,422,1406,2507.47,24459.72,2287.24,10024.78,39279.21,2013,10,6,13,41,4,1,6477,0.063837078189709,0.6227141533651008,0.05823029536490168,0.25521847308028855,3.17,6.34,5.419999999999999,7.130000000000001
2013-10-14,4825,3039,1691,557,15295.25,19267.26,9165.22,3971.41,47699.14,2013,10,0,14,42,4,0,10112,0.3206609175762917,0.40393306881423857,0.1921464412146634,0.08325957239480627,3.17,6.34,5.42,7.13
2013-10-15,6150,3561,286,1445,19495.5,22576.74,1550.12,10302.85,53925.21000000001,2013,10,1,15,42,4,0,11442,0.3615284947429968,0.41866763244871924,0.028745738774128088,0.1910581340341558,3.17,6.340000000000001,5.42,7.13
2013-10-16,613,3797,4241,1022,1943.21,24072.98,22986.22,7286.86,56289.27,2013,10,2,16,42,4,0,9673,0.03452185469806235,0.427665521332929,0.40835882220536884,0.12945380176363985,3.17,6.34,5.42,7.13
2013-10-17,6102,2050,3248,859,19343.34,12997.0,17604.16,6124.67,56069.17,2013,10,3,17,42,4,0,12259,0.3449906606429166,0.23180296765584368,0.31397218828101076,0.10923418342022899,3.17,6.34,5.42,7.13
2013-10-18,290,374,1500,1278,919.3,2371.16,8130.0,9112.14,20532.6,2013,10,4,18,42,4,0,3442,0.044772702921208225,0.11548269581056467,0.39595569971654837,0.44378890155167877,3.17,6.34,5.42,7.13
2013-10-19,7503,1936,2741,1605,23784.51,12274.24,14856.22,11443.65,62358.62,2013,10,5,19,42,4,1,13785,0.3814149511326581,0.19683309220120648,0.23823843439768227,0.18351352226845302,3.17,6.34,5.42,7.13
2013-10-20,7840,1186,5608,1464,24852.8,7519.24,30395.36,10438.32,73205.72,2013,10,6,20,42,4,1,16098,0.33949259702657114,0.10271383165140648,0.4152047135114578,0.14258885781056452,3.17,6.34,5.42,7.13
2013-10-21,7170,3208,3470,1554,22728.9,20338.72,18807.4,11080.02,72955.04000000001,2013,10,0,21,43,4,0,15402,0.3115466731290943,0.27878430331886594,0.2577943895308672,0.1518746340211725,3.1700000000000004,6.340000000000001,5.420000000000001,7.13
2013-10-22,1899,3707,3171,970,6019.83,23502.38,17186.82,6916.1,53625.13,2013,10,1,22,43,4,0,9747,0.1122576299581931,0.43827175803583135,0.3204993628919874,0.12897124911398816,3.17,6.34,5.42,7.130000000000001
2013-10-23,2742,1350,3573,716,8692.14,8559.0,19365.66,5105.08,41721.880000000005,2013,10,2,23,43,4,0,8381,0.2083352907395352,0.20514415937153357,0.46416077127876304,0.12235977861016809,3.17,6.34,5.42,7.13
2013-10-24,3421,2440,3349,1422,10844.57,15469.6,18151.58,10138.86,54604.61,2013,10,3,24,43,4,0,10632,0.19860172978069068,0.2833020874977406,0.33241845331374037,0.1856777294078284,3.17,6.34,5.420000000000001,7.130000000000001
2013-10-25,6539,1590,5998,461,20728.63,10080.6,32509.16,3286.93,66605.31999999999,2013,10,4,25,43,4,0,14588,0.31121583080750914,0.15134827067867854,0.48808653723156054,0.04934936128225193,3.1700000000000004,6.34,5.42,7.13
2013-10-26,4361,3139,4695,842,13824.37,19901.26,25446.9,6003.46,65175.99,2013,10,5,26,43,4,1,13037,0.21210832393953666,0.3053464933942699,0.3904336550929261,0.0921115275732674,3.1700000000000004,6.34,5.42,7.13
2013-10-27,4827,639,4376,916,15301.59,4051.26,23717.92,6531.08,49601.85,2013,10,6,27,43,4,1,10758,0.3084882922713568,0.08167558266475948,0.4781660361458292,0.13167008891805446,3.17,6.340000000000001,5.42,7.13
2013-10-28,7295,3964,5536,1013,23125.15,25131.76,30005.12,7222.69,85484.72,2013,10,0,28,44,4,0,17808,0.27051793583695427,0.29399125364158646,0.35099980440948975,0.08449100611196948,3.1700000000000004,6.34,5.42,7.13
2013-10-29,3236,1037,4276,1035,10258.12,6574.58,23175.92,7379.55,47388.17,2013,10,1,29,44,4,0,9584,0.21647005993267943,0.13873884558108068,0.489065519938837,0.15572557454740288,3.1700000000000004,6.34,5.42,7.13
2013-10-30,2326,1687,5379,1664,7373.42,10695.58,29154.18,11864.32,59087.5,2013,10,2,30,44,4,0,11056,0.12478815316268246,0.18101256610958324,0.49340689655172415,0.20079238417601014,3.17,6.34,5.42,7.13
2013-11-01,4371,3252,1177,1763,13856.07,20617.68,6379.34,12570.19,53423.28,2013,11,4,1,44,4,0,10563,0.2593638952905924,0.38593062799588496,0.11941123794720204,0.2352942387663206,3.17,6.34,5.42,7.13
2013-11-02,3869,3224,3419,261,12264.73,20440.16,18530.98,1860.93,53096.8,2013,11,5,2,44,4,1,10773,0.23098811981136338,0.38496029892573563,0.34900370643805273,0.0350478748248482,3.17,6.34,5.42,7.13
2013-11-03,3090,3656,385,698,9795.3,23179.04,2086.7,4976.74,40037.77999999999,2013,11,6,3,44,4,1,7829,0.24465142672745596,0.5789292013693068,0.05211827428993317,0.12430109761330425,3.17,6.34,5.42,7.13
2013-11-04,4205,1237,1171,512,13329.85,7842.58,6346.82,3650.56,31169.81,2013,11,0,4,45,4,0,7125,0.42765259076009765,0.2516082067872727,0.2036207471267871,0.11711845532584253,3.17,6.34,5.42,7.13
2013-11-05,4419,1768,2023,287,14008.23,11209.12,10964.66,2046.31,38228.31999999999,2013,11,1,5,45,4,0,8497,0.3664359302213647,0.2932150824310355,0.28682034680048724,0.053528640547112726,3.17,6.340000000000001,5.42,7.13
2013-11-06,7358,948,3103,746,23324.86,6010.32,16818.26,5318.98,51472.42,2013,11,2,6,45,4,0,12155,0.4531525815184132,0.11676777583024074,0.3267431373928018,0.10333650525854428,3.17,6.34,5.419999999999999,7.129999999999999
2013-11-07,7924,3175,5816,1354,25119.08,20129.5,31522.72,9654.02,86425.32,2013,11,3,7,45,4,0,18269,0.2906449174848297,0.23291206789862043,0.3647394073866316,0.11170360722991826,3.1700000000000004,6.34,5.42,7.13
2013-11-08,292,2502,3792,932,925.64,15862.68,20552.64,6645.16,43986.12,2013,11,4,8,45,4,0,7518,0.02104391112469115,0.3606292166710771,0.4672528515813624,0.1510740206228692,3.17,6.34,5.42,7.13
2013-11-09,5458,1852,871,362,17301.86,11741.68,4720.82,2581.06,36345.42,2013,11,5,9,45,4,1,8543,0.47603962204866535,0.3230580359230957,0.12988761720183725,0.07101472482640178,3.17,6.34,5.42,7.13
2013-11-10,7654,1773,2877,780,24263.18,11240.82,15593.34,5561.4,56658.74,2013,11,6,10,45,4,1,13084,0.4282336670388364,0.19839516374702296,0.2752150859690844,0.09815608324505627,3.17,6.34,5.42,7.13
2013-11-11,4841,2850,5617,737,15345.97,18069.0,30444.14,5254.81,69113.92,2013,11,0,11,46,4,0,14045,0.2220387730865215,0.2614379274102815,0.44049216134752595,0.07603113815567111,3.17,6.34,5.42,7.130000000000001
2013-11-12,7356,2890,848,1628,23318.52,18322.6,4596.16,11607.64,57844.92,2013,11,1,12,46,4,0,12722,0.4031213112577561,0.31675383075990077,0.07945658840914639,0.20066826957319675,3.17,6.34,5.42,7.13
2013-11-13,1764,2690,4404,642,5591.88,17054.6,23869.68,4577.46,51093.62,2013,11,2,13,46,4,0,9500,0.1094438013982959,0.33379118567053967,0.4671753537917258,0.08958965913943855,3.17,6.34,5.42,7.13
2013-11-14,6843,495,2038,1512,21692.31,3138.3,11045.96,10780.56,46657.13,2013,11,3,14,46,4,0,10888,0.4649302260983477,0.06726303139520155,0.23674752390470652,0.23105921860174425,3.1700000000000004,6.340000000000001,5.42,7.13
2013-11-15,5660,3113,891,683,17942.2,19736.42,4829.22,4869.79,47377.63,2013,11,4,15,46,4,0,10347,0.37870615309377026,0.4165767684031472,0.10193038360086819,0.1027866949022144,3.17,6.34,5.42,7.13
2013-11-16,5984,830,4810,1786,18969.28,5262.2,26070.2,12734.18,63035.86,2013,11,5,16,46,4,1,13410,0.30092839218819256,0.08347946708429138,0.41357728759471196,0.2020148531328041,3.17,6.34,5.42,7.13
2013-11-17,7324,1890,4894,1631,23217.08,11982.6,26525.48,11629.03,73354.19,2013,11,6,17,46,4,1,15739,0.3165065281206159,0.1633526319355445,0.36160824623651355,0.15853259370732606,3.1700000000000004,6.34,5.42,7.130000000000001
2013-11-18,7372,1235,533,261,23369.24,7829.9,2888.86,1860.93,35948.93,2013,11,0,18,47,4,0,9401,0.6500677488871018,0.21780620452402893,0.08036011085726334,0.05176593573160592,3.1700000000000004,6.34,5.42,7.13
2013-11-19,3670,3640,1958,1011,11633.9,23077.6,10612.36,7208.43,52532.29,2013,11,1,19,47,4,0,10279,0.2214618856326271,0.4393031409824319,0.2020159410526364,0.13721903233230456,3.17,6.34,5.42,7.13
2013-11-20,5453,3284,4166,1391,17286.01,20820.56,22579.72,9917.83,70604.12,2013,11,2,20,47,4,0,14294,0.24483004674514744,0.29489157289971185,0.3198073993415682,0.14047098101357258,3.1699999999999995,6.340000000000001,5.42,7.13
2013-11-21,337,513,1657,1498,1068.29,3252.42,8980.94,10680.74,23982.39,2013,11,3,21,47,4,0,4005,0.04454476805689508,0.13561700898033932,0.3744806084798054,0.4453576144829602,3.17,6.34,5.42,7.13
2013-11-22,7521,674,3960,401,23841.57,4273.16,21463.2,2859.13,52437.06,2013,11,4,22,47,4,0,12556,0.4546702275070342,0.08149122014086983,0.4093135656346866,0.05452498671740941,3.17,6.34,5.42,7.13
2013-11-23,5975,1897,3916,253,18940.75,12026.98,21224.72,1803.89,53996.34,2013,11,5,23,47,4,1,12041,0.35077840461038656,0.22273694846724798,0.39307701225675673,0.033407634665608824,3.17,6.34,5.42,7.130000000000001
2013-11-24,2081,741,3824,493,6596.77,4697.94,20726.08,3515.09,35535.880000000005,2013,11,6,24,47,4,1,7139,0.1856368830601634,0.13220272018027973,0.583243752511546,0.09891664424801073,3.1700000000000004,6.34,5.420000000000001,7.13
2013-11-25,354,657,3477,462,1122.18,4165.38,18845.34,3294.06,27426.960000000003,2013,11,0,25,48,4,0,4950,0.0409152162689558,0.15187173496442916,0.6871100552157439,0.1201029935508711,3.1700000000000004,6.34,5.42,7.13
2013-11-26,1942,609,2878,1149,6156.14,3861.06,15598.76,8192.37,33808.33,2013,11,1,26,48,4,0,6578,0.18208944363711546,0.11420439873841742,0.4613880661955204,0.24231809142894667,3.1700000000000004,6.34,5.42,7.130000000000001
2013-11-27,6661,1995,560,1776,21115.37,12648.3,3035.2,12662.88,49461.74999999999,2013,11,2,27,48,4,0,10992,0.4269030109124728,0.25571881302218386,0.06136458980929709,0.25601358625604637,3.17,6.34,5.42,7.13
2013-11-28,7305,2399,629,1322,23156.85,15209.66,3409.18,9425.86,51201.55,2013,11,3,28,48,4,0,11655,0.45226853483927726,0.29705467900874094,0.06658353116263081,0.18409325498935092,3.17,6.34,5.42,7.130000000000001
2013-11-29,7567,2395,3337,1063,23987.39,15184.3,18086.54,7579.19,64837.420000000006,2013,11,4,29,48,4,0,14362,0.36996212989350896,0.2341903795678483,0.27895218532754695,0.11689530521109567,3.17,6.34,5.42,7.13
2013-11-30,5239,3184,3652,1799,16607.63,20186.56,19793.84,12826.87,69414.9,2013,11,5,30,48,4,1,13874,0.2392516592259011,0.2908101862856534,0.28515261132696296,0.18478554316148266,3.1700000000000004,6.340000000000001,5.42,7.130000000000001
2013-12-01,2677,1376,2608,1531,8486.09,8723.84,14135.36,10916.03,42261.32,2013,12,6,1,48,4,1,8192,0.20080040093399829,0.20642611257764784,0.3344751181458601,0.2582983683424938,3.17,6.34,5.42,7.130000000000001
2013-12-02,7205,378,824,1067,22839.85,2396.52,4466.08,7607.71,37310.16,2013,12,0,2,49,4,0,9474,0.6121616739247432,0.06423236994963302,0.11970144325299059,0.20390451287263306,3.17,6.34,5.42,7.13
2013-12-03,6192,2292,5208,1376,19628.64,14531.28,28227.36,9810.88,72198.16,2013,12,1,3,49,4,0,15068,0.27187174853209556,0.201269395231125,0.39097062861435805,0.1358882276224214,3.17,6.34,5.42,7.129999999999999
2013-12-04,6586,2262,5119,1383,20877.62,14341.08,27744.98,9860.79,72824.47,2013,12,2,4,49,4,0,15350,0.2866841324076921,0.19692666489711494,0.38098430376492953,0.13540489893026342,3.17,6.34,5.42,7.130000000000001
2013-12-05,6285,549,4250,404,19923.45,3480.66,23035.0,2880.52,49319.63,2013,12,3,5,49,4,0,11488,0.4039659259406448,0.07057352214523913,0.46705540978308235,0.05840514213103383,3.17,6.34,5.42,7.13
2013-12-06,4297,3406,4753,1219,13621.49,21594.04,25761.26,8691.47,69668.26,2013,12,4,6,49,4,0,13675,0.19551930821869243,0.30995520772300045,0.3697703947249436,0.12475508933336357,3.17,6.34,5.42,7.13
2013-12-07,3250,1022,648,456,10302.5,6479.48,3512.16,3251.28,23545.42,2013,12,5,7,49,4,1,5376,0.4375585570357208,0.27519067402492714,0.1491653153776828,0.13808545356166935,3.17,6.34,5.42,7.130000000000001
2013-12-08,5390,3702,4055,489,17086.3,23470.68,21978.1,3486.57,66021.65,2013,12,6,8,49,4,1,13636,0.25879843960276666,0.35549974894598974,0.3328923163840952,0.05280949506714844,3.17,6.34,5.42,7.13
2013-12-09,1084,1530,3054,1760,3436.28,9700.2,16552.68,12548.8,42237.96000000001,2013,12,0,9,50,4,0,7428,0.08135525484658823,0.22965597770346863,0.39189108564902275,0.2970976818009202,3.1700000000000004,6.340000000000001,5.42,7.13
2013-12-10,292,2148,2037,1973,925.64,13618.32,11040.54,14067.49,39651.99,2013,12,1,10,50,4,0,6450,0.023344099501689575,0.34344606664129596,0.27843596248258917,0.35477387137442534,3.17,6.34,5.420000000000001,7.13
2013-12-11,861,2356,1131,1404,2729.37,14937.04,6130.02,10010.52,33806.95,2013,12,2,11,50,4,0,5752,0.0807339910876314,0.4418334099940989,0.18132425433231927,0.29610834458595053,3.17,6.340000000000001,5.420000000000001,7.13
2013-12-12,5712,1563,3032,980,18107.04,9909.42,16433.44,6987.4,51437.3,2013,12,3,12,50,4,0,11287,0.3520215874472416,0.19265046960085386,0.3194848874260507,0.1358430555258538,3.1700000000000004,6.34,5.42,7.13
2013-12-13,3298,2340,1423,495,10454.66,14835.6,7712.66,3529.35,36532.27,2013,12,4,13,50,4,0,7556,0.2861760301235045,0.4060957613638573,0.21111910100303102,0.09660910750960726,3.17,6.34,5.42,7.13
2013-12-14,5546,2980,4035,889,17580.82,18893.2,21869.7,6338.57,64682.29,2013,12,5,14,50,4,1,13450,0.2718026835475367,0.29209231769623495,0.33810955054312397,0.09799544821310438,3.17,6.34,5.42,7.13
2013-12-15,1510,1771,4093,1381,4786.7,11228.14,22184.06,9846.53,48045.43,2013,12,6,15,50,4,1,8755,0.09962862232682691,0.2336983975374973,0.4617309076014098,0.20494207253426602,3.17,6.34,5.42,7.130000000000001
2013-12-16,3593,2902,2325,1364,11389.81,18398.68,12601.5,9725.32,52115.31,2013,12,0,16,51,4,0,10184,0.21855017268438007,0.3530379076705099,0.2418003461938536,0.18661157345125645,3.17,6.34,5.42,7.13
2013-12-17,6935,634,2606,1138,21983.95,4019.56,14124.52,8113.94,48241.97,2013,12,1,17,51,4,0,11313,0.4557017468399404,0.08332080966013618,0.2927848924909161,0.1681925510090073,3.17,6.34,5.42,7.13
2013-12-18,771,2936,757,1491,2444.07,18614.24,4102.94,10630.83,35792.08,2013,12,2,18,51,4,0,5955,0.06828521840585962,0.5200658916721241,0.11463262263606919,0.29701626728594704,3.1700000000000004,6.340000000000001,5.419999999999999,7.13
2013-12-19,1498,3339,1465,584,4748.66,21169.26,7940.3,4163.92,38022.14,2013,12,3,19,51,4,0,6886,0.12489197083593927,0.556761402698533,0.20883359011354963,0.1095130363519781,3.17,6.34,5.42,7.13
2013-12-20,3150,2898,2515,1726,9985.5,18373.32,13631.3,12306.38,54296.49999999999,2013,12,4,20,51,4,0,10289,0.18390688165903882,0.3383886622526314,0.2510530144668625,0.22665144162146733,3.17,6.34,5.42,7.13
2013-12-21,839,3861,596,1393,2659.63,24478.74,3230.32,9932.09,40300.78,2013,12,5,21,51,4,1,6689,0.0659945043247302,0.6074011470745728,0.08015527242897036,0.2464490761717267,3.17,6.340000000000001,5.42,7.13
2013-12-22,2791,2062,2428,1962,8847.47,13073.08,13159.76,13989.06,49069.37,2013,12,6,22,51,4,1,9243,0.18030535138315407,0.2664203758882578,0.2681868546508749,0.2850874180777132,3.17,6.34,5.42,7.13
2013-12-23,3889,2819,1519,300,12328.13,17872.46,8232.98,2139.0,40572.56999999999,2013,12,0,23,52,4,0,8527,0.3038538105917373,0.4405059871731074,0.20291985447310834,0.05272034776204713,3.17,6.34,5.42,7.13
2013-12-24,6115,2717,3430,448,19384.55,17225.78,18590.6,3194.24,58395.17,2013,12,1,24,52,4,0,12710,0.3319546804984042,0.2949863832916318,0.31835852177500296,0.05470041443496097,3.17,6.34,5.42,7.13
2013-12-25,305,3742,466,538,966.85,23724.28,2525.72,3835.94,31052.79,2013,12,2,25,52,4,0,5051,0.03113568861284284,0.7639983396016912,0.08133633080956654,0.12352964097589943,3.17,6.34,5.42,7.13
2013-12-26,3155,3548,3326,1176,10001.35,22494.32,18026.92,8384.88,58907.47,2013,12,3,26,52,4,0,11205,0.16978067467504546,0.3818585316938582,0.3060209511629,0.14233984246819628,3.17,6.34,5.419999999999999,7.129999999999999
2013-12-27,384,837,645,1276,1217.28,5306.58,3495.9,9097.88,19117.64,2013,12,4,27,52,4,0,3142,0.0636731312023869,0.2775750563354054,0.18286252905693381,0.47588928340527387,3.17,6.34,5.42,7.129999999999999
2013-12-28,569,3029,3236,954,1803.73,19203.86,17539.12,6802.02,45348.73,2013,12,5,28,52,4,1,7788,0.03977465300571813,0.42347073446158245,0.3867609963939453,0.14999361613875406,3.17,6.34,5.42,7.130000000000001
2013-12-29,2083,2572,2253,314,6603.11,16306.48,12211.26,2238.82,37359.67,2013,12,6,29,52,4,1,7222,0.17674433419781277,0.43647280610348005,0.3268567415076204,0.059926118191086813,3.17,6.34,5.42,7.130000000000001
2013-12-30,7876,3021,4604,1097,24966.92,19153.14,24953.68,7821.61,76895.34999999999,2013,12,0,30,1,4,0,16598,0.3246869934267807,0.24908060110266747,0.3245148113637561,0.1017175941067958,3.17,6.34,5.42,7.13
2014-01-01,3352,1349,5140,1331,10625.84,8552.66,27858.8,9490.03,56527.33,2014,1,2,1,1,1,0,11172,0.18797703694832216,0.15130132627881063,0.49283771230659573,0.16788392446627146,3.17,6.34,5.42,7.130000000000001
2014-01-02,6998,3995,4395,269,22183.66,25328.3,23820.9,1917.97,73250.83,2014,1,3,2,1,1,0,15657,0.30284516912641124,0.34577492159474504,0.3251963151816846,0.026183594097159035,3.17,6.34,5.42,7.13
2014-01-03,605,615,1604,1050,1917.85,3899.1,8693.68,7486.5,21997.13,2014,1,4,3,1,1,0,3874,0.08718637385877157,0.17725494189469262,0.3952188308202024,0.3403398534263333,3.17,6.34,5.42,7.13
2014-01-04,2475,760,4098,1913,7845.75,4818.4,22211.16,13639.69,48515.0,2014,1,5,4,1,1,1,9246,0.1617180253529836,0.09931773678243841,0.45782046789652686,0.2811437699680511,3.17,6.34,5.42,7.13
2014-01-05,5166,2570,4661,1214,16376.22,16293.8,25262.62,8655.82,66588.45999999999,2014,1,6,5,1,1,1,13611,0.24593180259762729,0.24469405059074803,0.3793843557877747,0.12998979102385008,3.17,6.34,5.42,7.13
2014-01-06,3060,1087,1704,293,9700.2,6891.58,9235.68,2089.09,27916.55,2014,1,0,6,2,1,0,6144,0.3474713028651463,0.24686359883295034,0.3308317109384935,0.07483338736340989,3.1700000000000004,6.34,5.42,7.130000000000001
2014-01-07,4095,3980,3550,1094,12981.15,25233.2,19241.0,7800.22,65255.57,2014,1,1,7,2,1,0,12719,0.19892784631258298,0.3866827000361808,0.2948560559657972,0.11953339768543897,3.17,6.34,5.42,7.13
2014-01-08,3908,2742,2943,1920,12388.36,17384.28,15951.06,13689.6,59413.3,2014,1,2,8,2,1,0,11513,0.20851156222596623,0.29259913184421665,0.26847625026719607,0.230413055662621,3.17,6.34,5.42,7.13
2014-01-09,5566,1479,346,727,17644.22,9376.86,1875.32,5183.51,34079.91,2014,1,3,9,2,1,0,8118,0.5177308273407999,0.27514333224471543,0.055027140623317365,0.15209869979116727,3.1700000000000004,6.340000000000001,5.42,7.13
2014-01-10,4557,3804,4909,434,14445.69,24117.36,26606.78,3094.42,68264.25,2014,1,4,10,2,1,0,13704,0.21161427833748997,0.35329414737582265,0.38976155161742787,0.045330022669259534,3.17,6.34,5.42,7.13
2014-01-11,6681,2557,4593,897,21178.77,16211.38,24894.06,6395.61,68679.82,2014,1,5,11,2,1,1,14728,0.30836962007180563,0.23604284344367818,0.36246542288549966,0.09312211359901641,3.17,6.34,5.42,7.13
2014-01-12,7778,2576,4692,448,24656.26,16331.84,25430.64,3194.24,69612.98,2014,1,6,12,2,1,1,15494,0.35419055469253,0.23460912031060877,0.3653146295417895,0.04588569545507174,3.17,6.34,5.42,7.13
2014-01-13,515,3922,2076,678,1632.55,24865.48,11251.92,4834.14,42584.09,2014,1,0,13,3,1,0,7191,0.03833708786544458,0.5839147907117423,0.2642282598970649,0.11351986152574825,3.17,6.34,5.42,7.130000000000001
2014-01-14,2733,569,678,734,8663.61,3607.46,3674.76,5233.42,21179.25,2014,1,1,14,3,1,0,4714,0.409061227380573,0.1703299219755185,0.17350756046602217,0.24710129017788637,3.1700000000000004,6.34,5.42,7.13
2014-01-15,5667,2785,4610,1096,17964.39,17656.9,24986.2,7814.48,68421.97,2014,1,2,15,3,1,0,14158,0.2625529490016145,0.2580589246407258,0.3651780268823011,0.11421009947535857,3.17,6.340000000000001,5.42,7.13
2014-01-16,370,2222,5595,521,1172.9,14087.48,30324.9,3714.73,49300.01,2014,1,3,16,3,1,0,8708,0.023791070224935047,0.285750043458409,0.6151094086999171,0.07534947761673881,3.1700000000000004,6.34,5.42,7.13
2014-01-17,3037,3900,4931,1292,9627.29,24726.0,26726.02,9211.96,70291.26999999999,2014,1,4,17,3,1,0,13160,0.1369628120248788,0.35176487777216153,0.380218197793268,0.13105411240969186,3.1700000000000004,6.34,5.42,7.129999999999999
2014-01-18,5167,1698,4638,429,16379.39,10765.32,25137.96,3058.77,55341.44,2014,1,5,18,3,1,1,11932,0.2959697109435533,0.19452547674943044,0.4542339339200425,0.055270878386973664,3.17,6.34,5.42,7.13
2014-01-19,5692,2541,373,1078,18043.64,16109.94,2021.66,7686.14,43861.380000000005,2014,1,6,19,3,1,1,9684,0.4113787573487199,0.36729213718309817,0.046092029024166585,0.1752370764440152,3.17,6.34,5.42,7.13
2014-01-20,4420,2994,683,1622,14011.4,18981.96,3701.86,11564.86,48260.08,2014,1,0,20,4,1,0,9719,0.29033105622700994,0.39332632685233837,0.07670646215256999,0.23963615476808162,3.17,6.34,5.42,7.130000000000001
2014-01-21,7581,2262,323,418,24031.77,14341.08,1750.66,2980.34,43103.850000000006,2014,1,1,21,4,1,0,10584,0.557531867802992,0.332709955143218,0.040614933468820065,0.06914324358496979,3.17,6.34,5.42,7.130000000000001
2014-01-22,7032,2810,3379,677,22291.44,17815.4,18314.18,4827.01,63248.03,2014,1,2,22,4,1,0,13898,0.35244481132455824,0.2816751762861231,0.2895612717107553,0.07631874067856344,3.17,6.340000000000001,5.42,7.13
2014-01-23,521,1393,2421,1534,1651.57,8831.62,13121.82,10937.42,34542.43,2014,1,3,23,4,1,0,5869,0.047812791398868,0.2556745428737932,0.3798754169871662,0.31663724874017257,3.17,6.340000000000001,5.42,7.13
2014-01-24,7775,3602,358,1925,24646.75,22836.68,1940.36,13725.25,63149.04,2014,1,4,24,4,1,0,13660,0.39029492768219437,0.3616314673983959,0.030726674546438074,0.21734693037297162,3.17,6.34,5.42,7.13
2014-01-25,7546,3939,3885,1202,23920.82,24973.26,21056.7,8570.26,78521.04,2014,1,5,25,4,1,1,16572,0.3046421697929625,0.3180454563515715,0.2681663411488182,0.10914603270664781,3.17,6.34,5.42,7.13
2014-01-26,4248,1782,4128,315,13466.16,11297.88,22373.76,2245.95,49383.75,2014,1,6,26,4,1,1,10473,0.27268403067810765,0.2287772799757005,0.4530591540739615,0.04547953527223023,3.17,6.34,5.42,7.129999999999999
2014-01-27,6135,871,1313,1403,19447.95,5522.14,7116.46,10003.39,42089.94,2014,1,0,27,5,1,0,9722,0.4620569665815632,0.13119857144011135,0.16907745651336162,0.2376670054649638,3.17,6.340000000000001,5.42,7.13
2014-01-28,2536,2076,781,1375,8039.12,13161.84,4233.02,9803.75,35237.73,2014,1,1,28,5,1,0,6768,0.2281395538248349,0.3735155471138464,0.12012748834842653,0.2782174107128921,3.17,6.34,5.420000000000001,7.13
2014-01-29,3869,1464,4182,609,12264.73,9281.76,22666.44,4342.17,48555.09999999999,2014,1,2,29,5,1,0,10124,0.25259406323949496,0.19115932208974962,0.4668189335414818,0.08942768112927377,3.17,6.34,5.42,7.13
2014-01-30,7603,2729,4276,373,24101.51,17301.86,23175.92,2659.49,67238.78,2014,1,3,30,5,1,0,14981,0.3584465690781421,0.257319659874852,0.34468085232956336,0.03955291871744252,3.17,6.34,5.42,7.129999999999999
2014-01-31,2668,1876,5370,1237,8457.56,11893.84,29105.4,8819.81,58276.61,2014,1,4,31,5,1,0,11151,0.14512786519325677,0.2040928598969638,0.4994353652348687,0.15134390967491074,3.17,6.34,5.42,7.13
2014-02-01,4106,3334,5993,1027,13016.02,21137.56,32482.06,7322.51,73958.15,2014,2,5,1,5,1,1,14460,0.17599169259912534,0.28580433664173593,0.4391951394133034,0.09900883134583546,3.17,6.340000000000001,5.42,7.13
2014-02-02,3109,3957,513,423,9855.53,25087.38,2780.46,3015.99,40739.36,2014,2,6,2,5,1,1,8002,0.24191666241197704,0.6158020155446723,0.0682499675989019,0.0740313544444488,3.1700000000000004,6.34,5.42,7.13
2014-02-03,4347,2030,258,1757,13779.99,12870.2,1398.36,12527.41,40575.96000000001,2014,2,0,3,6,1,0,8392,0.3396097097887517,0.31718781268514656,0.03446277056661135,0.30873970695949027,3.17,6.340000000000001,5.42,7.13
2014-02-04,7631,1031,3724,1848,24190.27,6536.54,20184.08,13176.24,64087.13,2014,2,1,4,6,1,0,14234,0.3774590935808797,0.10199458143936233,0.3149474785343017,0.20559884644545637,3.17,6.34,5.420000000000001,7.13
2014-02-05,2518,3512,3613,568,7982.06,22266.08,19582.46,4049.84,53880.44,2014,2,2,5,6,1,0,10211,0.14814392755515732,0.4132497804398034,0.36344283751209155,0.07516345449294771,3.1700000000000004,6.340000000000001,5.42,7.13
2014-02-06,5661,252,3988,1141,17945.37,1597.68,21614.96,8135.33,49293.34,2014,2,3,6,6,1,0,11042,0.3640526286106805,0.03241168076661066,0.43849655957579664,0.16503913104691223,3.17,6.34,5.42,7.13
2014-02-07,5164,2285,4675,629,16369.88,14486.9,25338.5,4484.77,60680.05,2014,2,4,7,6,1,0,12753,0.2697736735549822,0.23874238732499395,0.41757546343485213,0.07390847568517166,3.17,6.34,5.42,7.130000000000001
2014-02-08,5246,3355,1335,1384,16629.82,21270.7,7235.7,9867.92,55004.14,2014,2,5,8,6,1,1,11320,0.3023376058602134,0.38671089121655206,0.1315482798203917,0.17940322310284282,3.17,6.34,5.42,7.13
2014-02-09,2138,3630,2146,1832,6777.46,23014.2,11631.32,13062.16,54485.14,2014,2,6,9,6,1,1,9746,0.12439098073346237,0.42239406928200973,0.2134769223314834,0.23973802765304447,3.17,6.34,5.42,7.13
2014-02-10,1725,265,3996,1920,5468.25,1680.1,21658.32,13689.6,42496.27,2014,2,0,10,7,1,0,7906,0.12867599909356753,0.039535234504110596,0.5096522588923686,0.32213650750995326,3.17,6.34,5.42,7.13
2014-02-11,778,1473,2996,968,2466.26,9338.82,16238.32,6901.84,34945.240000000005,2014,2,1,11,7,1,0,6215,0.07057499104312918,0.2672415470604866,0.4646790235236615,0.19750443837272255,3.1700000000000004,6.34,5.42,7.13
2014-02-12,6107,3283,5458,1838,19359.19,20814.22,29582.36,13104.94,82860.71,2014,2,2,12,7,1,0,16686,0.2336353381475973,0.2511952890579866,0.35701311272857783,0.1581562600658382,3.17,6.340000000000001,5.42,7.13
2014-02-13,4970,3627,2395,1087,15754.9,22995.18,12980.9,7750.31,59481.29,2014,2,3,13,7,1,0,12079,0.26487152514681506,0.3865951797615687,0.21823501137920848,0.13029828371240773,3.17,6.34,5.42,7.130000000000001
2014-02-14,553,849,348,319,1753.01,5382.66,1886.16,2274.47,11296.3,2014,2,4,14,7,1,0,2069,0.15518444092313413,0.4764976142630773,0.166971486238857,0.2013464585749316,3.17,6.34,5.42,7.129999999999999
2014-02-15,6771,3615,3368,812,21464.07,22919.1,18254.56,5789.56,68427.29,2014,2,5,15,7,1,1,14566,0.3136770431797022,0.3349409278081888,0.2667730959387695,0.08460893307333961,3.17,6.34,5.420000000000001,7.130000000000001
2014-02-16,4546,2377,420,1035,14410.82,15070.18,2276.4,7379.55,39136.95,2014,2,6,16,7,1,1,8378,0.36821520327976504,0.38506270928112696,0.05816498219713085,0.18855710524197722,3.17,6.34,5.42,7.13
2014-02-17,1824,3121,2118,1195,5782.08,19787.14,11479.56,8520.35,45569.13,2014,2,0,17,8,1,0,8258,0.1268858984141238,0.434222465954474,0.25191527685518683,0.1869763587762154,3.17,6.34,5.42,7.13
2014-02-18,4734,3132,5504,1074,15006.78,19856.88,29831.68,7657.62,72352.96,2014,2,1,18,8,1,0,14444,0.20741072652729065,0.2744446115266051,0.4123076650906887,0.10583699685541544,3.17,6.340000000000001,5.42,7.13
2014-02-19,6931,344,2887,475,21971.27,2180.96,15647.54,3386.75,43186.52,2014,2,2,19,8,1,0,10637,0.5087529627300371,0.05050094334991567,0.362324632778932,0.07842146114111534,3.17,6.34,5.42,7.13
2014-02-20,7098,1712,4936,432,22500.66,10854.08,26753.12,3080.16,63188.02,2014,2,3,20,8,1,0,14178,0.35609060071830073,0.17177433317264887,0.42338911711428845,0.048745948994761985,3.17,6.34,5.42,7.13
2014-02-21,7592,2237,1370,567,24066.64,14182.58,7425.4,4042.71,49717.33,2014,2,4,21,8,1,0,11766,0.48406943816170334,0.2852643132686329,0.14935234856739088,0.08131390000227284,3.17,6.34,5.42,7.13
2014-02-22,5393,3782,3655,1752,17095.81,23977.88,19810.1,12491.76,73375.55,2014,2,5,22,8,1,1,14582,0.2329905533927855,0.3267829678959817,0.2699823033694466,0.17024417534178618,3.1700000000000004,6.34,5.42,7.13
2014-02-23,1101,1855,1211,887,3490.17,11760.7,6563.62,6324.31,28138.800000000003,2014,2,6,23,8,1,1,5054,0.12403407394771632,0.4179531465449841,0.23325870328514361,0.22475407622215587,3.17,6.340000000000001,5.42,7.130000000000001
2014-02-24,744,2974,3154,713,2358.48,18855.16,17094.68,5083.69,43392.01,2014,2,0,24,9,1,0,7585,0.05435286358018446,0.434530688944808,0.39395916437150524,0.11715728310350222,3.17,6.34,5.42,7.129999999999999
2014-02-25,6763,3040,959,963,21438.71,19273.6,5197.78,6866.19,52776.28,2014,2,1,25,9,1,0,11725,0.4062186649002165,0.3651943638316304,0.09848704759031898,0.13009992367783405,3.17,6.34,5.42,7.13
2014-02-26,5349,583,2110,336,16956.33,3696.22,11436.2,2395.68,34484.43,2014,2,2,26,9,1,0,8378,0.49170973682905594,0.10718518473409593,0.3316337257133147,0.06947135272353348,3.1700000000000004,6.34,5.42,7.13
2014-02-27,3219,2826,4026,1402,10204.23,17916.84,21820.92,9996.26,59938.25,2014,2,3,27,9,1,0,11473,0.17024571121112145,0.29892164018802686,0.364056674994682,0.1667759736061697,3.17,6.34,5.42,7.13
2014-02-28,4065,1414,4272,526,12886.05,8964.76,23154.24,3750.38,48755.43,2014,2,4,28,9,1,0,10277,0.26429979183857055,0.18387203230491456,0.4749058720228701,0.07692230383364479,3.17,6.34,5.420000000000001,7.13
2014-03-01,6653,3537,1829,1482,21090.01,22424.58,9913.18,10566.66,63994.42999999999,2014,3,5,1,9,1,1,13501,0.3295600882764328,0.350414559517133,0.15490691924281538,0.1651184329636189,3.17,6.340000000000001,5.42,7.13
2014-03-02,2357,3234,1781,1716,7471.69,20503.56,9653.02,12235.08,49863.350000000006,2014,3,6,2,9,1,1,9088,0.1498433217984752,0.4111949959238599,0.19358948004897383,0.245372202228691,3.17,6.340000000000001,5.42,7.13
2014-03-03,3283,644,1448,1087,10407.11,4082.96,7848.16,7750.31,30088.54,2014,3,0,3,10,1,0,6462,0.3458828510788493,0.1356981761162223,0.26083552076637817,0.2575834520385502,3.1700000000000004,6.34,5.42,7.130000000000001
2014-03-04,5506,2056,553,1523,17454.02,13035.04,2997.26,10858.99,44345.31,2014,3,1,4,10,1,0,9638,0.39359336985128757,0.2939440495511251,0.06758910919779341,0.24487347139979404,3.17,6.340000000000001,5.420000000000001,7.13
2014-03-05,690,898,5389,1420,2187.3,5693.32,29208.38,10124.6,47213.6,2014,3,2,5,10,1,0,8397,0.046327753020316186,0.12058644119490994,0.6186433569988309,0.21444244878594304,3.1700000000000004,6.34,5.42,7.13
2014-03-06,5836,3786,675,837,18500.12,24003.24,3658.5,5967.81,52129.67,2014,3,3,6,10,1,0,11134,0.35488657419085906,0.4604525599337192,0.07018076270193155,0.11448010317349028,3.17,6.340000000000001,5.42,7.130000000000001
2014-03-07,7147,2720,5391,835,22655.99,17244.8,29219.22,5953.55,75073.56000000001,2014,3,4,7,10,1,0,16093,0.30178387704006576,0.2297053716381639,0.38920786492608045,0.07930288639568976,3.1700000000000004,6.34,5.42,7.13
2014-03-08,7850,2454,2271,311,24884.5,15558.36,12308.82,2217.43,54969.11,2014,3,5,8,10,1,1,12886,0.4526997071628047,0.28303823729363636,0.22392249028590785,0.04033956525765107,3.17,6.34,5.42,7.13
2014-03-09,906,253,400,1535,2872.02,1604.02,2168.0,10944.55,17588.59,2014,3,6,9,10,1,1,3094,0.1632888139413108,0.09119662235574312,0.12326172819992962,0.6222528355030164,3.17,6.34,5.42,7.13
2014-03-10,6875,1230,3747,1335,21793.75,7798.2,20308.74,9518.55,59419.240000000005,2014,3,0,10,11,1,0,13187,0.36677934621849756,0.1312403187923642,0.34178727294391514,0.16019306204522304,3.17,6.34,5.420000000000001,7.13
2014-03-11,4137,2911,3833,1063,13114.29,18455.74,20774.86,7579.19,59924.08,2014,3,1,11,11,1,0,11944,0.21884841619595996,0.30798537082254746,0.3466863404494487,0.12647987253204387,3.1700000000000004,6.340000000000001,5.42,7.13
2014-03-12,708,2825,2444,811,2244.36,17910.5,13246.48,5782.43,39183.77,2014,3,2,12,11,1,0,6788,0.057277796393762015,0.45708975935699914,0.33806037550751245,0.14757206874172651,3.1700000000000004,6.34,5.42,7.130000000000001
2014-03-13,7927,3296,5801,1255,25128.59,20896.64,31441.42,8948.15,86414.79999999999,2014,3,3,13,11,1,0,18279,0.29079035072695886,0.24181783675944402,0.36384299911589224,0.10354881339770504,3.17,6.34,5.42,7.13
2014-03-14,1469,1529,5606,1882,4656.73,9693.86,30384.52,13418.66,58153.77,2014,3,4,14,11,1,0,10486,0.08007614983516975,0.16669357807756918,0.5224858164827492,0.23074445560451198,3.1699999999999995,6.340000000000001,5.42,7.13
2014-03-15,3534,3512,4489,1524,11202.78,22266.08,24330.38,10866.12,68665.36,2014,3,5,15,11,1,1,13059,0.16315038616268815,0.3242694715355749,0.35433266497110044,0.1582474773306366,3.1700000000000004,6.340000000000001,5.42,7.130000000000001
2014-03-16,6911,1397,1554,590,21907.87,8856.98,8422.68,4206.7,43394.23,2014,3,6,16,11,1,1,10452,0.5048567516925637,0.20410501580509666,0.19409677277370746,0.0969414597286321,3.17,6.34,5.42,7.13
2014-03-17,3066,3488,3132,1220,9719.22,22113.92,16975.44,8698.6,57507.18,2014,3,0,17,12,1,0,10906,0.16900880898698215,0.38454189546418377,0.29518818345813513,0.15126111209069895,3.17,6.34,5.42,7.13
2014-03-18,6479,1324,617,1800,20538.43,8394.16,3344.14,12834.0,45110.73,2014,3,1,18,12,1,0,10220,0.4552892404977707,0.1860790104704579,0.07413180855197865,0.2844999404797927,3.17,6.34,5.42,7.13
2014-03-19,1748,2951,5224,682,5541.16,18709.34,28314.08,4862.66,57427.240000000005,2014,3,2,19,12,1,0,10605,0.09649009773062399,0.3257920805527133,0.4930426745217078,0.08467514719495486,3.17,6.34,5.42,7.13
2014-03-20,6427,2900,3316,1020,20373.59,18386.0,17972.72,7272.6,64004.91,2014,3,3,20,12,1,0,13663,0.31831292318042476,0.2872592118323422,0.28080220720566595,0.11362565778156707,3.17,6.34,5.42,7.130000000000001
2014-03-21,5886,866,5015,337,18658.62,5490.44,27181.3,2402.81,53733.17,2014,3,4,21,12,1,0,12104,0.34724584460585517,0.1021797150624093,0.5058569967117146,0.04471744362002093,3.17,6.34,5.42,7.13
2014-03-22,4906,2877,4057,1790,15552.02,18240.18,21988.94,12762.7,68543.84,2014,3,5,22,12,1,1,13630,0.2268915777114326,0.26610968979852895,0.32080111064685024,0.18619762184318825,3.17,6.34,5.42,7.130000000000001
2014-03-23,2110,3106,2179,1385,6688.7,19692.04,11810.18,9875.05,48065.97,2014,3,6,23,12,1,1,8780,0.13915666322764317,0.40968776870621776,0.24570772211608338,0.20544784595005572,3.17,6.34,5.42,7.13
2014-03-24,1245,2970,667,519,3946.65,18829.8,3615.14,3700.47,30092.06,2014,3,0,24,13,1,0,5401,0.13115253658273976,0.6257398130935535,0.12013600929946304,0.12297164102424359,3.17,6.34,5.42,7.13
2014-03-25,5129,3257,1112,1610,16258.93,20649.38,6027.04,11479.3,54414.65,2014,3,1,25,13,1,0,11108,0.29879692325504253,0.37948199611685457,0.110761348276613,0.21095973235148988,3.17,6.340000000000001,5.42,7.13
2014-03-26,800,1048,4335,406,2536.0,6644.32,23495.7,2894.78,35570.8,2014,3,2,26,13,1,0,6589,0.07129443251206045,0.18679141318159836,0.6605333588224048,0.08138079548393626,3.17,6.34,5.42,7.130000000000001
2014-03-27,6949,2322,4624,1144,22028.33,14721.48,25062.08,8156.72,69968.61,2014,3,3,27,13,1,0,15039,0.31483160805967136,0.21040120705556392,0.3581903370668647,0.11657684781790006,3.1700000000000004,6.34,5.420000000000001,7.13
2014-03-28,4540,457,3510,292,14391.8,2897.38,19024.2,2081.96,38395.34,2014,3,4,28,13,1,0,8799,0.3748319457517501,0.07546176176588097,0.49548200380567026,0.05422428867669879,3.17,6.34,5.42,7.13
2014-03-29,7250,3045,1602,1446,22982.5,19305.3,8682.84,10309.98,61280.62,2014,3,5,29,13,1,1,13343,0.3750370019102287,0.3150310816045921,0.14168981971788144,0.1682420967672977,3.17,6.34,5.42,7.13
2014-03-30,3561,3471,1201,784,11288.37,22006.14,6509.42,5589.92,45393.85,2014,3,6,30,13,1,1,9017,0.24867619732628982,0.48478240995200894,0.1433987203112316,0.12314267241046971,3.1700000000000004,6.34,5.42,7.13
2014-03-31,3894,1151,1070,1572,12343.98,7297.34,5799.4,11208.36,36649.08,2014,3,0,31,14,1,0,7687,0.3368155489851314,0.1991138658869472,0.15824135285251362,0.30582923227540776,3.17,6.34,5.42,7.130000000000001
2014-04-01,7069,2642,5606,870,22408.73,16750.28,30384.52,6203.1,75746.63,2014,4,1,1,14,2,0,16187,0.2958379798546813,0.22113564656275794,0.4011336213901529,0.08189275219240777,3.17,6.34,5.42,7.130000000000001
2014-04-02,3293,2404,1161,495,10438.81,15241.36,6292.62,3529.35,35502.14,2014,4,2,2,14,2,0,7353,0.2940332610935566,0.42930820508284856,0.17724621670693655,0.09941231711665832,3.17,6.34,5.42,7.13
2014-04-03,2130,3477,1930,1380,6752.1,22044.18,10460.6,9839.4,49096.28,2014,4,3,3,14,2,0,8917,0.1375277312252578,0.44899898729598253,0.21306298562742432,0.20041029585133538,3.1700000000000004,6.34,5.42,7.13
2014-04-04,7850,3738,1935,871,24884.5,23698.92,10487.7,6210.23,65281.34999999999,2014,4,4,4,14,2,0,14394,0.3811885017696479,0.36302741901017677,0.16065384677247027,0.0951302324477052,3.17,6.34,5.420000000000001,7.13
2014-04-05,1481,2796,2914,302,4694.77,17726.64,15793.88,2153.26,40368.55,2014,4,5,5,14,2,1,7493,0.11629771195646116,0.43912005756956835,0.391242192251146,0.05334003822282445,3.1700000000000004,6.34,5.42,7.130000000000001
2014-04-06,7726,3233,4334,329,24491.42,20497.22,23490.28,2345.77,70824.69,2014,4,6,6,14,2,1,15622,0.34580341968316414,0.28940783221218475,0.33166795364723795,0.03312079445741308,3.17,6.340000000000001,5.42,7.13
2014-04-07,4889,1004,5797,920,15498.13,6365.36,31419.74,6559.6,59842.83,2014,4,0,7,15,2,0,12610,0.25898056625998467,0.10636796421559608,0.5250376695086112,0.10961380001580807,3.17,6.34,5.42,7.130000000000001
2014-04-08,2626,3429,4221,393,8324.42,21739.86,22877.82,2802.09,55744.19,2014,4,1,8,15,2,0,10669,0.14933251339736034,0.38999328898670876,0.4104072549982339,0.05026694261769702,3.17,6.34,5.42,7.130000000000001
2014-04-09,2058,1765,2697,851,6523.86,11190.1,14617.74,6067.63,38399.33,2014,4,2,9,15,2,0,7371,0.16989515181645096,0.2914139387327852,0.38067695451977934,0.15801395493098447,3.17,6.34,5.42,7.13
2014-04-10,1022,1265,2386,540,3239.74,8020.1,12932.12,3850.2,28042.16,2014,4,3,10,15,2,0,5213,0.11553104325772337,0.28600150630336607,0.4611670427670337,0.1373004076718769,3.17,6.34,5.42,7.13
2014-04-11,2730,3549,5920,1936,8654.1,22500.66,32086.4,13803.68,77044.84,2014,4,4,11,15,2,0,14135,0.1123254977231441,0.29204629408017463,0.41646397085126013,0.1791642373454212,3.17,6.34,5.42,7.13
2014-04-12,6051,870,378,922,19181.67,5515.8,2048.76,6573.86,33320.09,2014,4,5,12,15,2,1,8221,0.5756788171940712,0.16553976895020395,0.06148722887603246,0.19729418497969245,3.17,6.34,5.420000000000001,7.13
2014-04-13,3055,2061,4203,831,9684.35,13066.74,22780.26,5925.03,51456.38,2014,4,6,13,15,2,1,10150,0.18820503890868345,0.25393818997760825,0.44271011680184263,0.1151466543118657,3.17,6.34,5.42,7.13
2014-04-14,1241,796,1519,1323,3933.97,5046.64,8232.98,9432.99,26646.58,2014,4,0,14,16,2,0,4879,0.1476350811248573,0.18939165926734314,0.3089694812617604,0.35400377834603913,3.17,6.340000000000001,5.42,7.13
2014-04-15,1300,3949,484,564,4121.0,25036.66,2623.28,4021.32,35802.26,2014,4,1,15,16,2,0,6297,0.1151044654722914,0.6993038986924288,0.07327135214369149,0.11232028369158818,3.17,6.34,5.420000000000001,7.13
2014-04-16,4455,1564,5214,306,14122.35,9915.76,28259.88,2181.78,54479.77,2014,4,2,16,16,2,0,11539,0.25922190934359673,0.1820081105335063,0.5187224542247517,0.040047525898145316,3.17,6.34,5.42,7.130000000000001
2014-04-17,3033,3824,3394,757,9614.61,24244.16,18395.48,5397.41,57651.66,2014,4,3,17,16,2,0,11008,0.16677073999256917,0.4205283941520504,0.31907979752881355,0.09362106832656683,3.1700000000000004,6.34,5.42,7.13
2014-04-18,7034,782,1362,597,22297.78,4957.88,7382.04,4256.61,38894.31,2014,4,4,18,16,2,0,9775,0.5732915688695853,0.12747057345920265,0.1897974279528291,0.10944042971838297,3.17,6.34,5.42,7.13
2014-04-19,1517,1881,528,858,4808.89,11925.54,2861.76,6117.54,25713.730000000003,2014,4,5,19,16,2,1,4784,0.1870164305217485,0.4637810228232154,0.11129307183360795,0.23790947482142805,3.1700000000000004,6.340000000000001,5.420000000000001,7.13
2014-04-20,6072,3636,1703,1124,19248.24,23052.24,9230.26,8014.12,59544.86000000001,2014,4,6,20,16,2,1,12535,0.32325611312210656,0.3871407204584913,0.15501354776885862,0.13458961865054345,3.1700000000000004,6.340000000000001,5.42,7.13
2014-04-21,2402,1165,4130,1812,7614.34,7386.1,22384.6,12919.56,50304.6,2014,4,0,21,17,2,0,9509,0.15136468633087233,0.14682752670729915,0.44498117468382614,0.2568266122780024,3.17,6.340000000000001,5.42,7.13
2014-04-22,6728,3170,3251,1910,21327.76,20097.8,17620.42,13618.3,72664.28,2014,4,1,22,17,2,0,15059,0.2935109244872446,0.2765843135031407,0.24249080841370751,0.1874139535959071,3.17,6.34,5.419999999999999,7.13
2014-04-23,5107,574,3526,1800,16189.19,3639.16,19110.92,12834.0,51773.27,2014,4,2,23,17,2,0,11007,0.3126939828216375,0.07029032549035438,0.36912715770126164,0.24788853398674646,3.17,6.34,5.42,7.13
2014-04-24,1439,2781,4060,485,4561.63,17631.54,22005.2,3458.05,47656.420000000006,2014,4,3,24,17,2,0,8765,0.09571910772987144,0.36997197859176156,0.4617468118671104,0.07256210181125648,3.17,6.340000000000001,5.42,7.130000000000001
2014-04-25,5889,3490,4491,1139,18668.13,22126.6,24341.22,8121.07,73257.01999999999,2014,4,4,25,17,2,0,15009,0.25483059507471095,0.30204067814934327,0.33227150107935055,0.11085722569659537,3.1700000000000004,6.34,5.42,7.13
2014-04-26,3196,2637,2093,843,10131.32,16718.58,11344.06,6010.59,44204.55,2014,4,5,26,17,2,1,8769,0.22919179134274636,0.37820948296046447,0.25662652374020317,0.1359722019565859,3.17,6.340000000000001,5.42,7.13
2014-04-27,588,1215,2246,318,1863.96,7703.1,12173.32,2267.34,24007.72,2014,4,6,27,17,2,1,4367,0.07764002579170366,0.3208592902616325,0.5070585628289567,0.09444212111770714,3.17,6.34,5.42,7.130000000000001
2014-04-28,560,3210,586,877,1775.2,20351.4,3176.12,6253.01,31555.730000000003,2014,4,0,28,18,2,0,5233,0.0562560270353435,0.6449351670837594,0.10065113372436636,0.19815767215653068,3.17,6.340000000000001,5.42,7.13
2014-04-29,2202,3294,3478,698,6980.34,20883.96,18850.76,4976.74,51691.8,2014,4,1,29,18,2,0,9672,0.1350376655485009,0.40400914651840325,0.36467602211569333,0.09627716581740237,3.17,6.34,5.42,7.13
2014-04-30,6735,3996,2771,1044,21349.95,25334.64,15018.82,7443.72,69147.12999999999,2014,4,2,30,18,2,0,14546,0.3087611879191516,0.36638744080918473,0.21720091636485855,0.10765045490680526,3.17,6.34,5.42,7.13
2014-05-01,624,3344,3217,400,1978.08,21200.96,17436.14,2852.0,43467.18,2014,5,3,1,18,2,0,7585,0.04550743802565522,0.48774638704420203,0.4011334528717989,0.06561272205834379,3.17,6.34,5.42,7.13
2014-05-02,1074,2790,5425,739,3404.58,17688.6,29403.5,5269.07,55765.75,2014,5,4,2,18,2,0,10028,0.061051451831993654,0.3171946938757212,0.5272680812147241,0.09448577307756104,3.17,6.34,5.42,7.13
2014-05-03,2551,1666,5289,1904,8086.67,10562.44,28666.38,13575.52,60891.01000000001,2014,5,5,3,18,2,1,11410,0.1328056473361174,0.17346468715168298,0.4707818116336056,0.22294785387859387,3.17,6.340000000000001,5.42,7.13
2014-05-04,5319,3249,5400,1230,16861.23,20598.66,29268.0,8769.9,75497.79,2014,5,6,4,18,2,1,15198,0.22333408699777835,0.2728379201563384,0.38766697674196826,0.1161610161039151,3.17,6.34,5.42,7.13
2014-05-05,6601,361,3458,1984,20925.17,2288.74,18742.36,14145.92,56102.19,2014,5,0,5,19,2,0,12404,0.3729831224057385,0.04079591188864463,0.3340753721022299,0.25214559360338695,3.17,6.339999999999999,5.42,7.13
2014-05-06,2660,2942,2039,470,8432.2,18652.28,11051.38,3351.1,41486.96,2014,5,1,6,19,2,0,8111,0.2032494065605193,0.44959380007597566,0.2663820149753079,0.08077477838819716,3.1700000000000004,6.34,5.42,7.13
2014-05-07,441,1999,4060,887,1397.97,12673.66,22005.2,6324.31,42401.14,2014,5,2,7,19,2,0,7387,0.0329701041056915,0.2988990390352712,0.5189766124212698,0.14915424443776748,3.17,6.34,5.42,7.130000000000001
2014-05-08,4528,952,3472,1069,14353.76,6035.68,18818.24,7621.97,46829.65000000001,2014,5,3,8,19,2,0,10021,0.30651008495685955,0.12888586611260172,0.40184455788159845,0.16275949104894014,3.17,6.340000000000001,5.420000000000001,7.13
2014-05-09,7094,2661,5062,622,22487.98,16870.74,27436.04,4434.86,71229.62000000001,2014,5,4,9,19,2,0,15439,0.3157110763752495,0.23685006321808258,0.38517740232223613,0.06226145808443172,3.17,6.340000000000001,5.42,7.13
2014-05-10,3358,3882,1771,1081,10644.86,24611.88,9598.82,7707.53,52563.09,2014,5,5,10,19,2,1,10092,0.20251587187891734,0.4682350295616183,0.1826152153535875,0.14663388320587697,3.1700000000000004,6.34,5.42,7.13
2014-05-11,2971,1327,2347,957,9418.07,8413.18,12720.74,6823.41,37375.4,2014,5,6,11,19,2,1,7602,0.25198579814530414,0.22509939692953118,0.34035060494335845,0.1825641999818062,3.17,6.34,5.42,7.13
2014-05-12,3613,818,4054,1419,11453.21,5186.12,21972.68,10117.47,48729.48,2014,5,0,12,20,2,0,9904,0.2350365733432821,0.10642674619142252,0.4509114400564094,0.20762524040888594,3.17,6.34,5.42,7.13
2014-05-13,2931,3059,4274,1844,9291.27,19394.06,23165.08,13147.72,64998.130000000005,2014,5,1,13,20,2,0,12108,0.14294672785201668,0.29837873797292325,0.3563960993954749,0.20227843477958518,3.17,6.340000000000001,5.420000000000001,7.13
2014-05-14,803,2740,4290,1953,2545.51,17371.6,23251.8,13924.89,57093.8,2014,5,2,14,20,2,0,9786,0.04458470096577912,0.3042642108249932,0.4072561293870788,0.2438949588221488,3.1700000000000004,6.34,5.42,7.13
2014-05-15,3857,824,2915,677,12226.69,5224.16,15799.3,4827.01,38077.16,2014,5,3,15,20,2,0,8273,0.3211029919248179,0.13719930793157892,0.4149285293335952,0.12676917081000788,3.17,6.34,5.42,7.13
2014-05-16,1162,3909,482,1940,3683.54,24783.06,2612.44,13832.2,44911.240000000005,2014,5,4,16,20,2,0,7493,0.08201822082846075,0.5518231070885595,0.05816895725880648,0.30798971482417314,3.17,6.340000000000001,5.42,7.130000000000001
2014-05-17,3346,899,5179,1709,10606.82,5699.66,28070.18,12185.17,56561.83,2014,5,5,17,20,2,1,11133,0.187526110806528,0.10076866324869616,0.4962742542099504,0.2154309717348254,3.17,6.34,5.42,7.13
2014-05-18,7881,500,5110,774,24982.77,3170.0,27696.2,5518.62,61367.59,2014,5,6,18,20,2,1,14265,0.40710039289468597,0.05165593108675117,0.451316403332769,0.08992727268579392,3.17,6.34,5.42,7.13
2014-05-19,1630,915,3187,1139,5167.1,5801.1,17273.54,8121.07,36362.81,2014,5,0,19,21,2,0,6871,0.14209847918793955,0.15953387540731864,0.4750331451282231,0.2233345002765188,3.1700000000000004,6.340000000000001,5.42,7.13
2014-05-20,1962,1491,2333,362,6219.54,9452.94,12644.86,2581.06,30898.4,2014,5,1,20,21,2,0,6148,0.20129003443544002,0.30593622970768714,0.4092399606452114,0.08353377521166144,3.17,6.340000000000001,5.42,7.13
2014-05-21,6680,2898,4499,993,21175.6,18373.32,24384.58,7080.09,71013.59,2014,5,2,21,21,2,0,15070,0.29819081108278006,0.2587296318915858,0.34337906307792637,0.09970049394770776,3.17,6.34,5.420000000000001,7.13
2014-05-22,4369,2900,4146,1154,13849.73,18386.0,22471.32,8228.02,62935.07000000001,2014,5,3,22,21,2,0,12569,0.22006378955326494,0.2921423619613039,0.35705561303101746,0.13073823545441357,3.17,6.34,5.42,7.130000000000001
2014-05-23,4424,2560,4501,1030,14024.08,16230.4,24395.42,7343.9,61993.8,2014,5,4,23,21,2,0,12515,0.22621746045572297,0.2618068258438747,0.39351386751578377,0.11846184618461846,3.17,6.34,5.42,7.13
2014-05-24,2791,1572,843,1478,8847.47,9966.48,4569.06,10538.14,33921.149999999994,2014,5,5,24,21,2,1,6684,0.2608245887890004,0.2938131519715576,0.13469649466483305,0.3106657645746091,3.17,6.34,5.420000000000001,7.13
2014-05-25,5742,2343,4147,963,18202.14,14854.62,22476.74,6866.19,62399.69,2014,5,6,25,21,2,1,13195,0.2917024107010788,0.23805599034225972,0.36020595615138473,0.11003564280527675,3.17,6.340000000000001,5.420000000000001,7.13
2014-05-26,3785,3701,3638,1589,11998.45,23464.34,19717.96,11329.57,66510.32,2014,5,0,26,22,2,0,12713,0.18039982366646257,0.3527924688980597,0.2964646689416018,0.1703430384938758,3.1700000000000004,6.34,5.42,7.13
2014-05-27,4598,3672,918,1172,14575.66,23280.48,4975.56,8356.36,51188.06,2014,5,1,27,22,2,0,10360,0.28474726332664296,0.4548029364660431,0.09720157396080259,0.16324822624651142,3.17,6.34,5.420000000000001,7.130000000000001
2014-05-28,2261,3967,1483,639,7167.37,25150.78,8037.86,4556.07,44912.08,2014,5,2,28,22,2,0,8350,0.1595866858092522,0.5600003384390123,0.1789687763292192,0.10144419942251616,3.17,6.34,5.42,7.13
2014-05-29,6403,938,2755,1661,20297.51,5946.92,14932.1,11842.93,53019.46,2014,5,3,29,22,2,0,11757,0.3828313226879338,0.11216485418750022,0.28163432822590045,0.2233694948986655,3.17,6.34,5.42,7.13
2014-05-30,7404,2905,4171,1768,23470.68,18417.7,22606.82,12605.84,77101.04000000001,2014,5,4,30,22,2,0,16248,0.3044145708021578,0.23887745223670134,0.29321031207879944,0.16349766488234138,3.17,6.34,5.42,7.13
2014-05-31,6919,2417,3261,287,21933.23,15323.78,17674.62,2046.31,56977.94,2014,5,5,31,22,2,1,12884,0.3849424882682666,0.26894233101442416,0.31020110590168753,0.03591407481562162,3.17,6.34,5.42,7.13
2014-06-01,1448,3148,1597,871,4590.16,19958.32,8655.74,6210.23,39414.45,2014,6,6,1,22,2,1,7064,0.11645881142575883,0.5063706331053713,0.21960829086794312,0.15756226460092682,3.17,6.34,5.42,7.13
2014-06-02,3158,1437,4626,1643,10010.86,9110.58,25072.92,11714.59,55908.95,2014,6,0,2,23,2,0,10864,0.17905648380089415,0.16295387411139003,0.4484598619720098,0.209529780115706,3.1700000000000004,6.34,5.42,7.13
2014-06-03,6288,546,2032,438,19932.96,3461.64,11013.44,3122.94,37530.98,2014,6,1,3,23,2,0,9304,0.5311068349400948,0.09223420225104699,0.2934493050807626,0.08320965772809556,3.17,6.34,5.42,7.13
2014-06-04,2384,455,5069,1867,7557.28,2884.7,27473.98,13311.71,51227.67,2014,6,2,4,23,2,0,9775,0.1475233989755927,0.05631136454185794,0.5363113333087373,0.25985390317381213,3.17,6.34,5.42,7.13
2014-06-05,3114,3649,4192,979,9871.38,23134.66,22720.64,6980.27,62706.95,2014,6,3,5,23,2,0,11934,0.15742082815381708,0.3689329492185476,0.3623304912772827,0.11131573135035272,3.17,6.34,5.42,7.130000000000001
2014-06-06,6418,678,502,729,20345.06,4298.52,2720.84,5197.77,32562.19,2014,6,4,6,23,2,0,8327,0.624806255353218,0.13200954849781296,0.08355826189823229,0.15962593425073685,3.1700000000000004,6.340000000000001,5.42,7.130000000000001
2014-06-07,7449,1443,1061,270,23613.33,9148.62,5750.62,1925.1,40437.670000000006,2014,6,5,7,23,2,1,10223,0.5839438820288112,0.22624003806351847,0.1422094794284636,0.04760660047920663,3.1700000000000004,6.340000000000001,5.42,7.13
2014-06-08,6179,1809,4584,656,19587.43,11469.06,24845.28,4677.28,60579.05,2014,6,6,8,23,2,1,13228,0.3233366980829181,0.18932386691438705,0.41012990464525273,0.07720953035744205,3.17,6.34,5.42,7.13
2014-06-09,5541,3479,1752,1211,17564.97,22056.86,9495.84,8634.43,57752.1,2014,6,0,9,24,2,0,11983,0.30414426488387436,0.38192308158491206,0.16442415081010042,0.14950850272111318,3.1700000000000004,6.34,5.42,7.13
2014-06-10,5515,3317,382,522,17482.55,21029.78,2070.44,3721.86,44304.630000000005,2014,6,1,10,24,2,0,9736,0.39459871349788944,0.4746632575421575,0.04673191041207205,0.08400611854788088,3.17,6.34,5.42,7.13
2014-06-11,5029,844,4135,1186,15941.93,5350.96,22411.7,8456.18,52160.77,2014,6,2,11,24,2,0,11194,0.3056306492407992,0.10258590891200418,0.42966581973387286,0.16211762211332387,3.17,6.34,5.42,7.13
2014-06-12,1891,3048,5097,1146,5994.47,19324.32,27625.74,8170.98,61115.51,2014,6,3,12,24,2,0,11182,0.09808426698885439,0.3161933852797759,0.45202502605312467,0.133697321678245,3.17,6.34,5.42,7.13
2014-06-13,4827,1731,868,1991,15301.59,10974.54,4704.56,14195.83,45176.52,2014,6,4,13,24,2,0,9417,0.33870669985204704,0.24292574992496105,0.10413728193318124,0.31423026828981077,3.17,6.340000000000001,5.420000000000001,7.13
2014-06-14,6363,3030,2833,932,20170.71,19210.2,15354.86,6645.16,61380.93000000001,2014,6,5,14,24,2,1,13158,0.3286152555850815,0.31296691008103,0.25015684838923097,0.10826098594465738,3.17,6.34,5.42,7.13
2014-06-15,2513,1287,2957,1244,7966.21,8159.58,16026.94,8869.72,41022.45,2014,6,6,15,24,2,1,8001,0.1941914732055253,0.1989052335977008,0.39068705062715664,0.21621624256961736,3.17,6.34,5.42,7.13
2014-06-16,5374,675,3138,1106,17035.58,4279.5,17007.96,7885.78,46208.82,2014,6,0,16,25,2,0,10293,0.36866511631329263,0.09261218962094249,0.36806739492590373,0.17065529913986116,3.1700000000000004,6.34,5.42,7.13
2014-06-17,7487,2573,1944,581,23733.79,16312.82,10536.48,4142.53,54725.62,2014,6,1,17,25,2,0,12585,0.4336870007137425,0.29808378598543056,0.19253285755373806,0.07569635574708883,3.17,6.34,5.42,7.13
2014-06-18,4148,2471,2021,1058,13149.16,15666.14,10953.82,7543.54,47312.66,2014,6,2,18,25,2,0,9698,0.27792053966105473,0.3311194086318545,0.2315198511349816,0.159440200572109,3.17,6.34,5.42,7.13
2014-06-19,5224,3242,3696,1464,16560.08,20554.28,20032.32,10438.32,67585.0,2014,6,3,19,25,2,0,13626,0.24502596730043652,0.3041248797810165,0.29640186431900567,0.15444728859954132,3.1700000000000004,6.34,5.42,7.13
2014-06-20,4643,2934,1376,353,14718.31,18601.56,7457.92,2516.89,43294.68,2014,6,4,20,25,2,0,9306,0.33995654893395677,0.4296500170459743,0.17225950162929948,0.058133932390769485,3.17,6.340000000000001,5.42,7.13
2014-06-21,4138,3685,5814,378,13117.46,23362.9,31511.88,2695.14,70687.38,2014,6,5,21,25,2,1,14015,0.18557004093234178,0.330510198567269,0.44579216261799487,0.03812759788239428,3.17,6.340000000000001,5.42,7.13
2014-06-22,2448,2362,3544,1382,7760.16,14975.08,19208.48,9853.66,51797.380000000005,2014,6,6,22,25,2,1,9736,0.1498176162578107,0.28910883137332427,0.3708388339332993,0.19023471843556564,3.17,6.34,5.42,7.13
2014-06-23,4149,456,4123,299,13152.33,2891.04,22346.66,2131.87,40521.9,2014,6,0,23,26,2,0,9027,0.3245733788395904,0.0713451244882397,0.5514711797817969,0.052610316890372856,3.17,6.34,5.42,7.13
2014-06-24,7663,2307,5094,261,24291.71,14626.38,27609.48,1860.93,68388.49999999999,2014,6,1,24,26,2,0,15325,0.35520167864480146,0.21387192291101578,0.4037152445221054,0.027211153922077548,3.17,6.34,5.42,7.13
2014-06-25,3723,2727,4658,1820,11801.91,17289.18,25246.36,12976.6,67314.05,2014,6,2,25,26,2,0,12928,0.1753261020544745,0.2568435564343551,0.3750533506749334,0.192776990836237,3.17,6.34,5.42,7.13
2014-06-26,5787,1641,471,1518,18344.79,10403.94,2552.82,10823.34,42124.89,2014,6,3,26,26,2,0,9417,0.435485766253633,0.2469784490831905,0.060601226495784324,0.25693455816739225,3.17,6.340000000000001,5.42,7.13
2014-06-27,4750,2585,5090,1795,15057.5,16388.9,27587.8,12798.35,71832.55,2014,6,4,27,26,2,0,14220,0.20961945524695977,0.22815422813195413,0.3840570883255571,0.17816922829552898,3.17,6.340000000000001,5.42,7.13
2014-06-28,6336,3627,633,1395,20085.12,22995.18,3430.86,9946.35,56457.51,2014,6,5,28,26,2,1,11991,0.3557563909566681,0.4073006407827763,0.060768886194237044,0.17617408206631854,3.17,6.34,5.42,7.13
2014-06-29,4392,1097,5199,1943,13922.64,6954.98,28178.58,13853.59,62909.78999999999,2014,6,6,29,26,2,1,12631,0.22131118225001228,0.11055481189811633,0.4479204270114398,0.2202135788404317,3.17,6.34,5.42,7.13
2014-06-30,310,3217,3768,1844,982.7,20395.78,20422.56,13147.72,54948.76,2014,6,0,30,27,2,0,9139,0.017883934050559103,0.3711781667138621,0.3716655298499912,0.23927236938558757,3.17,6.34,5.42,7.13
2014-07-01,6037,3286,4817,555,19137.29,20833.24,26108.14,3957.15,70035.81999999999,2014,7,1,1,27,3,0,14695,0.27325003119832114,0.2974654969414223,0.37278267035354196,0.056501801506714716,3.17,6.340000000000001,5.42,7.13
2014-07-02,871,2681,1094,1784,2761.07,16997.54,5929.48,12719.92,38408.01,2014,7,2,2,27,3,0,6430,0.07188786922311258,0.44255195726099844,0.15438133868430046,0.3311788348315885,3.1700000000000004,6.340000000000001,5.42,7.13
2014-07-03,4872,2930,4244,1607,15444.24,18576.2,23002.48,11457.91,68480.83,2014,7,3,3,27,3,0,13653,0.22552647215286378,0.2712613150278698,0.335896629757554,0.1673155830617123,3.17,6.34,5.42,7.13
2014-07-04,4095,2604,664,918,12981.15,16509.36,3598.88,6545.34,39634.73,2014,7,4,4,27,3,0,8281,0.32751957689632294,0.41653771830916975,0.09080117361717867,0.16514153117732855,3.17,6.34,5.42,7.13
2014-07-05,3953,2176,5750,1583,12531.01,13795.84,31165.0,11286.79,68778.64,2014,7,5,5,27,3,1,13462,0.18219333793166018,0.2005832043204111,0.45312032921848994,0.1641031285294388,3.17,6.34,5.42,7.130000000000001
2014-07-06,278,3793,3702,365,881.26,24047.62,20064.84,2602.45,47596.17,2014,7,6,6,27,3,1,8138,0.018515355332162232,0.5052427537761967,0.4215641720751901,0.05467771881645098,3.17,6.34,5.42,7.13
2014-07-07,7016,2819,5215,815,22240.72,17872.46,28265.3,5810.95,74189.43,2014,7,0,7,28,3,0,15865,0.2997828666428628,0.24090305047498006,0.3809882351165119,0.07832584776564533,3.1700000000000004,6.34,5.42,7.13
2014-07-08,5897,656,1836,1138,18693.49,4159.04,9951.12,8113.94,40917.59,2014,7,1,8,28,3,0,9527,0.4568570631848064,0.10164430505315686,0.243199074041262,0.19829955772077487,3.1700000000000004,6.34,5.420000000000001,7.13
2014-07-09,4148,2558,5153,1006,13149.16,16217.72,27929.26,7172.78,64468.92,2014,7,2,9,28,3,0,12865,0.20396122658794347,0.25155873558918,0.43322053479413025,0.11125950302874625,3.17,6.34,5.42,7.13
2014-07-10,5868,2261,1532,1374,18601.56,14334.74,8303.44,9796.62,51036.36000000001,2014,7,3,10,28,3,0,11035,0.3644766201978354,0.28087308734400335,0.16269655594560425,0.19195373651255693,3.1700000000000004,6.34,5.42,7.130000000000001
2014-07-11,3309,2522,4886,268,10489.53,15989.48,26482.12,1910.84,54871.97,2014,7,4,11,28,3,0,10985,0.1911637216597108,0.29139613540392295,0.48261653445283625,0.03482360848352993,3.1700000000000004,6.34,5.42,7.13
2014-07-12,5772,794,5746,1341,18297.24,5033.96,31143.32,9561.33,64035.850000000006,2014,7,5,12,28,3,1,13653,0.28573431913529684,0.07861159022641223,0.4863419475184603,0.14931214311983051,3.1700000000000004,6.34,5.42,7.13
2014-07-13,6226,2948,2977,1370,19736.42,18690.32,16135.34,9768.1,64330.18,2014,7,6,13,28,3,1,13521,0.30679876847849635,0.2905373496545478,0.25082068789485745,0.15184319397209833,3.17,6.34,5.42,7.13
2014-07-14,7361,2365,4953,1833,23334.37,14994.1,26845.26,13069.29,78243.01999999999,2014,7,0,14,29,3,0,16512,0.29822941394644537,0.19163498545940585,0.3431010203849494,0.16703458020919953,3.17,6.34,5.42,7.130000000000001
2014-07-15,3447,1477,945,936,10926.99,9364.18,5121.9,6673.68,32086.75,2014,7,1,15,29,3,0,6805,0.34054524063671143,0.2918394664464304,0.15962663716331507,0.20798865575354314,3.17,6.34,5.42,7.13
2014-07-16,6859,291,2651,1243,21743.03,1844.94,14368.42,8862.59,46818.98,2014,7,2,16,29,3,0,11044,0.46440631555834827,0.039405813625158,0.3068930591824085,0.18929481163408515,3.17,6.34,5.42,7.13
2014-07-17,5221,565,1417,963,16550.57,3582.1,7680.14,6866.19,34679.0,2014,7,3,17,29,3,0,8166,0.4772504974191874,0.10329305920009227,0.22146371002624068,0.19799273335447964,3.17,6.34,5.42,7.13
2014-07-18,4701,2362,4278,1174,14902.17,14975.08,23186.76,8370.62,61434.63,2014,7,4,18,29,3,0,12515,0.2425695409901549,0.24375633091629267,0.3774216594126147,0.1362524686809378,3.17,6.34,5.42,7.130000000000001
2014-07-19,1134,2019,3732,1128,3594.78,12800.46,20227.44,8042.64,44665.31999999999,2014,7,5,19,29,3,1,8013,0.0804825757433284,0.28658610304370374,0.4528667879240539,0.1800645332889141,3.1700000000000004,6.34,5.42,7.13
2014-07-20,3425,2656,1524,1234,10857.25,16839.04,8260.08,8798.42,44754.79,2014,7,6,20,29,3,1,8839,0.24259414467144186,0.37625112306414576,0.18456303783349223,0.19659169443092012,3.17,6.340000000000001,5.42,7.13
2014-07-21,5437,2684,5913,1042,17235.29,17016.56,32048.46,7429.46,73729.77,2014,7,0,21,30,3,0,15076,0.23376296982887645,0.23079632555479287,0.4346746232898868,0.10076608132644385,3.1700000000000004,6.340000000000001,5.42,7.13
2014-07-22,5576,1725,1631,1416,17675.92,10936.5,8840.02,10096.08,47548.52,2014,7,1,22,30,3,0,10348,0.3717449039423309,0.23000715900305627,0.1859157761377221,0.2123321609168908,3.1699999999999995,6.34,5.42,7.13
2014-07-23,7732,1446,2199,1296,24510.44,9167.64,11918.58,9240.48,54837.14,2014,7,2,23,30,3,0,12673,0.4469678761510903,0.1671793970290938,0.21734503294664892,0.16850769387316697,3.17,6.34,5.42,7.13
2014-07-24,3835,2196,3197,886,12156.95,13922.64,17327.74,6317.18,49724.51,2014,7,3,24,30,3,0,10114,0.2444860693448764,0.27999551931230693,0.3484748265995985,0.1270435847432182,3.1700000000000004,6.34,5.420000000000001,7.13
2014-07-25,1424,3034,733,1541,4514.08,19235.56,3972.86,10987.33,38709.83,2014,7,4,25,30,3,0,6732,0.11661327368267956,0.49691667465344075,0.10263181212627387,0.2838382395376058,3.17,6.340000000000001,5.42,7.13
2014-07-26,2856,3176,5840,1193,9053.52,20135.84,31652.8,8506.09,69348.25,2014,7,5,26,30,3,1,13065,0.13055152797655312,0.29035830031759996,0.45643257039651325,0.12265760130933369,3.1700000000000004,6.34,5.42,7.13
2014-07-27,1949,2194,5914,344,6178.33,13909.96,32053.88,2452.72,54594.89,2014,7,6,27,30,3,1,10401,0.11316681835974027,0.25478501742562354,0.5871223478973948,0.04492581631724141,3.17,6.34,5.42,7.129999999999999
2014-07-28,3362,1790,4652,1801,10657.54,11348.6,25213.84,12841.13,60061.10999999999,2014,7,0,28,31,3,0,11605,0.17744493899629898,0.18895088685507147,0.41980309721215614,0.21380107693647354,3.1700000000000004,6.34,5.42,7.13
2014-07-29,7955,3975,1284,1131,25217.35,25201.5,6959.28,8064.03,65442.16,2014,7,1,29,31,3,0,14345,0.3853379839540748,0.3850957853469384,0.10634245568911539,0.1232237750098713,3.17,6.34,5.42,7.13
2014-07-30,754,2991,591,1876,2390.18,18962.94,3203.22,13375.88,37932.22,2014,7,2,30,31,3,0,6212,0.0630118669563764,0.49991642988467316,0.08444588795488372,0.3526258152040666,3.17,6.34,5.42,7.13
2014-07-31,1488,1013,535,1507,4716.96,6422.42,2899.7,10744.91,24783.99,2014,7,3,31,31,3,0,4543,0.1903228656886966,0.2591358372885076,0.11699891744630302,0.4335423795764927,3.17,6.34,5.42,7.13
2014-08-01,6099,2765,3207,1194,19333.83,17530.1,17381.94,8513.22,62759.09,2014,8,4,1,31,3,0,13265,0.3080642182670272,0.2793236804421479,0.2769629068872732,0.13564919440355175,3.1700000000000004,6.34,5.42,7.13
2014-08-02,985,3683,5156,1412,3122.45,23350.22,27945.52,10067.56,64485.75,2014,8,5,2,31,3,1,11236,0.04842077513249051,0.3620989133258123,0.43335961821022473,0.15612069333147244,3.17,6.340000000000001,5.42,7.13
2014-08-03,5307,688,801,1472,16823.19,4361.92,4341.42,10495.36,36021.89,2014,8,6,3,31,3,1,8268,0.46702685505952074,0.12109081450195978,0.12052171610095973,0.2913606143375598,3.17,6.34,5.42,7.130000000000001
2014-08-04,3356,457,1644,1838,10638.52,2897.38,8910.48,13104.94,35551.32,2014,8,0,4,32,3,0,7295,0.2992440224441737,0.08149852101131548,0.25063710714538867,0.3686203493991222,3.17,6.34,5.42,7.13
2014-08-05,7988,3301,1740,1098,25321.96,20928.34,9430.8,7828.74,63509.84,2014,8,1,5,32,3,0,14127,0.3987092393871564,0.32952909344441744,0.14849352478293126,0.12326814238549491,3.17,6.34,5.42,7.13
2014-08-06,5406,2165,2086,1705,17137.02,13726.1,11306.12,12156.65,54325.89000000001,2014,8,2,6,32,3,0,11362,0.31544849058156244,0.25266222053610166,0.20811660885813374,0.22377268002420206,3.17,6.34,5.420000000000001,7.13
2014-08-07,3832,2212,1716,1454,12147.44,14024.08,9300.72,10367.02,45839.26,2014,8,3,7,32,3,0,9214,0.26500078753452827,0.3059403664020754,0.2028985633712237,0.22616028269217262,3.17,6.34,5.42,7.13
2014-08-08,3495,1540,4921,984,11079.15,9763.6,26671.82,7015.92,54530.49,2014,8,4,8,32,3,0,10940,0.20317349064715906,0.1790484552770386,0.489117556068174,0.1286604980076284,3.17,6.34,5.42,7.13
2014-08-09,5458,1941,5354,1566,17301.86,12305.94,29018.68,11165.58,69792.06,2014,8,5,9,32,3,1,14319,0.24790585060822107,0.1763229226934984,0.4157876984860456,0.15998352821223505,3.17,6.34,5.42,7.13
2014-08-10,5119,1276,5945,548,16227.23,8089.84,32221.9,3907.24,60446.21,2014,8,6,10,32,3,1,12888,0.2684573606848138,0.13383535543419514,0.5330673337501226,0.06463995013086841,3.17,6.34,5.42,7.13
2014-08-11,2870,3842,4804,1720,9097.9,24358.28,26037.68,12263.6,71757.46,2014,8,0,11,33,3,0,13236,0.12678681770508599,0.33945292935396537,0.36285676778414394,0.1709034851568046,3.17,6.34,5.42,7.13
2014-08-12,4537,3033,4263,934,14382.29,19229.22,23105.46,6659.42,63376.39,2014,8,1,12,33,3,0,12767,0.22693450983875857,0.30341299023185136,0.3645751990607228,0.10507730086866734,3.1700000000000004,6.340000000000001,5.42,7.13
2014-08-13,6031,3131,5170,349,19118.27,19850.54,28021.4,2488.37,69478.57999999999,2014,8,2,13,33,3,0,14681,0.27516782870346523,0.2857073359875807,0.4033099122060354,0.03581492310291892,3.17,6.34,5.42,7.13
2014-08-14,5166,3803,4742,1602,16376.22,24111.02,25701.64,11422.26,77611.14,2014,8,3,14,33,3,0,15313,0.21100347192426241,0.31066442265891214,0.33115916091427083,0.14717294450255466,3.17,6.34,5.42,7.13
2014-08-15,3619,1686,3495,1299,11472.23,10689.24,18942.9,9261.87,50366.240000000005,2014,8,4,15,33,3,0,10099,0.22777618500011115,0.21223025582215385,0.3761031198675938,0.18389043931014107,3.17,6.34,5.420000000000001,7.130000000000001
2014-08-16,5000,3288,2478,1086,15850.0,20845.92,13430.76,7743.18,57869.86,2014,8,5,16,33,3,1,11852,0.27389041549435234,0.36022067445817213,0.2320855796091437,0.1338033304383318,3.17,6.34,5.42,7.13
2014-08-17,4150,2888,2540,1067,13155.5,18309.92,13766.8,7607.71,52839.93,2014,8,6,17,33,3,1,10645,0.2489689142283118,0.34651673459824794,0.260537816760923,0.1439765344125172,3.17,6.339999999999999,5.42,7.13
2014-08-18,7559,3118,848,524,23962.03,19768.12,4596.16,3736.12,52062.43,2014,8,0,18,34,3,0,12049,0.46025569686240153,0.37970029443496967,0.08828170333194205,0.07176230537068669,3.17,6.34,5.42,7.13
2014-08-19,6247,867,4912,1719,19802.99,5496.78,26623.04,12256.47,64179.28,2014,8,1,19,34,3,0,13745,0.30855737241053505,0.08564726809026216,0.41482297713529975,0.1909723823639031,3.1700000000000004,6.34,5.42,7.13
2014-08-20,4630,1933,3241,1990,14677.1,12255.22,17566.22,14188.7,58687.240000000005,2014,8,2,20,34,3,0,11794,0.25009013884449155,0.2088225651777115,0.2993192387305997,0.24176805724719716,3.17,6.34,5.42,7.130000000000001
2014-08-21,3357,2664,5183,765,10641.69,16889.76,28091.86,5454.45,61077.76,2014,8,3,21,34,3,0,11969,0.17423183168472453,0.27652880524760565,0.45993598979399375,0.08930337327367605,3.1700000000000004,6.339999999999999,5.42,7.13
2014-08-22,1149,3927,2854,346,3642.33,24897.18,15468.68,2466.98,46475.170000000006,2014,8,4,22,34,3,0,8276,0.0783715261288985,0.5357092830429667,0.33283751302039344,0.0530816778077412,3.17,6.34,5.42,7.13
2014-08-23,863,1103,3135,938,2735.71,6993.02,16991.7,6687.94,33408.37,2014,8,5,23,34,3,1,6039,0.08188696425476609,0.20931940109619235,0.5086060768603796,0.2001875577886619,3.17,6.340000000000001,5.42,7.13
2014-08-24,6969,1047,4101,1963,22091.73,6637.98,22227.42,13996.19,64953.32,2014,8,6,24,34,3,1,14080,0.3401170255808325,0.1021961617974262,0.34220606429355727,0.215480748328184,3.17,6.34,5.42,7.13
2014-08-25,4195,1267,2942,1589,13298.15,8032.78,15945.64,11329.57,48606.14,2014,8,0,25,35,3,0,9993,0.2735899209441441,0.16526266023181432,0.32805814244867004,0.2330892763753715,3.17,6.34,5.42,7.13
2014-08-26,5382,2353,4110,699,17060.94,14918.02,22276.2,4983.87,59239.030000000006,2014,8,1,26,35,3,0,12544,0.28800167727256837,0.25182755355717334,0.37603924304634967,0.0841315261239085,3.17,6.34,5.42,7.13
2014-08-27,891,1935,3196,885,2824.47,12267.9,17322.32,6310.05,38724.74,2014,8,2,27,35,3,0,6907,0.0729370939611215,0.31679747882103276,0.44731920730778313,0.16294621991006267,3.17,6.34,5.42,7.13
2014-08-28,2398,3475,2908,747,7601.66,22031.5,15761.36,5326.11,50720.630000000005,2014,8,3,28,35,3,0,9528,0.14987313840541805,0.43436960463622,0.3107485060812533,0.10500875087710856,3.17,6.34,5.42,7.13
2014-08-29,2170,3571,2447,537,6878.9,22640.14,13262.74,3828.81,46610.59,2014,8,4,29,35,3,0,8725,0.14758234126622297,0.48572953056376245,0.28454349108217686,0.08214463708783777,3.17,6.34,5.42,7.13
2014-08-31,7708,427,3960,452,24434.36,2707.18,21463.2,3222.76,51827.50000000001,2014,8,6,31,35,3,1,12547,0.4714555014229897,0.052234431527663876,0.41412763494283916,0.06218243210650716,3.17,6.34,5.42,7.130000000000001
2014-09-01,3889,2385,2264,607,12328.13,15120.9,12270.88,4327.91,44047.81999999999,2014,9,0,1,36,3,0,9145,0.27988059340961713,0.34328373118124805,0.2785808696094381,0.0982548057996968,3.17,6.34,5.42,7.13
2014-09-02,6890,1010,2673,1282,21841.3,6403.4,14487.66,9140.66,51873.02,2014,9,1,2,36,3,0,11855,0.42105317947557325,0.12344374782883279,0.2792908529327963,0.1762122197627977,3.17,6.34,5.42,7.13
2014-09-03,6630,2372,1283,917,21017.1,15038.48,6953.86,6538.21,49547.65,2014,9,2,3,36,3,0,11202,0.4241795524106592,0.3035155047716693,0.14034691857232381,0.13195802424534767,3.17,6.34,5.42,7.13
2014-09-04,4149,1342,5354,1046,13152.33,8508.28,29018.68,7457.98,58137.27,2014,9,3,4,36,3,0,11891,0.22622888897259882,0.1463481171372512,0.499140740526688,0.12828225336346202,3.17,6.340000000000001,5.42,7.13
2014-09-05,5979,3209,3793,379,18953.43,20345.06,20558.06,2702.27,62558.82,2014,9,4,5,36,3,0,13360,0.30296974910971786,0.3252148937591854,0.32861968943787623,0.04319566769322056,3.17,6.340000000000001,5.42,7.13
2014-09-06,5030,3850,5484,1528,15945.1,24409.0,29723.28,10894.64,80972.02,2014,9,5,6,36,3,1,15892,0.19692110929182696,0.30144980945269734,0.3670808755913462,0.1345482056641294,3.17,6.34,5.42,7.13
2014-09-07,6540,3079,889,726,20731.8,19520.86,4818.38,5176.38,50247.42,2014,9,6,7,36,3,1,11234,0.4125943182754458,0.38849477246791975,0.09589308266971718,0.1030178265869173,3.17,6.34,5.42,7.13
2014-09-08,2277,1019,5509,1150,7218.09,6460.46,29858.78,8199.5,51736.83,2014,9,0,8,37,3,0,9955,0.13951550568521495,0.12487158567697325,0.5771281309658902,0.1584847776719215,3.17,6.34,5.42,7.13
2014-09-09,6233,1893,5098,679,19758.61,12001.62,27631.16,4841.27,64232.66,2014,9,1,9,37,3,0,13903,0.30761002268939197,0.18684606865105696,0.4301730614923934,0.07537084716715764,3.17,6.340000000000001,5.42,7.130000000000001
2014-09-10,6855,2928,3641,695,21730.35,18563.52,19734.22,4955.35,64983.44,2014,9,2,10,37,3,0,14119,0.33439827131343,0.28566539413733716,0.3036807531272583,0.07625558142197458,3.17,6.34,5.42,7.130000000000001
2014-09-11,2984,2122,3734,888,9459.28,13453.48,20238.28,6331.44,49482.48,2014,9,3,11,37,3,0,9728,0.19116422620693224,0.27188370510128024,0.4089989022377213,0.12795316645406615,3.1700000000000004,6.34,5.42,7.13
2014-09-12,7722,1090,367,1703,24478.74,6910.6,1989.14,12142.39,45520.87,2014,9,4,12,37,3,0,10882,0.5377476309218168,0.15181168549722357,0.04369731949323464,0.26674336408772503,3.1700000000000004,6.340000000000001,5.42,7.13
2014-09-13,6438,1105,3078,1465,20408.46,7005.7,16682.76,10445.45,54542.37,2014,9,5,13,37,3,1,12086,0.37417625966748413,0.12844509690356323,0.30586789682956567,0.19151074659938686,3.17,6.34,5.419999999999999,7.130000000000001
2014-09-14,2968,3648,5243,1120,9408.56,23128.32,28417.06,7985.6,68939.54000000001,2014,9,6,14,37,3,1,12979,0.13647552623646747,0.33548700789126235,0.41220263436628674,0.11583483150598335,3.17,6.34,5.42,7.13
2014-09-15,5129,1498,5944,483,16258.93,9497.32,32216.48,3443.79,61416.52,2014,9,0,15,38,3,0,13054,0.2647321925761994,0.1546378726766023,0.5245572363917721,0.0560726983554262,3.17,6.34,5.42,7.13
2014-09-16,4454,2927,4712,865,14119.18,18557.18,25539.04,6167.45,64382.85,2014,9,1,16,38,3,0,12958,0.2193003260961576,0.2882317263059961,0.3966745802647755,0.09579336733307084,3.17,6.34,5.42,7.13
2014-09-17,5856,1712,2981,1389,18563.52,10854.08,16157.02,9903.57,55478.19,2014,9,2,17,38,3,0,11938,0.33460933026113504,0.1956458925570571,0.2912319237523791,0.17851285342942874,3.17,6.34,5.42,7.13
2014-09-18,4722,872,3846,537,14968.74,5528.48,20845.32,3828.81,45171.35,2014,9,3,18,38,3,0,9977,0.33137685723362265,0.12238908068941928,0.4614721499357447,0.0847619121412134,3.17,6.34,5.42,7.13
2014-09-19,4031,3001,5695,1630,12778.27,19026.34,30866.9,11621.9,74293.41,2014,9,4,19,38,3,0,14357,0.1719973548124928,0.25609727699940005,0.4154729201419076,0.15643244804619952,3.17,6.34,5.42,7.13
2014-09-20,1610,2209,1342,1142,5103.7,14005.06,7273.64,8142.46,34524.86,2014,9,5,20,38,3,1,6303,0.14782681233175166,0.4056514639016639,0.2106783343944045,0.23584338937217994,3.17,6.34,5.42,7.13
2014-09-21,1238,1354,5033,1963,3924.46,8584.36,27278.86,13996.19,53783.87,2014,9,6,21,38,3,1,9588,0.07296722976609901,0.15960844766284019,0.5071940713823679,0.2602302511886928,3.17,6.340000000000001,5.42,7.13
2014-09-22,4809,2504,953,1792,15244.53,15875.36,5165.26,12776.96,49062.11,2014,9,0,22,39,3,0,10058,0.3107190049510712,0.3235767886868298,0.10528002158896142,0.26042418477313756,3.17,6.34,5.42,7.13
2014-09-23,6183,871,1313,1389,19600.11,5522.14,7116.46,9903.57,42142.28,2014,9,1,23,39,3,0,9756,0.4650937253513574,0.13103562503025468,0.16886746516799755,0.23500318445039045,3.17,6.340000000000001,5.42,7.13
2014-09-24,6810,774,4298,1875,21587.7,4907.16,23295.16,13368.75,63158.77,2014,9,2,24,39,3,0,13757,0.3418005132145544,0.07769562326815421,0.3688349218960407,0.21166894162125072,3.17,6.34,5.42,7.13
2014-09-25,5806,914,2637,428,18405.02,5794.76,14292.54,3051.64,41543.96,2014,9,3,25,39,3,0,9785,0.44302517140879205,0.13948501779801445,0.3440341267418898,0.07345568405130373,3.17,6.34,5.42,7.13
2014-09-26,254,3421,560,1023,805.18,21689.14,3035.2,7293.99,32823.51,2014,9,4,26,39,3,0,5258,0.024530587984039485,0.6607806416803077,0.0924703055827972,0.22221846475285548,3.17,6.34,5.42,7.13
2014-09-27,5435,1754,3702,1378,17228.95,11120.36,20064.84,9825.14,58239.29,2014,9,5,27,39,3,1,12269,0.2958303578220133,0.19094257502108972,0.34452411765322,0.16870294950367698,3.17,6.340000000000001,5.42,7.13
2014-09-28,6866,3327,5498,697,21765.22,21093.18,29799.16,4969.61,77627.17,2014,9,6,28,39,3,1,16388,0.28038146952928983,0.2717241914139083,0.3838753879601691,0.06401895109663279,3.1700000000000004,6.34,5.42,7.13
2014-09-29,5300,2735,1019,967,16801.0,17339.9,5522.98,6894.71,46558.59,2014,9,0,29,40,3,0,10021,0.36085714795057156,0.372431811186722,0.11862429682685838,0.14808674403584818,3.17,6.340000000000001,5.42,7.13
2014-09-30,7987,923,2631,1475,25318.79,5851.82,14260.02,10516.75,55947.380000000005,2014,9,1,30,40,3,0,13016,0.4525464820694016,0.10459506772256358,0.2548827130063999,0.1879757372016348,3.17,6.34,5.42,7.13
2014-10-01,4096,674,4337,982,12984.32,4273.16,23506.54,7001.66,47765.68000000001,2014,10,2,1,40,4,0,10089,0.2718336680227309,0.08946088488638702,0.4921219586950295,0.1465834883958524,3.17,6.34,5.42,7.13
2014-10-02,6858,1270,5833,1094,21739.86,8051.8,31614.86,7800.22,69206.74,2014,10,3,2,40,4,0,15055,0.31412923076567395,0.1163441595428422,0.45681764521779233,0.11270896447369143,3.17,6.34,5.42,7.13
2014-10-03,7453,1378,3898,1282,23626.01,8736.52,21127.16,9140.66,62630.350000000006,2014,10,4,3,40,4,0,14011,0.3772294103417911,0.13949339258043425,0.3373310224196416,0.14594617465813298,3.17,6.340000000000001,5.42,7.13
2014-10-04,575,708,3097,655,1822.75,4488.72,16785.74,4670.15,27767.36,2014,10,5,4,40,4,1,5035,0.06564361898286333,0.16165454692127737,0.6045133566892928,0.16818847740656653,3.17,6.340000000000001,5.420000000000001,7.129999999999999
2014-10-05,7246,3722,947,726,22969.82,23597.48,5132.74,5176.38,56876.42,2014,10,6,5,40,4,1,12641,0.40385488397476493,0.41489038867073563,0.09024372490392328,0.09101100245057618,3.17,6.34,5.42,7.13
2014-10-06,6875,3630,5879,1169,21793.75,23014.2,31864.18,8334.97,85007.1,2014,10,0,6,41,4,0,17553,0.25637564391680223,0.27073267997614314,0.3748413956010733,0.09805028050598125,3.17,6.34,5.42,7.129999999999999
2014-10-07,6260,623,5985,553,19844.2,3949.82,32438.7,3942.89,60175.61,2014,10,1,7,41,4,0,13421,0.32977148050514155,0.06563822119958568,0.5390672400329636,0.06552305826230927,3.17,6.34,5.42,7.13
2014-10-08,6031,2297,2022,1997,19118.27,14562.98,10959.24,14238.61,58879.1,2014,10,2,8,41,4,0,12347,0.3247038422801979,0.24733700073540527,0.18613124181585655,0.2418279151685403,3.17,6.34,5.42,7.13
2014-10-09,6928,2426,5782,1951,21961.76,15380.84,31338.44,13910.63,82591.67,2014,10,3,9,41,4,0,17087,0.2659076877849788,0.1862274972766624,0.37943826538439046,0.16842654955396832,3.17,6.34,5.42,7.13
2014-10-10,2807,906,2065,1624,8898.19,5744.04,11192.3,11579.12,37413.65,2014,10,4,10,41,4,0,7402,0.23783271613435203,0.1535279236321503,0.29915017647302516,0.30948918376047246,3.1700000000000004,6.34,5.42,7.130000000000001
2014-10-11,2871,886,4641,1411,9101.07,5617.24,25154.22,10060.43,49932.96,2014,10,5,11,41,4,1,9809,0.18226578196045257,0.1124956341462633,0.5037598411950744,0.20147874269820976,3.17,6.34,5.42,7.13
2014-10-12,7068,2307,1539,671,22405.56,14626.38,8341.38,4784.23,50157.55,2014,10,6,12,41,4,1,11585,0.44670363684031617,0.2916087408575578,0.16630357742752583,0.09538404487460012,3.1700000000000004,6.34,5.419999999999999,7.129999999999999
2014-10-13,3452,539,3044,1930,10942.84,3417.26,16498.48,13760.9,44619.48,2014,10,0,13,42,4,0,8965,0.24524803964546427,0.07658672848719886,0.3697595758623812,0.3084056560049557,3.17,6.340000000000001,5.42,7.13
2014-10-14,3492,718,2089,860,11069.64,4552.12,11322.38,6131.8,33075.94,2014,10,1,14,42,4,0,7159,0.3346734816909209,0.1376263229404818,0.3423146855387934,0.18538550982980379,3.17,6.34,5.42,7.13
2014-10-15,2423,942,1169,695,7680.91,5972.28,6335.98,4955.35,24944.52,2014,10,2,15,42,4,0,5229,0.3079197354769705,0.23942252647074386,0.25400288319839387,0.19865485485389175,3.17,6.34,5.42,7.130000000000001
2014-10-16,6136,1810,3320,921,19451.12,11475.4,17994.4,6566.73,55487.65,2014,10,3,16,42,4,0,12187,0.35054863559729055,0.20680998384325158,0.3242955864953733,0.11834579406408452,3.17,6.34,5.420000000000001,7.13
2014-10-17,5652,3741,5324,1752,17916.84,23717.94,28856.08,12491.76,82982.62,2014,10,4,17,42,4,0,16469,0.21591075336016147,0.28581816288760226,0.34773642962827644,0.15053465412395994,3.17,6.34,5.42,7.13
2014-10-18,7891,2493,5036,1613,25014.47,15805.62,27295.12,11500.69,79615.90000000001,2014,10,5,18,42,4,1,17033,0.3141893767450974,0.1985234105247821,0.3428350367200521,0.14445217601006832,3.17,6.340000000000001,5.42,7.13
2014-10-19,1472,449,495,1931,4666.24,2846.66,2682.9,13768.03,23963.83,2014,10,6,19,42,4,1,4347,0.1947201261234118,0.11878985955083138,0.11195622736432365,0.5745337869614331,3.17,6.34,5.42,7.130000000000001
2014-10-20,1056,1669,4700,398,3347.52,10581.46,25474.0,2837.74,42240.72,2014,10,0,20,43,4,0,7823,0.07924864917075276,0.25050377929164086,0.6030673719576749,0.06718019957993139,3.17,6.34,5.42,7.13
2014-10-21,6017,1010,2990,1040,19073.89,6403.4,16205.8,7415.2,49098.28999999999,2014,10,1,21,43,4,0,11057,0.3884837944457944,0.13042002073799314,0.3300685217346674,0.15102766308154522,3.17,6.34,5.42,7.13
2014-10-22,5518,1562,4131,1720,17492.06,9903.08,22390.02,12263.6,62048.76,2014,10,2,22,43,4,0,12931,0.28190829276846147,0.1596015778558669,0.3608455672603288,0.19764456211534284,3.1700000000000004,6.34,5.42,7.13
2014-10-23,3687,1823,386,1270,11687.79,11557.82,2092.12,9055.1,34392.83,2014,10,3,23,43,4,0,7166,0.33983216850721504,0.33605318317800537,0.060830120696668454,0.2632845276181111,3.1700000000000004,6.34,5.42,7.13
2014-10-24,3647,1911,4790,571,11560.99,12115.74,25961.8,4071.23,53709.76,2014,10,4,24,43,4,0,10919,0.21524933270973468,0.2255779955077066,0.48337210965008964,0.07580056213246904,3.17,6.34,5.42,7.13
2014-10-25,5112,3966,5898,1318,16205.04,25144.44,31967.16,9397.34,82713.98,2014,10,5,25,43,4,1,16294,0.19591657903536985,0.30399262615582034,0.38647831962625906,0.11361247518255077,3.1700000000000004,6.34,5.42,7.13
2014-10-26,3812,682,5665,636,12084.04,4323.88,30704.3,4534.68,51646.9,2014,10,6,26,43,4,1,10795,0.2339741591460475,0.08372002966296138,0.5945042200015876,0.08780159118940344,3.1700000000000004,6.34,5.42,7.130000000000001
2014-10-27,754,1290,2502,829,2390.18,8178.6,13560.84,5910.77,30040.390000000003,2014,10,0,27,44,4,0,5375,0.0795655449213542,0.27225345609694146,0.45142023788639224,0.19676076109531201,3.17,6.34,5.42,7.130000000000001
2014-10-28,1649,458,1323,692,5227.33,2903.72,7170.66,4933.96,20235.67,2014,10,1,28,44,4,0,4122,0.2583225561594946,0.14349512519229657,0.35435742923263724,0.24382488941557162,3.17,6.34,5.42,7.13
2014-10-29,3766,2561,830,435,11938.22,16236.74,4498.6,3101.55,35775.11,2014,10,2,29,44,4,0,7592,0.33370183907191336,0.453855767319793,0.12574664340654718,0.08669575020174641,3.17,6.34,5.420000000000001,7.130000000000001
2014-10-30,1376,3664,5649,1767,4361.92,23229.76,30617.58,12598.71,70807.97,2014,10,3,30,44,4,0,12456,0.06160210496078337,0.3280670240934742,0.432403019038676,0.1779278519070664,3.17,6.34,5.42,7.13
2014-11-01,2662,2685,3285,1817,8438.54,17022.9,17804.7,12955.21,56221.35,2014,11,5,1,44,4,1,10449,0.15009493724359163,0.3027835510886879,0.31668930041701243,0.23043221125070812,3.1700000000000004,6.340000000000001,5.42,7.13
2014-11-02,5618,2968,4612,628,17809.06,18817.12,24997.04,4477.64,66100.86,2014,11,6,2,44,4,1,13826,0.2694225158341359,0.28467284691908695,0.3781651252343767,0.06773951201240044,3.1700000000000004,6.34,5.42,7.130000000000001
2014-11-03,6438,1513,393,1759,20408.46,9592.42,2130.06,12541.67,44672.61,2014,11,0,3,45,4,0,10103,0.45684503323177217,0.214727100117947,0.04768156595282881,0.280746300697452,3.17,6.34,5.42,7.13
2014-11-04,5296,2145,1025,1624,16788.32,13599.3,5555.5,11579.12,47522.24,2014,11,1,4,45,4,0,10090,0.35327290969449254,0.2861670661988997,0.11690315944702943,0.24365686465957836,3.17,6.34,5.42,7.130000000000001
2014-11-05,2380,2291,5776,674,7544.6,14524.94,31305.92,4805.62,58181.08,2014,11,2,5,45,4,0,11121,0.12967445774468264,0.24965057369165372,0.5380773268560844,0.08259764170757916,3.1700000000000004,6.34,5.42,7.13
2014-11-06,2427,1283,4026,1355,7693.59,8134.22,21820.92,9661.15,47309.88,2014,11,3,6,45,4,0,9091,0.16262121146787945,0.1719349108473748,0.4612338902571725,0.20420998742757326,3.17,6.34,5.42,7.13
2014-11-07,1816,1690,5455,1971,5756.72,10714.6,29566.1,14053.23,60090.65,2014,11,4,7,45,4,0,10932,0.095800594601656,0.17830727409339056,0.4920249656144508,0.2338671656905026,3.17,6.34,5.42,7.13
2014-11-08,6085,2383,5161,1797,19289.45,15108.22,27972.62,12812.61,75182.9,2014,11,5,8,45,4,1,15426,0.2565669853118196,0.2009528762524457,0.37206093406878427,0.1704192043669505,3.17,6.34,5.42,7.13
2014-11-09,6119,2756,1230,1040,19397.23,17473.04,6666.6,7415.2,50952.07,2014,11,6,9,45,4,1,11145,0.38069562237608795,0.34293091526997826,0.13084061157868562,0.1455328507752482,3.17,6.340000000000001,5.42,7.13
2014-11-10,2073,3834,5284,1998,6571.41,24307.56,28639.28,14245.74,73763.99,2014,11,0,10,46,4,0,13189,0.08908696506249186,0.3295315234438918,0.38825557023149093,0.19312594126212532,3.17,6.340000000000001,5.42,7.13
2014-11-11,5767,792,5118,1846,18281.39,5021.28,27739.56,13161.98,64204.20999999999,2014,11,1,11,46,4,0,13523,0.2847381814993129,0.07820795552191984,0.4320520414471264,0.205001821531641,3.17,6.34,5.42,7.13
2014-11-12,1062,969,1560,475,3366.54,6143.46,8455.2,3386.75,21351.95,2014,11,2,12,46,4,0,4066,0.15766897168642677,0.28772360369895955,0.3959919351628306,0.15861548945178308,3.17,6.34,5.420000000000001,7.13
2014-11-13,7178,2656,5728,1076,22754.26,16839.04,31045.76,7671.88,78310.94,2014,11,3,13,46,4,0,16638,0.2905629788124111,0.21502793862517805,0.3964421829185041,0.09796689964390672,3.17,6.340000000000001,5.42,7.13
2014-11-14,7924,3702,3115,617,25119.08,23470.68,16883.3,4399.21,69872.27,2014,11,4,14,46,4,0,15358,0.3594999847579018,0.3359083653643999,0.24163090736854548,0.06296074250915278,3.1700000000000004,6.34,5.42,7.13
2014-11-15,2633,793,4703,1510,8346.61,5027.62,25490.26,10766.3,49630.78999999999,2014,11,5,15,46,4,1,9639,0.16817403067732756,0.10130042258041834,0.5135977081968673,0.21692783854538686,3.1700000000000004,6.34,5.42,7.13
2014-11-16,7405,1545,802,1681,23473.85,9795.3,4346.84,11985.53,49601.51999999999,2014,11,6,16,46,4,1,11433,0.47324860205896924,0.19747983529537,0.08763521763042748,0.24163634501523346,3.17,6.34,5.42,7.130000000000001
2014-11-17,5598,931,1280,1978,17745.66,5902.54,6937.6,14103.14,44688.94,2014,11,0,17,47,4,0,9787,0.3970928824894929,0.1320805550545616,0.15524199052382984,0.3155845719321156,3.17,6.34,5.42,7.13
2014-11-18,7234,987,5438,1944,22931.78,6257.58,29473.96,13860.72,72524.04,2014,11,1,18,47,4,0,15603,0.31619556770417095,0.0862828380768639,0.4064026218065072,0.191118972412458,3.17,6.34,5.42,7.13
2014-11-19,5994,2421,1098,763,19000.98,15349.14,5951.16,5440.19,45741.47,2014,11,2,19,47,4,0,10276,0.41539941764005395,0.335562892928452,0.13010425769001302,0.11893343174148097,3.17,6.34,5.42,7.13
2014-11-20,526,2952,1317,1493,1667.42,18715.68,7138.14,10645.09,38166.33,2014,11,3,20,47,4,0,6288,0.04368824563430647,0.49037148711966805,0.18702715194256297,0.27891311530346247,3.17,6.34,5.42,7.13
2014-11-21,5483,755,1559,1675,17381.11,4786.7,8449.78,11942.75,42560.34,2014,11,4,21,47,4,0,9472,0.408387479987237,0.11246855640720915,0.1985364778570848,0.28060748574846917,3.17,6.34,5.420000000000001,7.13
2014-11-22,445,1244,4031,1840,1410.65,7886.96,21848.02,13119.2,44264.83,2014,11,5,22,47,4,1,7560,0.03186841562477479,0.17817666983020153,0.4935751475833071,0.2963797669617166,3.1700000000000004,6.34,5.42,7.130000000000001
2014-11-23,1844,2120,4254,530,5845.48,13440.8,23056.68,3778.9,46121.86,2014,11,6,23,47,4,1,8748,0.12673990164316876,0.29141929661986743,0.49990785280558936,0.08193294893137441,3.17,6.34,5.42,7.13
2014-11-24,1342,3697,1028,1172,4254.14,23438.98,5571.76,8356.36,41621.24,2014,11,0,24,48,4,0,7239,0.1022107942963737,0.5631494880979039,0.13386818845377987,0.20077152915194263,3.1700000000000004,6.34,5.42,7.130000000000001
2014-11-25,332,885,3008,1564,1052.44,5610.9,16303.36,11151.32,34118.020000000004,2014,11,1,25,48,4,0,5789,0.030847042120263717,0.1644556161230927,0.4778518800328975,0.32684546172374596,3.1700000000000004,6.34,5.42,7.13
2014-11-26,2201,1368,4376,483,6977.17,8673.12,23717.92,3443.79,42812.0,2014,11,2,26,48,4,0,8428,0.16297229748668599,0.20258619078762966,0.5540016817714659,0.08043982995421844,3.17,6.340000000000001,5.42,7.13
2014-11-27,287,1694,4675,1322,909.79,10739.96,25338.5,9425.86,46414.11,2014,11,3,27,48,4,0,7978,0.019601582363638986,0.23139428936588463,0.5459223499060953,0.20308177836438102,3.17,6.34,5.42,7.130000000000001
2014-11-28,4139,796,2169,1432,13120.63,5046.64,11755.98,10210.16,40133.41,2014,11,4,28,48,4,0,8536,0.3269253721525282,0.12574660364020898,0.29292253013137926,0.25440549407588336,3.17,6.340000000000001,5.42,7.13
2014-11-29,7463,3562,4050,1286,23657.71,22583.08,21951.0,9169.18,77360.97,2014,11,5,29,48,4,1,16361,0.30580937648532586,0.29191826317586245,0.28374773480735827,0.11852462553145339,3.17,6.340000000000001,5.42,7.13
2014-11-30,1789,1240,3986,2000,5671.13,7861.6,21604.12,14260.0,49396.85,2014,11,6,30,48,4,1,9015,0.11480752315177993,0.15915184875148922,0.4373582526011274,0.2886823754956035,3.17,6.34,5.42,7.13
2014-12-01,5633,2288,5668,1830,17856.61,14505.92,30720.56,13047.9,76130.98999999999,2014,12,0,1,49,4,0,15419,0.23455113351343523,0.19053896448739208,0.4035224026378746,0.1713874993612982,3.17,6.34,5.42,7.13
2014-12-02,2304,1029,4754,1361,7303.68,6523.86,25766.68,9703.93,49298.15,2014,12,1,2,49,4,0,9448,0.14815322684522644,0.13233478335393922,0.522670323328563,0.19684166647227128,3.17,6.34,5.42,7.13
2014-12-03,4261,844,600,434,13507.37,5350.96,3252.0,3094.42,25204.75,2014,12,2,3,49,4,0,6139,0.5359057320544739,0.21229966573760897,0.1290232991797181,0.12277130302819905,3.1700000000000004,6.34,5.42,7.13
2014-12-04,7405,2944,792,1868,23473.85,18664.96,4292.64,13318.84,59750.28999999999,2014,12,3,4,49,4,0,13009,0.3928658756300597,0.31238275161509677,0.07184299858628303,0.22290837416856055,3.17,6.34,5.420000000000001,7.13
2014-12-05,2456,492,1238,527,7785.52,3119.28,6709.96,3757.51,21372.270000000004,2014,12,4,5,49,4,0,4713,0.3642813795633313,0.14594986868498291,0.31395635559535784,0.17581239615632777,3.1700000000000004,6.340000000000001,5.42,7.130000000000001
2014-12-06,7800,2622,5588,1028,24726.0,16623.48,30286.96,7329.64,78966.08,2014,12,5,6,49,4,1,17038,0.3131217859617699,0.21051418533122068,0.38354392164331824,0.09282010706369115,3.17,6.34,5.42,7.13
2014-12-07,4147,1783,893,595,13145.99,11304.22,4840.06,4242.35,33532.62,2014,12,6,7,49,4,1,7418,0.3920358743217798,0.33711114729478336,0.14433885571720909,0.1265141226662277,3.17,6.34,5.420000000000001,7.130000000000001
2014-12-08,3060,483,963,1173,9700.2,3062.22,5219.46,8363.49,26345.370000000003,2014,12,0,8,50,4,0,5679,0.3681937281579268,0.11623370634005138,0.19811678484682507,0.3174557806551967,3.1700000000000004,6.34,5.42,7.13
2014-12-09,1741,3698,5319,355,5518.97,23445.32,28828.98,2531.15,60324.420000000006,2014,12,1,9,50,4,0,11113,0.09148815686914188,0.3886538817944706,0.4778990001064245,0.04195896122996292,3.17,6.34,5.42,7.13
2014-12-10,4689,3780,1509,325,14864.13,23965.2,8178.78,2317.25,49325.36,2014,12,2,10,50,4,0,10303,0.30134863688779967,0.48585960649856386,0.1658128800276369,0.04697887658599957,3.17,6.34,5.42,7.13
2014-12-11,4233,561,2143,1279,13418.61,3556.74,11615.06,9119.27,37709.67999999999,2014,12,3,11,50,4,0,8216,0.3558399328766514,0.09431901835284734,0.3080126906407056,0.24182835812979592,3.17,6.34,5.42,7.130000000000001
2014-12-12,6782,2666,3434,451,21498.94,16902.44,18612.28,3215.63,60229.28999999999,2014,12,4,12,50,4,0,13333,0.35695157621814905,0.28063488711223394,0.309023732473021,0.05338980419659605,3.17,6.34,5.42,7.13
2014-12-13,5737,3433,2459,556,18186.29,21765.22,13327.78,3964.28,57243.57,2014,12,5,13,50,4,1,12185,0.3177001364520068,0.380221219605975,0.2328258003475325,0.06925284359448582,3.1700000000000004,6.340000000000001,5.42,7.130000000000001
2014-12-14,4880,709,4019,1103,15469.6,4495.06,21782.98,7864.39,49612.03,2014,12,6,14,50,4,1,10711,0.3118114699196949,0.09060423449715725,0.4390664925422322,0.1585178030409157,3.17,6.340000000000001,5.42,7.13
2014-12-15,7043,1950,4772,395,22326.31,12363.0,25864.24,2816.35,63369.9,2014,12,0,15,51,4,0,14160,0.3523172673461691,0.19509262283828757,0.40814708560373303,0.04444302421181034,3.1700000000000004,6.34,5.42,7.13
2014-12-16,3044,1539,865,1748,9649.48,9757.26,4688.3,12463.24,36558.28,2014,12,1,16,51,4,0,7196,0.26394786625628996,0.26689603559029584,0.12824181006327431,0.3409142880901399,3.17,6.34,5.42,7.13
2014-12-17,4446,416,1557,267,14093.82,2637.44,8438.94,1903.71,27073.91,2014,12,2,17,51,4,0,6686,0.5205683257423844,0.09741629487576785,0.3117000832166466,0.07031529616520112,3.17,6.34,5.42,7.13
2014-12-18,2574,363,5817,854,8159.58,2301.42,31528.14,6089.02,48078.16,2014,12,3,18,51,4,0,9608,0.16971489757511518,0.04786830444426326,0.6557684403895656,0.1266483575910559,3.17,6.34,5.42,7.130000000000001
2014-12-19,7200,1884,5007,1431,22824.0,11944.56,27137.94,10203.03,72109.53,2014,12,4,19,51,4,0,15522,0.31651849623759853,0.16564467969767657,0.3763433210561766,0.14149350300854827,3.17,6.34,5.42,7.130000000000001
2014-12-20,1376,762,4238,1758,4361.92,4831.08,22969.96,12534.54,44697.5,2014,12,5,20,51,4,1,8134,0.09758756082554954,0.10808389730969294,0.5138980927344929,0.2804304491302646,3.17,6.34,5.42,7.130000000000001
2014-12-21,3710,1194,5685,865,11760.7,7569.96,30812.7,6167.45,56310.81,2014,12,6,21,51,4,1,11454,0.20885332674134863,0.13443173699685726,0.5471897846967572,0.10952515156503698,3.1700000000000004,6.34,5.42,7.13
2014-12-22,6892,553,4496,1882,21847.64,3506.02,24368.32,13418.66,63140.64,2014,12,0,22,52,4,0,13823,0.3460154981007478,0.055527153351629,0.3859371713685512,0.21252017717907198,3.17,6.34,5.42,7.13
2014-12-23,3757,1282,3457,1870,11909.69,8127.88,18736.94,13333.1,52107.60999999999,2014,12,1,23,52,4,0,10366,0.22855951366796523,0.15598259064271036,0.3595816426813665,0.255876253007958,3.17,6.34,5.42,7.13
2014-12-24,4226,2761,2177,556,13396.42,17504.74,11799.34,3964.28,46664.78,2014,12,2,24,52,4,0,9720,0.2870777490004239,0.37511673686236174,0.2528532224945666,0.08495229164264785,3.17,6.340000000000001,5.42,7.130000000000001
2014-12-25,5868,3974,835,1265,18601.56,25195.16,4525.7,9019.45,57341.87,2014,12,3,25,52,4,0,11942,0.3243975126726771,0.43938504272706835,0.07892487635997919,0.1572925682402754,3.1700000000000004,6.34,5.42,7.130000000000001
2014-12-26,4428,808,728,1700,14036.76,5122.72,3945.76,12121.0,35226.24,2014,12,4,26,52,4,0,7664,0.3984745462473429,0.1454234116385967,0.11201195472465982,0.34409008738940067,3.17,6.340000000000001,5.42,7.13
2014-12-27,1151,1706,3786,1454,3648.67,10816.04,20520.12,10367.02,45351.850000000006,2014,12,5,27,52,4,1,8097,0.0804525063475911,0.23849170430754202,0.45246489393486694,0.2285908954099998,3.17,6.340000000000001,5.42,7.13
2014-12-28,1391,2755,4531,1107,4409.47,17466.7,24558.02,7892.91,54327.100000000006,2014,12,6,28,52,4,1,9784,0.0811652011611148,0.3215098910120363,0.452039957958367,0.14528494986848184,3.1700000000000004,6.34,5.42,7.13
2014-12-29,7909,1605,3065,840,25071.53,10175.7,16612.3,5989.2,57848.73,2014,12,0,29,1,4,0,13419,0.4333981057146803,0.17590187373171373,0.2871679291835793,0.10353209137002661,3.17,6.340000000000001,5.42,7.13
2014-12-30,2123,2323,1363,650,6729.91,14727.82,7387.46,4634.5,33479.69,2014,12,1,30,1,4,0,6459,0.20101470473591598,0.4399031173825086,0.22065497022224517,0.13842720765933017,3.17,6.34,5.42,7.13
2015-01-01,2352,2545,2131,1261,7455.84,16135.3,11550.02,8990.93,44132.09,2015,1,3,1,1,1,0,8289,0.16894373232720228,0.365613774466607,0.26171477489509337,0.20372771831109746,3.17,6.34,5.42,7.13
2015-01-02,1628,3389,3271,1504,5160.76,21486.26,17728.82,10723.52,55099.36,2015,1,4,2,1,1,0,9792,0.09366279390541016,0.38995480165286855,0.3217609061157879,0.19462149832593337,3.17,6.34,5.42,7.13
2015-01-03,1332,2702,360,375,4222.44,17130.68,1951.2,2673.75,25978.07,2015,1,5,3,1,1,1,4769,0.16253863354744982,0.6594285102780922,0.0751095058254905,0.10292335034896742,3.1699999999999995,6.34,5.42,7.13
2015-01-04,7076,2139,1016,1153,22430.92,13561.26,5506.72,8220.89,49719.79,2015,1,6,4,1,1,1,11384,0.4511467164282069,0.272753766659111,0.11075509369609164,0.1653444232165904,3.17,6.34,5.42,7.13
2015-01-05,5673,3017,4945,661,17983.41,19127.78,26801.9,4712.93,68626.02,2015,1,0,5,2,1,0,14296,0.26204943839086103,0.2787248918121727,0.390550114956397,0.06867555484056923,3.17,6.34,5.42,7.130000000000001
2015-01-06,7931,3483,1778,773,25141.27,22082.22,9636.76,5511.49,62371.740000000005,2015,1,1,6,2,1,0,13965,0.40308752008521803,0.35404207097637486,0.15450522945167153,0.08836517948673549,3.17,6.340000000000001,5.42,7.13
2015-01-07,776,3521,5185,323,2459.92,22323.14,28102.7,2302.99,55188.74999999999,2015,1,2,7,2,1,0,9805,0.04457285225702703,0.4044871463840004,0.5092106634051324,0.041729337953840234,3.17,6.34,5.42,7.129999999999999
2015-01-08,7893,2379,3035,931,25020.81,15082.86,16449.7,6638.03,63191.4,2015,1,3,8,2,1,0,14238,0.39595277205442514,0.23868532743379636,0.2603154859680273,0.1050464145437512,3.1700000000000004,6.34,5.42,7.13
2015-01-09,4624,976,2218,1840,14658.08,6187.84,12021.56,13119.2,45986.67999999999,2015,1,4,9,2,1,0,9658,0.3187462108593184,0.13455722396137318,0.2614139572589281,0.28528260792038046,3.17,6.34,5.42,7.130000000000001
2015-01-10,926,2436,1273,1465,2935.42,15444.24,6899.66,10445.45,35724.770000000004,2015,1,5,10,2,1,1,6100,0.08216763886793392,0.43231181054489637,0.1931337836464727,0.2923867669406969,3.17,6.34,5.42,7.130000000000001
2015-01-11,1542,1109,3051,1983,4888.14,7031.06,16536.42,14138.79,42594.41,2015,1,6,11,2,1,1,7685,0.11476012932213406,0.16507001740369218,0.3882298170111993,0.3319400362629744,3.1700000000000004,6.340000000000001,5.419999999999999,7.130000000000001
2015-01-12,1538,1058,1895,1241,4875.46,6707.72,10270.9,8848.33,30702.410000000003,2015,1,0,12,3,1,0,5732,0.15879730613981116,0.21847535747193786,0.3345307420492397,0.2881965943390111,3.17,6.34,5.42,7.13
2015-01-13,4821,3281,629,1437,15282.57,20801.54,3409.18,10245.81,49739.1,2015,1,1,13,3,1,0,10168,0.30725465478868735,0.4182130356198645,0.06854124823328125,0.20599106135816692,3.17,6.34,5.42,7.13
2015-01-14,5694,2320,3260,1037,18049.98,14708.8,17669.2,7393.81,57821.78999999999,2015,1,2,14,3,1,0,12311,0.3121657077721046,0.2543816094244056,0.30558030112869217,0.1278723816747977,3.17,6.34,5.42,7.130000000000001
2015-01-15,2183,3460,1797,1644,6920.11,21936.4,9739.74,11721.72,50317.97,2015,1,3,15,3,1,0,9084,0.13752760693644833,0.4359555840587369,0.19356385005197943,0.23295295895283533,3.17,6.340000000000001,5.42,7.13
2015-01-16,5861,459,2015,1190,18579.37,2910.06,10921.3,8484.7,40895.43,2015,1,4,16,3,1,0,9525,0.45431408839569604,0.07115856221587595,0.2670542894401648,0.20747305994826318,3.17,6.34,5.42,7.130000000000001
2015-01-17,4247,1978,5797,1120,13462.99,12540.52,31419.74,7985.6,65408.85,2015,1,5,17,3,1,1,13142,0.2058282633007613,0.19172512588128365,0.48035915629154163,0.12208745452641348,3.17,6.34,5.42,7.13
2015-01-18,711,3690,5006,524,2253.87,23394.6,27132.52,3736.12,56517.11,2015,1,6,18,3,1,1,9931,0.03987942766358719,0.4139383630903986,0.4800762105493363,0.06610599869667787,3.17,6.34,5.42,7.13
2015-01-19,5982,2425,1310,834,18962.94,15374.5,7100.2,5946.42,47384.06,2015,1,0,19,4,1,0,10551,0.40019660620048175,0.3244656536396417,0.14984363940109818,0.12549410075877837,3.17,6.34,5.42,7.13
2015-01-20,2365,911,4648,1131,7497.05,5775.74,25192.16,8064.03,46528.98,2015,1,1,20,4,1,0,9055,0.1611264635502433,0.12413210003743902,0.541429448915493,0.17331198749682455,3.17,6.34,5.42,7.13
2015-01-21,2585,2819,1339,898,8194.45,17872.46,7257.38,6402.74,39727.03,2015,1,2,21,4,1,0,7641,0.2062688804071183,0.4498816045397806,0.1826811619192273,0.16116835313387384,3.1700000000000004,6.34,5.42,7.13
2015-01-22,6405,2993,2394,900,20303.85,18975.62,12975.48,6417.0,58671.95,2015,1,3,22,4,1,0,12692,0.3460571874635153,0.32341894210095284,0.22115303820650242,0.10937083222902938,3.17,6.34,5.42,7.13
2015-01-23,1127,2457,4276,1608,3572.59,15577.38,23175.92,11465.04,53790.93,2015,1,4,23,4,1,0,9468,0.06641621552183612,0.28959120059831645,0.430851818326993,0.21314076555285438,3.17,6.34,5.42,7.130000000000001
2015-01-24,1283,1594,4992,1737,4067.11,10105.96,27056.64,12384.81,53614.52,2015,1,5,24,4,1,1,9606,0.0758583682181618,0.18849296794972706,0.5046513519098931,0.2309973119222181,3.17,6.34,5.42,7.13
2015-01-25,5280,1355,5145,431,16737.6,8590.7,27885.9,3073.03,56287.23,2015,1,6,25,4,1,1,12211,0.29736052031695287,0.1526225397838906,0.4954214304025975,0.05459550949655899,3.17,6.340000000000001,5.42,7.130000000000001
2015-01-26,5772,3561,1540,1674,18297.24,22576.74,8346.8,11935.62,61156.4,2015,1,0,26,5,1,0,12547,0.2991876565657887,0.36916397956714264,0.13648285379780364,0.19516551006926505,3.1700000000000004,6.340000000000001,5.42,7.130000000000001
2015-01-27,2010,3583,2531,1060,6371.7,22716.22,13718.02,7557.8,50363.740000000005,2015,1,1,27,5,1,0,9184,0.12651363858204334,0.45104315128304606,0.27237889799288134,0.15006431214202914,3.17,6.340000000000001,5.42,7.13
2015-01-28,5963,1153,3683,1367,18902.71,7310.02,19961.86,9746.71,55921.3,2015,1,2,28,5,1,0,12166,0.3380234365080926,0.13071977940426993,0.3569634468440469,0.17429333724359053,3.17,6.340000000000001,5.42,7.129999999999999
2015-01-29,1794,2442,1288,788,5686.98,15482.28,6980.96,5618.44,33768.66,2015,1,3,29,5,1,0,6312,0.1684099990938343,0.45848073331900047,0.20672896111364797,0.16638030647351712,3.17,6.34,5.42,7.13
2015-01-30,5549,3751,3742,719,17590.33,23781.34,20281.64,5126.47,66779.78,2015,1,4,30,5,1,0,13761,0.2634080256029595,0.35611587818947593,0.3037092964367358,0.07676679977082884,3.1700000000000004,6.34,5.42,7.130000000000001
2015-01-31,4000,3967,345,1575,12680.0,25150.78,1869.9,11229.75,50930.43,2015,1,5,31,5,1,1,9887,0.24896707135596538,0.4938261860345573,0.03671478917417348,0.2204919534353038,3.17,6.34,5.42,7.13
2015-02-01,5961,521,1047,1272,18896.37,3303.14,5674.74,9069.36,36943.61,2015,2,6,1,5,1,1,8801,0.5114922445315983,0.08941032021505207,0.1536054543668039,0.24549198088654575,3.17,6.34,5.42,7.130000000000001
2015-02-02,6527,2120,4175,1659,20690.59,13440.8,22628.5,11828.67,68588.56,2015,2,0,2,6,1,0,14481,0.3016624055090237,0.1959627086499556,0.3299165341858759,0.17245835165514484,3.17,6.34,5.42,7.13
2015-02-03,2357,913,4027,1546,7471.69,5788.42,21826.34,11022.98,46109.42999999999,2015,2,1,3,6,1,0,8843,0.1620425583226685,0.12553657679134184,0.4733595709164048,0.239061293969585,3.17,6.34,5.42,7.13
2015-02-04,6559,688,2536,1642,20792.03,4361.92,13745.12,11707.46,50606.53,2015,2,2,4,6,1,0,11425,0.4108566621738341,0.08619282926531419,0.27160763640581564,0.2313428721550361,3.17,6.34,5.42,7.13
2015-02-05,4902,2871,1550,920,15539.34,18202.14,8401.0,6559.6,48702.08,2015,2,3,5,6,1,0,10243,0.31906932927710685,0.37374461213976895,0.1724977660091725,0.13468829257395168,3.17,6.34,5.42,7.130000000000001
2015-02-06,7540,1402,2118,1241,23901.8,8888.68,11479.56,8848.33,53118.37,2015,2,4,6,6,1,0,12301,0.4499723918486203,0.1673372130959591,0.21611280617232792,0.1665775888830926,3.17,6.34,5.42,7.13
2015-02-07,1042,1295,3822,1081,3303.14,8210.3,20715.24,7707.53,39936.21,2015,2,5,7,6,1,1,7240,0.08271040241425012,0.205585357248472,0.5187082099177664,0.19299603041951152,3.17,6.34,5.420000000000001,7.13
2015-02-08,6018,344,3433,710,19077.06,2180.96,18606.86,5062.3,44927.18000000001,2015,2,6,8,6,1,1,10505,0.424621799098007,0.048544333296681424,0.41415597417865974,0.11267789342665173,3.1700000000000004,6.34,5.42,7.13
2015-02-09,3306,2863,2506,343,10480.02,18151.42,13582.52,2445.59,44659.55,2015,2,0,9,7,1,0,9018,0.2346647021745629,0.40643983201801176,0.3041347259432753,0.05476073986415,3.17,6.339999999999999,5.42,7.130000000000001
2015-02-10,6072,2701,445,1583,19248.24,17124.34,2411.9,11286.79,50071.27,2015,2,1,10,7,1,0,10801,0.3844168522188473,0.3419993141775713,0.04816933942358562,0.22541449417999587,3.1700000000000004,6.34,5.42,7.130000000000001
2015-02-11,7189,411,4879,355,22789.13,2605.74,26444.18,2531.15,54370.2,2015,2,2,11,7,1,0,12834,0.4191474373829782,0.0479258858713045,0.48637268209423545,0.046553994651481884,3.17,6.34,5.42,7.13
2015-02-12,7325,2673,3952,534,23220.25,16946.82,21419.84,3807.42,65394.33,2015,2,3,12,7,1,0,14484,0.3550804786898191,0.25914815550522496,0.3275488868836182,0.058222478921337674,3.17,6.34,5.42,7.13
2015-02-13,1408,2398,2307,377,4463.36,15203.32,12503.94,2688.01,34858.630000000005,2015,2,4,13,7,1,0,6490,0.12804175034991333,0.4361422121293923,0.35870428642777985,0.07711175109291443,3.17,6.34,5.42,7.130000000000001
2015-02-14,5452,2018,4180,587,17282.84,12794.12,22655.6,4185.31,56917.87,2015,2,5,14,7,1,1,12237,0.30364523479181493,0.22478212905718362,0.39804019370366456,0.07353244244733684,3.17,6.340000000000001,5.42,7.130000000000001
2015-02-15,1606,705,2578,1188,5091.02,4469.7,13972.76,8470.44,32003.92000000001,2015,2,6,15,7,1,1,6077,0.15907488832618,0.13966101652547558,0.43659526707978263,0.26466882806856157,3.1700000000000004,6.34,5.42,7.130000000000001
2015-02-16,7145,3194,5087,394,22649.65,20249.96,27571.54,2809.22,73280.37,2015,2,0,16,8,1,0,15820,0.3090820911521053,0.2763353951406086,0.3762472815025361,0.03833523220475006,3.1700000000000004,6.34,5.42,7.13
2015-02-17,2212,2405,5926,502,7012.04,15247.7,32118.92,3579.26,57957.920000000006,2015,2,1,17,8,1,0,11045,0.12098501809588749,0.2630822500186342,0.5541765473985263,0.06175618448695191,3.17,6.340000000000001,5.42,7.130000000000001
2015-02-18,7020,1522,1927,792,22253.4,9649.48,10444.34,5646.96,47994.18,2015,2,2,18,8,1,0,11261,0.4636687198322797,0.20105521127770073,0.21761680270399453,0.11765926618602505,3.1700000000000004,6.34,5.42,7.13
2015-02-19,4783,485,2505,1698,15162.11,3074.9,13577.1,12106.74,43920.85,2015,2,3,19,8,1,0,9471,0.3452144027267232,0.07001002940516862,0.30912653102114374,0.2756490368469645,3.17,6.34,5.42,7.13
2015-02-20,6184,2723,938,1816,19603.28,17263.82,5083.96,12948.08,54899.14,2015,2,4,20,8,1,0,11661,0.3570780890192451,0.3144643067268449,0.09260545793613525,0.23585214631777474,3.17,6.34,5.42,7.13
2015-02-21,4302,497,376,777,13637.34,3150.98,2037.92,5540.01,24366.25,2015,2,5,21,8,1,1,5952,0.559681526701893,0.1293173959883035,0.08363699789668086,0.22736407941312267,3.17,6.34,5.42,7.13
2015-02-22,7496,1962,5577,913,23762.32,12439.08,30227.34,6509.69,72938.43000000001,2015,2,6,22,8,1,1,15948,0.3257860088296389,0.170542195657351,0.41442268499609874,0.0892491105169113,3.17,6.34,5.42,7.13
2015-02-23,496,1051,1555,1813,1572.32,6663.34,8428.1,12926.69,29590.450000000004,2015,2,0,23,9,1,0,4915,0.05313606247961757,0.22518549058902448,0.2848250026613316,0.43685344427002626,3.17,6.34,5.42,7.13
2015-02-24,5184,897,2835,1555,16433.28,5686.98,15365.7,11087.15,48573.11,2015,2,1,24,9,1,0,10471,0.33832052343364466,0.11708082929011544,0.31634169605363954,0.2282569512226003,3.17,6.34,5.42,7.13
2015-02-25,5861,486,5247,1676,18579.37,3081.24,28438.74,11949.88,62049.23,2015,2,2,25,9,1,0,13270,0.29942950138140306,0.04965798930945637,0.4583254296628661,0.1925870796462744,3.17,6.34,5.42,7.13
2015-02-26,7177,2185,1932,1615,22751.09,13852.9,10471.44,11514.95,58590.380000000005,2015,2,3,26,9,1,0,12909,0.3883076027156676,0.23643642522885153,0.1787228551854417,0.19653311687003908,3.17,6.34,5.42,7.130000000000001
2015-02-27,2780,1072,2555,1911,8812.6,6796.48,13848.1,13625.43,43082.61,2015,2,4,27,9,1,0,8318,0.20455120987331085,0.1577546021468987,0.32143131532653196,0.3162628726532585,3.17,6.34,5.42,7.13
2015-02-28,5821,3542,4698,1036,18452.57,22456.28,25463.16,7386.68,73758.69,2015,2,5,28,9,1,1,15097,0.25017486075200085,0.3044560579912685,0.3452225086969413,0.10014657255978923,3.17,6.34,5.42,7.13
2015-03-01,3283,2632,2430,1488,10407.11,16686.88,13170.6,10609.44,50874.030000000006,2015,3,6,1,9,1,1,9833,0.20456625905201534,0.32800389511112055,0.2588865084995232,0.20854333733734087,3.1700000000000004,6.340000000000001,5.42,7.130000000000001
2015-03-02,7349,886,5022,1758,23296.33,5617.24,27219.24,12534.54,68667.35,2015,3,0,2,10,1,0,15015,0.3392635655810221,0.081803651953949,0.3963927543439495,0.18254002812107936,3.1700000000000004,6.34,5.42,7.130000000000001
2015-03-03,3360,2180,436,1559,10651.2,13821.2,2363.12,11115.67,37951.19,2015,3,1,3,10,1,0,7535,0.28065523110079027,0.3641835736903112,0.06226734919247591,0.29289384601642265,3.1700000000000004,6.340000000000001,5.42,7.13
2015-03-04,623,736,2370,513,1974.91,4666.24,12845.4,3657.69,23144.24,2015,3,2,4,10,1,0,4242,0.08533051852210312,0.20161560716618906,0.5550149842898275,0.15803889002188015,3.17,6.34,5.42,7.13
2015-03-05,1626,2237,2367,605,5154.42,14182.58,12829.14,4313.65,36479.79,2015,3,3,5,10,1,0,6835,0.14129522127183297,0.3887791020726819,0.35167801130434134,0.11824766535114373,3.17,6.34,5.42,7.129999999999999
2015-03-06,2866,344,3775,987,9085.22,2180.96,20460.5,7037.31,38763.99,2015,3,4,6,10,1,0,7972,0.23437267422677593,0.05626252612282689,0.5278223423336968,0.18154245731670038,3.17,6.34,5.42,7.130000000000001
2015-03-07,6983,666,594,1144,22136.11,4222.44,3219.48,8156.72,37734.75,2015,3,5,7,10,1,1,9387,0.5866240004240124,0.11189791902689165,0.08531870490728043,0.2161593756418156,3.17,6.339999999999999,5.42,7.13
2015-03-08,1142,3350,1212,1199,3620.14,21239.0,6569.04,8548.87,39977.05,2015,3,6,8,10,1,1,6903,0.09055545619299071,0.5312798217977565,0.16432027875993852,0.2138444432493143,3.17,6.34,5.42,7.130000000000001
2015-03-09,1162,1388,4563,1459,3683.54,8799.92,24731.46,10402.67,47617.59,2015,3,0,9,11,1,0,8572,0.07735670788882848,0.18480397684973138,0.519376558116444,0.21846275714499622,3.17,6.34,5.42,7.13
2015-03-10,3794,2420,631,1313,12026.98,15342.8,3420.02,9361.69,40151.49,2015,3,1,10,11,1,0,8158,0.29954006688170226,0.382122805405229,0.08517790996050209,0.23315921775256662,3.17,6.34,5.42,7.130000000000001
2015-03-11,7098,3536,929,918,22500.66,22418.24,5035.18,6545.34,56499.42,2015,3,2,11,11,1,0,12481,0.3982458580990743,0.3967870820620814,0.08911914493989496,0.11584791489894941,3.17,6.340000000000001,5.42,7.13
2015-03-12,594,3732,2107,1754,1882.98,23660.88,11419.94,12506.02,49469.82000000001,2015,3,3,12,11,1,0,8187,0.03806320702197824,0.47828918722566605,0.23084660506142934,0.25280100069092626,3.17,6.34,5.42,7.13
2015-03-13,4511,1236,3579,1414,14299.87,7836.24,19398.18,10081.82,51616.11,2015,3,4,13,11,1,0,10740,0.27704276823650603,0.1518177173754473,0.3758163875580705,0.19532312682997613,3.1700000000000004,6.34,5.42,7.13
2015-03-14,1225,3608,489,1326,3883.25,22874.72,2650.38,9454.38,38862.73,2015,3,5,14,11,1,1,6648,0.09992221339056725,0.5886030137357823,0.06819850278145667,0.24327627009219369,3.17,6.340000000000001,5.42,7.129999999999999
2015-03-15,419,2388,3885,1033,1328.23,15139.92,21056.7,7365.29,44890.14000000001,2015,3,6,15,11,1,1,7725,0.029588457509822867,0.33726604550576134,0.46907182735451475,0.1640736696299009,3.17,6.34,5.42,7.13
2015-03-16,707,1741,929,1175,2241.19,11037.94,5035.18,8377.75,26692.06,2015,3,0,16,12,1,0,4552,0.08396466964333213,0.41352896704113506,0.18863961792383202,0.31386674539170073,3.17,6.34,5.42,7.13
2015-03-17,3608,711,4546,420,11437.36,4507.74,24639.32,2994.6,43579.02,2015,3,1,17,12,1,0,9285,0.2624510601661075,0.10343830586369313,0.5653940818311197,0.06871655213907978,3.1700000000000004,6.34,5.42,7.13
2015-03-18,1790,3264,4279,533,5674.3,20693.76,23192.18,3800.29,53360.53,2015,3,2,18,12,1,0,9866,0.10633889880778921,0.38781024101522227,0.4346317399770954,0.07121912019989307,3.17,6.34,5.42,7.13
2015-03-19,1385,3246,3522,1260,4390.45,20579.64,19089.24,8983.8,53043.130000000005,2015,3,3,19,12,1,0,9413,0.0827713221297461,0.3879793669792864,0.35988147758248806,0.16936783330847932,3.17,6.34,5.420000000000001,7.129999999999999
2015-03-20,2050,3821,3127,662,6498.5,24225.14,16948.34,4720.06,52392.03999999999,2015,3,4,20,12,1,0,9660,0.12403601768512929,0.4623820717803697,0.32349074401378536,0.09009116652071576,3.17,6.34,5.42,7.130000000000001
2015-03-21,2025,3696,2559,1342,6419.25,23432.64,13869.78,9568.46,53290.13,2015,3,5,21,12,1,1,9622,0.12045851642696312,0.4397181992237587,0.26026920932638,0.17955407502289822,3.17,6.34,5.42,7.129999999999999
2015-03-22,2651,3315,4760,886,8403.67,21017.1,25799.2,6317.18,61537.15,2015,3,6,22,12,1,1,11612,0.136562547989304,0.3415351539679689,0.4192459351789935,0.10265636286373353,3.17,6.34,5.42,7.13
2015-03-23,2125,334,447,281,6736.25,2117.56,2422.74,2003.53,13280.08,2015,3,0,23,13,1,0,3187,0.5072446852729803,0.1594538587116945,0.1824341419630002,0.15086731405232498,3.17,6.34,5.42,7.13
2015-03-24,4138,2156,1413,1070,13117.46,13669.04,7658.46,7629.1,42074.06,2015,3,1,24,13,1,0,8777,0.3117707204866847,0.3248804607874781,0.18202331793033524,0.18132550079550205,3.17,6.340000000000001,5.42,7.130000000000001
2015-03-25,6593,3123,1055,676,20899.81,19799.82,5718.1,4819.88,51237.61,2015,3,2,25,13,1,0,11447,0.4078997829914393,0.3864313733603109,0.11159966282580316,0.09406918082244664,3.1700000000000004,6.34,5.42,7.13
2015-03-26,4303,2786,3397,1974,13640.51,17663.24,18411.74,14074.62,63790.11000000001,2015,3,3,26,13,1,0,12460,0.2138342448382672,0.27689621478940857,0.2886300086329997,0.22063953173932446,3.17,6.340000000000001,5.420000000000001,7.130000000000001
2015-03-27,303,2849,840,1996,960.51,18062.66,4552.8,14231.48,37807.45,2015,3,4,27,13,1,0,5988,0.025405310329048907,0.4777539876400022,0.12042071073293757,0.3764199912980114,3.17,6.34,5.42,7.13
2015-03-28,5934,488,2223,1051,18810.78,3093.92,12048.66,7493.63,41446.99,2015,3,5,28,13,1,1,9696,0.4538515342127378,0.07464764027496328,0.29070048271297866,0.1808003427993203,3.17,6.34,5.42,7.13
2015-03-29,6563,939,2870,1718,20804.71,5953.26,15555.4,12249.34,54562.71000000001,2015,3,6,29,13,1,1,12090,0.3812990593758997,0.10910858349960989,0.2850921444334418,0.2245002126910485,3.17,6.34,5.42,7.13
2015-03-30,3790,503,4087,1050,12014.3,3189.02,22151.54,7486.5,44841.36,2015,3,0,30,14,1,0,9430,0.2679289834206634,0.07111782515070908,0.49399795189084367,0.16695523953778388,3.17,6.34,5.42,7.13
2015-03-31,3667,1575,943,1368,11624.39,9985.5,5111.06,9753.84,36474.79,2015,3,1,31,14,1,0,7553,0.3186965572659911,0.2737644274305623,0.1401258238909669,0.2674131914124797,3.17,6.34,5.420000000000001,7.13
2015-04-01,3474,554,1499,890,11012.58,3512.36,8124.58,6345.7,28995.22,2015,4,2,1,14,2,0,6417,0.37980674055930597,0.12113582859519603,0.28020411640263465,0.21885331444286332,3.17,6.34,5.42,7.13
2015-04-02,270,2926,322,1423,855.9,18550.84,1745.24,10145.99,31297.97,2015,4,3,2,14,2,0,4941,0.027346821535070804,0.5927170356416087,0.055762082972154424,0.32417405985116604,3.17,6.34,5.42,7.13
2015-04-03,3806,1292,1928,1696,12065.02,8191.28,10449.76,12092.48,42798.53999999999,2015,4,4,3,14,2,0,8722,0.2819026069580879,0.191391575507015,0.24416159990504352,0.28254421762985377,3.17,6.34,5.42,7.13
2015-04-04,2585,1077,4823,285,8194.45,6828.18,26140.66,2032.05,43195.34,2015,4,5,4,14,2,1,8770,0.18970680633605388,0.158076774022383,0.6051731506222663,0.04704326901929699,3.1700000000000004,6.34,5.42,7.13
2015-04-05,2656,2091,1936,273,8419.52,13256.94,10493.12,1946.49,34116.07,2015,4,6,5,14,2,1,6956,0.246790442158197,0.3885834446933659,0.30757118273001555,0.057054930418421586,3.1700000000000004,6.34,5.420000000000001,7.13
2015-04-06,6865,3867,1986,1044,21762.05,24516.78,10764.12,7443.72,64486.670000000006,2015,4,0,6,15,2,0,13762,0.3374658669768496,0.38018368757450177,0.16692007821151256,0.11543036723713598,3.17,6.34,5.420000000000001,7.13
2015-04-07,7126,285,2891,1340,22589.42,1806.9,15669.22,9554.2,49619.740000000005,2015,4,1,7,15,2,0,11642,0.45525067241384165,0.03641494292392503,0.31578601580741855,0.19254836885481463,3.17,6.340000000000001,5.42,7.130000000000001
2015-04-08,7031,782,337,1021,22288.27,4957.88,1826.54,7279.73,36352.42,2015,4,2,8,15,2,0,9171,0.6131165407970088,0.13638376757310794,0.050245348177645394,0.20025434345223783,3.17,6.34,5.42,7.13
2015-04-09,6449,2826,3543,787,20443.33,17916.84,19203.06,5611.31,63174.53999999999,2015,4,3,9,15,2,0,13605,0.32360077334951715,0.28360855496533893,0.3039683391442186,0.08882233254092552,3.1700000000000004,6.34,5.42,7.130000000000001
2015-04-10,1855,1690,3610,1282,5880.35,10714.6,19566.2,9140.66,45301.81,2015,4,4,10,15,2,0,8437,0.12980386434890792,0.23651593611822577,0.4319076875736312,0.20177251195923518,3.1700000000000004,6.34,5.42,7.13
2015-04-11,7960,1821,2598,1534,25233.2,11545.14,14081.16,10937.42,61796.92,2015,4,5,11,15,2,1,13913,0.4083245572756701,0.1868238740700993,0.22786184165812795,0.17698972699610271,3.17,6.34,5.42,7.13
2015-04-12,1148,3905,5222,1749,3639.16,24757.7,28303.24,12470.37,69170.47,2015,4,6,12,15,2,1,12024,0.05261146844889156,0.35792296915143124,0.4091809698560672,0.18028459254361,3.17,6.34,5.42,7.130000000000001
2015-04-13,5822,2060,1765,1098,18455.74,13060.4,9566.3,7828.74,48911.18,2015,4,0,13,16,2,0,10745,0.3773317266113801,0.26702279519733524,0.19558514024809867,0.160060337943186,3.1700000000000004,6.34,5.42,7.13
2015-04-14,2241,2717,4144,1797,7103.97,17225.78,22460.48,12812.61,59602.84,2015,4,1,14,16,2,0,10899,0.11918844806723976,0.2890093827743779,0.3768357346730458,0.21496643448533662,3.17,6.34,5.42,7.13
2015-04-15,5392,728,2199,963,17092.64,4615.52,11918.58,6866.19,40492.93,2015,4,2,15,16,2,0,9282,0.42211418141389123,0.11398335462511605,0.29433730777199874,0.16956515618899398,3.17,6.340000000000001,5.42,7.13
2015-04-16,6230,3421,1620,1477,19749.1,21689.14,8780.4,10531.01,60749.65,2015,4,3,16,16,2,0,12748,0.32508993878977077,0.357024937592233,0.14453416604046276,0.17335095757753335,3.17,6.34,5.42,7.13
2015-04-17,1822,1896,5958,771,5775.74,12020.64,32292.36,5497.23,55585.97,2015,4,4,17,16,2,0,10447,0.10390643538288528,0.21625313006141655,0.5809444361589804,0.09889599839671773,3.17,6.34,5.42,7.129999999999999
2015-04-18,7608,1097,882,877,24117.36,6954.98,4780.44,6253.01,42105.79,2015,4,5,18,16,2,1,10464,0.5727801330885848,0.16517870820141362,0.11353402940545705,0.14850712930454457,3.17,6.34,5.42,7.13
2015-04-19,790,2677,966,1553,2504.3,16972.18,5235.72,11072.89,35785.09,2015,4,6,19,16,2,1,5986,0.06998165995949711,0.47428076889006016,0.14631009730588915,0.3094274738445537,3.1700000000000004,6.34,5.42,7.13
2015-04-20,1583,394,5509,428,5018.11,2497.96,29858.78,3051.64,40426.49,2015,4,0,20,17,2,0,7914,0.124129252873549,0.06179017767805219,0.7385944216279969,0.07548614782040192,3.17,6.34,5.42,7.13
2015-04-21,4836,1954,3311,1450,15330.12,12388.36,17945.62,10338.5,56002.600000000006,2015,4,1,21,17,2,0,11551,0.27373943352630054,0.22121044380082353,0.3204426223068214,0.18460750036605442,3.1700000000000004,6.34,5.42,7.13
2015-04-22,3366,1398,2228,254,10670.22,8863.32,12075.76,1811.02,33420.32,2015,4,2,22,17,2,0,7246,0.3192734240725403,0.26520751447023844,0.36132987356195273,0.054189187895268505,3.17,6.34,5.42,7.13
2015-04-23,5392,2172,3449,265,17092.64,13770.48,18693.58,1889.45,51446.15,2015,4,3,23,17,2,0,11278,0.3322433262741721,0.26766784297756,0.3633620786006339,0.03672675214763398,3.17,6.34,5.420000000000001,7.13
2015-04-24,3040,2183,504,255,9636.8,13840.22,2731.68,1818.15,28026.85,2015,4,4,24,17,2,0,5982,0.3438417089326842,0.4938200332895063,0.09746653655334081,0.06487172122446869,3.17,6.34,5.42,7.130000000000001
2015-04-25,556,2120,2819,1579,1762.52,13440.8,15278.98,11258.27,41740.57,2015,4,5,25,17,2,1,7074,0.04222558532382284,0.3220080607428217,0.36604627104996407,0.2697200828833914,3.17,6.34,5.42,7.13
2015-04-26,404,3206,1673,1631,1280.68,20326.04,9067.66,11629.03,42303.41,2015,4,6,26,17,2,1,6914,0.030273682428910577,0.48048230627270944,0.21434820502649785,0.2748958062718821,3.1700000000000004,6.34,5.42,7.130000000000001
2015-04-27,3749,1988,4147,1367,11884.33,12603.92,22476.74,9746.71,56711.7,2015,4,0,27,18,2,0,11251,0.2095569344597323,0.22224549784259687,0.39633338446916605,0.17186418322850486,3.17,6.34,5.420000000000001,7.129999999999999
2015-04-28,5153,1833,5625,1134,16335.01,11621.22,30487.5,8085.42,66529.15,2015,4,1,28,18,2,0,13745,0.24553162034987674,0.17467861831993947,0.4582577712175791,0.12153199011260479,3.17,6.34,5.42,7.13
2015-04-29,7309,997,4216,799,23169.53,6320.98,22850.72,5696.87,58038.1,2015,4,2,29,18,2,0,13321,0.399212413914308,0.10891087061774937,0.3937192981851577,0.09815741728278493,3.17,6.34,5.42,7.13
2015-04-30,5590,3064,5539,1706,17720.3,19425.76,30021.38,12163.78,79331.22,2015,4,3,30,18,2,0,15899,0.2233710763555634,0.24486904399049955,0.37843083719120924,0.1533290424627278,3.17,6.34,5.42,7.130000000000001
2015-05-01,7859,638,4796,1898,24913.03,4044.92,25994.32,13532.74,68485.01,2015,5,4,1,18,2,0,15191,0.3637734739324708,0.059062851856194525,0.3795621844838747,0.19760148972746008,3.17,6.34,5.42,7.13
2015-05-02,3226,3993,2292,1535,10226.42,25315.62,12422.64,10944.55,58909.23,2015,5,5,2,18,2,1,11046,0.17359622592249124,0.42973944830037664,0.21087765024258506,0.18578667553454695,3.17,6.34,5.42,7.13
2015-05-03,1111,3667,4582,787,3521.87,23248.78,24834.44,5611.31,57216.4,2015,5,6,3,18,2,1,10147,0.06155350563824358,0.40633070238602914,0.43404408526226745,0.09807170671345979,3.17,6.34,5.42,7.130000000000001
2015-05-04,5664,1678,1699,1921,17954.88,10638.52,9208.58,13696.73,51498.71000000001,2015,5,0,4,19,2,0,10962,0.34864717970605474,0.20657837837103102,0.17881185761740437,0.26596258430550973,3.1700000000000004,6.34,5.42,7.13
2015-05-05,1566,3435,1383,438,4964.22,21777.9,7495.86,3122.94,37360.920000000006,2015,5,1,5,19,2,0,6822,0.1328719956574945,0.5829058813326866,0.20063371030477833,0.08358841270504044,3.1700000000000004,6.340000000000001,5.42,7.13
2015-05-06,840,3865,3821,1623,2662.8,24504.1,20709.82,11571.99,59448.71,2015,5,2,6,19,2,0,10149,0.044791552247306965,0.41218892722819384,0.34836449773258327,0.19465502279191593,3.1700000000000004,6.34,5.42,7.13
2015-05-07,2613,3466,4814,1090,8283.21,21974.44,26091.88,7771.7,64121.23,2015,5,3,7,19,2,0,11983,0.12918046020015522,0.34270147344335095,0.40691483928177924,0.12120322707471456,3.1699999999999995,6.34,5.42,7.13
2015-05-08,6321,2508,3134,1069,20037.57,15900.72,16986.28,7621.97,60546.54,2015,5,4,8,19,2,0,13032,0.33094492269913356,0.2626197962757244,0.28054914450933116,0.12588613651581082,3.17,6.34,5.42,7.13
2015-05-09,1015,3254,3852,289,3217.55,20630.36,20877.84,2060.57,46786.32,2015,5,5,9,19,2,1,8410,0.06877117071827833,0.440948550772961,0.4462381311460273,0.04404214736273338,3.1700000000000004,6.34,5.42,7.130000000000001
2015-05-10,1607,2811,3203,728,5094.19,17821.74,17360.26,5190.64,45466.83,2015,5,6,10,19,2,1,8349,0.11204189955622593,0.3919723455538906,0.38182252864340877,0.11416322624647463,3.17,6.340000000000001,5.42,7.130000000000001
2015-05-11,264,3218,1480,1054,836.88,20402.12,8021.6,7515.02,36775.62,2015,5,0,11,20,2,0,6016,0.022756380449874127,0.5547729718764768,0.2181227672028371,0.2043478804708119,3.17,6.34,5.42,7.130000000000001
2015-05-12,4898,2697,1997,380,15526.66,17098.98,10823.74,2709.4,46158.78,2015,5,1,12,20,2,0,9972,0.3363750081782924,0.37043830014571444,0.23448929976052227,0.05869739191547091,3.17,6.34,5.42,7.13
2015-05-13,7448,2178,2094,1663,23610.16,13808.52,11349.48,11857.19,60625.350000000006,2015,5,2,13,20,2,0,13383,0.3894436898096258,0.22776808711207439,0.18720683674403527,0.19558138633426445,3.17,6.34,5.42,7.13
2015-05-14,2775,2005,2648,934,8796.75,12711.7,14352.16,6659.42,42520.03,2015,5,3,14,20,2,0,8362,0.20688484932865758,0.2989579264172674,0.33753880230093913,0.15661842195313597,3.17,6.340000000000001,5.42,7.13
2015-05-15,7658,2520,4831,754,24275.86,15976.8,26184.02,5376.02,71812.70000000001,2015,5,4,15,20,2,0,15763,0.33804410640457744,0.22247875375803997,0.36461545102746445,0.07486168880991802,3.17,6.34,5.42,7.130000000000001
2015-05-16,6743,3241,3984,634,21375.31,20547.94,21593.28,4520.42,68036.95,2015,5,5,16,20,2,1,14602,0.3141720785543738,0.30201148052639043,0.3173757788966143,0.06644066202262154,3.1700000000000004,6.34,5.42,7.13
2015-05-17,1177,966,5356,1483,3731.09,6124.44,29029.52,10573.79,49458.84,2015,5,6,17,20,2,1,8982,0.07543828363139937,0.12382902631764109,0.5869430014937674,0.21378968855719224,3.17,6.34,5.42,7.130000000000001
2015-05-18,371,516,946,1180,1176.07,3271.44,5127.32,8413.4,17988.23,2015,5,0,18,21,2,0,3013,0.06537997346042385,0.18186558655298493,0.28503749396132916,0.4677169460252621,3.17,6.34,5.42,7.13
2015-05-19,2088,2209,976,1058,6618.96,14005.06,5289.92,7543.54,33457.48,2015,5,1,19,21,2,0,6331,0.19783199451961114,0.41859279300174423,0.15810873980945367,0.22546647266919084,3.17,6.34,5.42,7.13
2015-05-20,458,3533,1960,1285,1451.86,22399.22,10623.2,9162.05,43636.33,2015,5,2,20,21,2,0,7236,0.03327181731369251,0.5133158540143041,0.24344852099156827,0.20996380768043507,3.17,6.340000000000001,5.42,7.129999999999999
2015-05-21,4480,1987,1615,305,14201.6,12597.58,8753.3,2174.65,37727.13,2015,5,3,21,21,2,0,8387,0.3764293758894462,0.3339130222733614,0.23201605847038986,0.057641543366802626,3.17,6.34,5.42,7.13
2015-05-22,7632,1301,5971,969,24193.44,8248.34,32362.82,6908.97,71713.56999999999,2015,5,4,22,21,2,0,15873,0.3373620920001612,0.11501784111431074,0.451278886269363,0.09634118061616513,3.17,6.34,5.42,7.13
2015-05-23,1259,1468,2138,1920,3991.03,9307.12,11587.96,13689.6,38575.71,2015,5,5,23,21,2,1,6785,0.10345966412543023,0.241268922853267,0.30039524871998463,0.35487616430131813,3.1700000000000004,6.340000000000001,5.42,7.13
2015-05-24,1091,1080,5440,1118,3458.47,6847.2,29484.8,7971.34,47761.81,2015,5,6,24,21,2,1,8729,0.07241078175219909,0.14336140108593037,0.6173300383716613,0.16689777879020917,3.17,6.34,5.42,7.13
2015-05-25,3149,1625,4475,1631,9982.33,10302.5,24254.5,11629.03,56168.36,2015,5,0,25,22,2,0,10880,0.17772158560442214,0.18342176983625658,0.43181784193093764,0.20703880262838367,3.17,6.34,5.42,7.130000000000001
2015-05-26,448,2329,4049,1466,1420.16,14765.86,21945.58,10452.58,48584.18000000001,2015,5,1,26,22,2,0,8292,0.029230914260567942,0.3039232112181372,0.4517021795983795,0.2151436949229152,3.1700000000000004,6.34,5.420000000000001,7.13
2015-05-27,975,2662,1619,393,3090.75,16877.08,8774.98,2802.09,31544.9,2015,5,2,27,22,2,0,5649,0.0979793881102809,0.5350177049221903,0.27817428490817847,0.08882862205935033,3.17,6.340000000000001,5.42,7.130000000000001
2015-05-28,1898,2195,3338,413,6016.66,13916.3,18091.96,2944.69,40969.61,2015,5,3,28,22,2,0,7844,0.14685665789837882,0.3396737240115295,0.44159463563358303,0.07187498245650861,3.17,6.34,5.42,7.13
2015-05-29,5730,409,2429,1403,18164.1,2593.06,13165.18,10003.39,43925.73,2015,5,4,29,22,2,0,9971,0.413518454901034,0.0590328265460813,0.29971454088526245,0.2277341776676221,3.17,6.34,5.42,7.13
2015-05-30,5251,1426,5071,1522,16645.67,9040.84,27484.82,10851.86,64023.19,2015,5,5,30,22,2,1,13270,0.25999438640904954,0.1412119577296914,0.4292947602267241,0.16949889563453494,3.1699999999999995,6.34,5.42,7.130000000000001
2015-05-31,4606,592,316,630,14601.02,3753.28,1712.72,4491.9,24558.92,2015,5,6,31,22,2,1,6144,0.5945302154980757,0.15282756733602293,0.06973922306029745,0.18290299410560398,3.17,6.340000000000001,5.42,7.129999999999999
2015-06-01,3253,1280,4288,1129,10312.01,8115.2,23240.96,8049.77,49717.94,2015,6,0,1,23,2,0,9950,0.20741024266089866,0.16322478364952367,0.4674562139943851,0.16190875969519253,3.17,6.34,5.42,7.130000000000001
2015-06-02,916,2902,4251,295,2903.72,18398.68,23040.42,2103.35,46446.17,2015,6,1,2,23,2,0,8364,0.06251796434453046,0.3961291103227672,0.49606716764805364,0.0452857576846487,3.17,6.34,5.42,7.13
2015-06-03,7425,798,1468,1935,23537.25,5059.32,7956.56,13796.55,50349.67999999999,2015,6,2,3,23,2,0,11626,0.4674756622087768,0.10048365749295726,0.1580260291624495,0.2740146511358166,3.17,6.34,5.42,7.13
2015-06-04,6958,3428,5713,1379,22056.86,21733.52,30964.46,9832.27,84587.11,2015,6,3,4,23,2,0,17478,0.260759115661949,0.25693654742430616,0.3660659407798659,0.11623839613387903,3.17,6.34,5.42,7.13
2015-06-05,7647,675,3831,1832,24240.99,4279.5,20764.02,13062.16,62346.67,2015,6,4,5,23,2,0,13985,0.38880969905850626,0.0686403941060525,0.3330413637167791,0.20950854311866215,3.1700000000000004,6.34,5.42,7.13
2015-06-06,1767,1185,4598,687,5601.39,7512.9,24921.16,4898.31,42933.76,2015,6,5,6,23,2,1,8237,0.13046586182994455,0.17498816781945023,0.5804560327350784,0.11408993761552681,3.1700000000000004,6.34,5.42,7.130000000000001
2015-06-07,4762,2380,323,711,15095.54,15089.2,1750.66,5069.43,37004.83,2015,6,6,7,23,2,1,8176,0.4079343156015039,0.407762986615531,0.047308959398002906,0.13699373838496218,3.1700000000000004,6.340000000000001,5.42,7.130000000000001
2015-06-08,4593,445,1396,1884,14559.81,2821.3,7566.32,13432.92,38380.35,2015,6,0,8,24,2,0,8318,0.37935584224740004,0.07350897008495233,0.19714046380504607,0.34999472386260155,3.17,6.340000000000001,5.42,7.13
2015-06-09,4957,3057,1214,1655,15713.69,19381.38,6579.88,11800.15,53475.1,2015,6,1,9,24,2,0,10883,0.2938505958848137,0.36243747089767014,0.12304567920396596,0.22066625401355022,3.17,6.340000000000001,5.42,7.13
2015-06-10,4042,2276,4319,1429,12813.14,14429.84,23408.98,10188.77,60840.73,2015,6,2,10,24,2,0,12066,0.21060135208765574,0.2371740115544307,0.3847583682838782,0.16746626807403528,3.17,6.34,5.42,7.13
2015-06-11,3327,3544,5912,1719,10546.59,22468.96,32043.04,12256.47,77315.06,2015,6,3,11,24,2,0,14502,0.13641055183815418,0.29061556700596236,0.4144475862787923,0.15852629487709122,3.17,6.34,5.42,7.13
2015-06-12,6263,2852,5552,1794,19853.71,18081.68,30091.84,12791.22,80818.45,2015,6,4,12,24,2,0,16461,0.2456581387047141,0.22373208097903388,0.3723387419580554,0.15827103835819667,3.17,6.34,5.42,7.13
2015-06-13,5179,3669,5357,1484,16417.43,23261.46,29034.94,10580.92,79294.75,2015,6,5,13,24,2,1,15689,0.2070430892335243,0.29335435195898846,0.36616472086739665,0.13343783794009062,3.17,6.34,5.42,7.13
2015-06-14,921,1620,5464,1326,2919.57,10270.8,29614.88,9454.38,52259.63,2015,6,6,14,24,2,1,9331,0.0558666412295686,0.19653411246884067,0.5666875176881275,0.1809117286134632,3.1700000000000004,6.34,5.42,7.129999999999999
2015-06-15,2853,1297,1458,254,9044.01,8222.98,7902.36,1811.02,26980.37,2015,6,0,15,25,2,0,5862,0.33520704126741036,0.30477639854457145,0.29289294401818805,0.06712361616983015,3.17,6.34,5.42,7.13
2015-06-16,2716,899,5444,804,8609.72,5699.66,29506.48,5732.52,49548.380000000005,2015,6,1,16,25,2,0,9863,0.17376390509639264,0.1150322169968019,0.5955084707108486,0.11569540719595675,3.17,6.34,5.42,7.130000000000001
2015-06-17,2007,2257,5825,1951,6362.19,14309.38,31571.5,13910.63,66153.7,2015,6,2,17,25,2,0,12040,0.09617285200978933,0.21630505927861934,0.4772446590288979,0.21027742968269347,3.17,6.34,5.42,7.13
2015-06-18,1706,3128,5815,1570,5408.02,19831.52,31517.3,11194.1,67950.94,2015,6,3,18,25,2,0,12219,0.07958712565271356,0.2918505615963517,0.46382434150285484,0.16473797124807987,3.1700000000000004,6.34,5.42,7.13
2015-06-19,2519,3487,2890,864,7985.23,22107.58,15663.8,6160.32,51916.93,2015,6,4,19,25,2,0,9760,0.15380782338246887,0.425826026307796,0.30170890304954473,0.11865724726019046,3.17,6.340000000000001,5.42,7.13
2015-06-20,892,910,3104,1501,2827.64,5769.4,16823.68,10702.13,36122.85,2015,6,5,20,25,2,1,6407,0.07827843041177537,0.15971607998815154,0.46573512333606015,0.29627036626401293,3.17,6.34,5.42,7.13
2015-06-21,6299,823,2355,799,19967.83,5217.82,12764.1,5696.87,43646.62,2015,6,6,21,25,2,1,10276,0.4574885752894497,0.11954694315390285,0.2924418889710131,0.13052259258563434,3.1700000000000004,6.34,5.42,7.13
2015-06-22,3723,3552,2491,1342,11801.91,22519.68,13501.22,9568.46,57391.27,2015,6,0,22,26,2,0,11108,0.20563946398119437,0.3923885984749946,0.2352486710957956,0.16672326644801552,3.17,6.34,5.42,7.129999999999999
2015-06-23,1653,1510,1891,1114,5240.01,9573.4,10249.22,7942.82,33005.45,2015,6,1,23,26,2,0,6168,0.15876196203960258,0.290055127259286,0.3105311395542251,0.24065177114688635,3.17,6.34,5.42,7.13
2015-06-24,2985,969,5426,1519,9462.45,6143.46,29408.92,10830.47,55845.3,2015,6,2,24,26,2,0,10899,0.1694404005350495,0.1100085414529065,0.5266140570468777,0.19393700096516625,3.1700000000000004,6.34,5.42,7.13
2015-06-25,7050,351,2397,1627,22348.5,2225.34,12991.74,11600.51,49166.09,2015,6,3,25,26,2,0,11425,0.4545510940568998,0.04526168340821896,0.2642418789047492,0.2359453436301321,3.17,6.340000000000001,5.42,7.13
2015-06-26,4253,3585,2885,1343,13482.01,22728.9,15636.7,9575.59,61423.2,2015,6,4,26,26,2,0,12066,0.2194937743393376,0.3700377056226312,0.25457319058596756,0.15589532945206372,3.17,6.340000000000001,5.42,7.13
2015-06-27,7648,1178,5921,798,24244.16,7468.52,32091.82,5689.74,69494.24,2015,6,5,27,26,2,1,15545,0.34886574772240114,0.10746962625967274,0.4617910779368189,0.08187354808110714,3.17,6.340000000000001,5.42,7.13
2015-06-28,7876,2156,5448,788,24966.92,13669.04,29528.16,5618.44,73782.56,2015,6,6,28,26,2,1,16268,0.338385114314277,0.18526112403798406,0.4002051433292637,0.07614861831847526,3.17,6.340000000000001,5.42,7.13
2015-06-29,4968,3414,930,667,15748.56,21644.76,5040.6,4755.71,47189.63,2015,6,0,29,27,2,0,9979,0.3337292536517027,0.45867619644400687,0.10681584068364174,0.1007787092206487,3.17,6.34,5.420000000000001,7.13
2015-06-30,4717,2830,5531,654,14952.89,17942.2,29978.02,4663.02,67536.13,2015,6,1,30,27,2,0,13732,0.2214057867988586,0.2656681690230103,0.4438812232800428,0.06904482089808818,3.17,6.34,5.42,7.130000000000001
2015-07-01,7979,3840,1385,1429,25293.43,24345.6,7506.7,10188.77,67334.5,2015,7,2,1,27,3,0,14633,0.3756384914122775,0.36156205214266085,0.11148371191588265,0.15131574452917895,3.17,6.34,5.42,7.13
2015-07-02,5977,3845,5990,1209,18947.09,24377.3,32465.8,8620.17,84410.36,2015,7,3,2,27,3,0,17021,0.22446403498338355,0.28879511946163955,0.38461866529179595,0.10212218026318097,3.17,6.34,5.42,7.13
2015-07-03,5169,2943,5855,781,16385.73,18658.62,31734.1,5568.53,72346.98,2015,7,4,3,27,3,0,14748,0.22648809943414364,0.2579046146777654,0.4386375215662077,0.07696976432188324,3.17,6.34,5.42,7.13
2015-07-04,6824,580,487,747,21632.08,3677.2,2639.54,5326.11,33274.93,2015,7,5,4,27,3,1,8638,0.650101442737821,0.1105096239120563,0.07932518565779101,0.16006374769233173,3.1700000000000004,6.34,5.42,7.13
2015-07-05,6419,806,4909,1310,20348.23,5110.04,26606.78,9340.3,61405.350000000006,2015,7,6,5,27,3,1,13444,0.33137552346823196,0.08321815607272004,0.433297424410088,0.15210889604895989,3.17,6.34,5.42,7.129999999999999
2015-07-06,1580,3519,4811,745,5008.6,22310.46,26075.62,5311.85,58706.52999999999,2015,7,0,6,28,3,0,10655,0.08531589245693795,0.3800337032353982,0.44416898767479535,0.09048141663286863,3.1700000000000004,6.34,5.42,7.130000000000001
2015-07-07,6769,1131,5541,1243,21457.73,7170.54,30032.22,8862.59,67523.08,2015,7,1,7,28,3,0,14684,0.31778363783168656,0.10619391177061235,0.44476969948645706,0.13125275091124397,3.17,6.34,5.42,7.13
2015-07-08,3006,3648,5718,1126,9529.02,23128.32,30991.56,8028.38,71677.28,2015,7,2,8,28,3,0,13498,0.1329433817801122,0.32267295857208866,0.4323763401736227,0.11200731947417648,3.17,6.34,5.42,7.13
2015-07-09,4380,3803,3903,1003,13884.6,24111.02,21154.26,7151.39,66301.27,2015,7,3,9,28,3,0,13089,0.20941680302654836,0.3636584940228143,0.3190626665220741,0.10786203642856314,3.17,6.34,5.42,7.13
2015-07-10,5834,2069,4415,967,18493.78,13117.46,23929.3,6894.71,62435.24999999999,2015,7,4,10,28,3,0,13285,0.2962073508154448,0.21009702051325174,0.3832658634345182,0.11042976523678533,3.17,6.34,5.42,7.13
2015-07-11,5495,2109,1173,1524,17419.15,13371.06,6357.66,10866.12,48013.99,2015,7,5,11,28,3,1,10301,0.362793219226313,0.27848258393022535,0.1324126572276122,0.2263115396158495,3.1700000000000004,6.34,5.42,7.130000000000001
2015-07-12,5257,3250,5376,1571,16664.69,20605.0,29137.92,11201.23,77608.84,2015,7,6,12,28,3,1,15454,0.21472669865958569,0.2654981056281733,0.37544588992697225,0.14432930578526879,3.17,6.34,5.42,7.13
2015-07-13,7771,1562,5644,751,24634.07,9903.08,30590.48,5354.63,70482.26000000001,2015,7,0,13,29,3,0,15728,0.3495073795874309,0.1405045751938147,0.4340167298835196,0.0759713153352347,3.17,6.34,5.42,7.13
2015-07-14,1367,1210,5626,849,4333.39,7671.4,30492.92,6053.37,48551.08,2015,7,1,14,29,3,0,9052,0.0892542452196738,0.15800678378318256,0.6280585313447198,0.12468043965242379,3.1700000000000004,6.34,5.42,7.13
2015-07-15,4759,359,3721,694,15086.03,2276.06,20167.82,4948.22,42478.130000000005,2015,7,2,15,29,3,0,9533,0.3551481668331445,0.053581925569699033,0.4747812580261889,0.11648864957096745,3.17,6.34,5.42,7.130000000000001
2015-07-16,1630,1594,4124,312,5167.1,10105.96,22352.08,2224.56,39849.7,2015,7,3,16,29,3,0,7660,0.12966471516724093,0.2536019091737203,0.5609096178892188,0.055823757769820105,3.1700000000000004,6.34,5.420000000000001,7.13
2015-07-17,7064,3113,1938,1224,22392.88,19736.42,10503.96,8727.12,61360.380000000005,2015,7,4,17,29,3,0,13339,0.36494037357656517,0.32164761691501903,0.17118472864737797,0.1422272808610377,3.17,6.34,5.42,7.130000000000001
2015-07-18,1706,575,3345,835,5408.02,3645.5,18129.9,5953.55,33136.97,2015,7,5,18,29,3,1,6461,0.16320200670127655,0.11001307602958267,0.5471200293810811,0.17966488788805976,3.1700000000000004,6.34,5.420000000000001,7.13
2015-07-19,6750,1269,1249,1242,21397.5,8045.46,6769.58,8855.46,45068.0,2015,7,6,19,29,3,1,10510,0.47478255081210613,0.17851823910535192,0.15020812993698412,0.1964910801455578,3.17,6.34,5.42,7.129999999999999
2015-07-20,3464,1301,2023,616,10980.88,8248.34,10964.66,4392.08,34585.96,2015,7,0,20,30,3,0,7404,0.3174953073443675,0.23848810326502431,0.31702633091578203,0.1269902584748262,3.17,6.34,5.42,7.13
2015-07-21,5923,2839,5832,357,18775.91,17999.26,31609.44,2545.41,70930.02,2015,7,1,21,30,3,0,14951,0.2647103440828016,0.25376081946684914,0.4456426207126404,0.035886215737708796,3.17,6.34,5.42,7.13
2015-07-22,7780,1678,3561,1111,24662.6,10638.52,19300.62,7921.43,62523.16999999999,2015,7,2,22,30,3,0,14130,0.39445536750615817,0.17015324079057415,0.30869548041150185,0.12669591129176594,3.17,6.34,5.42,7.13
2015-07-23,7274,1228,3495,791,23058.58,7785.52,18942.9,5639.83,55426.83,2015,7,3,23,30,3,0,12788,0.41601837954651205,0.14046482542840716,0.3417640878975038,0.10175270712757702,3.1700000000000004,6.340000000000001,5.420000000000001,7.13
2015-07-24,1925,401,5148,1255,6102.25,2542.34,27902.16,8948.15,45494.9,2015,7,4,24,30,3,0,8729,0.13413041901399936,0.055881868077520776,0.6133030295703474,0.19668468333813238,3.17,6.340000000000001,5.42,7.13
2015-07-25,4494,2004,1034,849,14245.98,12705.36,5604.28,6053.37,38608.99,2015,7,5,25,30,3,1,8381,0.3689809031523487,0.3290777614229225,0.14515479425905728,0.15678654116567153,3.17,6.34,5.42,7.13
2015-07-26,6700,1328,774,1170,21239.0,8419.52,4195.08,8342.1,42195.7,2015,7,6,26,30,3,1,9972,0.5033451275840903,0.19953502371094686,0.09941960910708912,0.19770023959787375,3.17,6.340000000000001,5.42,7.13
2015-07-27,3749,2345,4284,306,11884.33,14867.3,23219.28,2181.78,52152.69,2015,7,0,27,31,3,0,10684,0.22787568579875744,0.2850725437173039,0.44521730326853703,0.041834467215401544,3.17,6.34,5.42,7.130000000000001
2015-07-28,3625,3621,4092,807,11491.25,22957.14,22178.64,5753.91,62380.94,2015,7,1,28,31,3,0,12145,0.18421091442354026,0.36801529441524927,0.35553552094598123,0.09223827021522919,3.17,6.34,5.42,7.13
2015-07-29,7518,3959,1645,1968,23832.06,25100.06,8915.9,14031.84,71879.86,2015,7,2,29,31,3,0,15090,0.3315540681353581,0.3491946144580694,0.12403891715982751,0.19521240024674505,3.1700000000000004,6.340000000000001,5.42,7.13
2015-07-30,5869,575,5964,905,18604.73,3645.5,32324.88,6452.65,61027.76,2015,7,3,30,31,3,0,13313,0.30485683892051746,0.05973511071027349,0.5296750200236745,0.10573303034553455,3.17,6.34,5.42,7.13
2015-07-31,4069,776,3603,342,12898.73,4919.84,19528.26,2438.46,39785.29,2015,7,4,31,31,3,0,8790,0.3242085202847585,0.12365977475594624,0.4908412129206548,0.06129049203864041,3.17,6.34,5.42,7.13
2015-08-01,1159,2805,1403,1918,3674.03,17783.7,7604.26,13675.34,42737.33,2015,8,5,1,31,3,1,7285,0.08596770083671582,0.41611630862292986,0.1779301608219325,0.3199858297184218,3.1700000000000004,6.34,5.42,7.13
2015-08-02,4452,458,3336,616,14112.84,2903.72,18081.12,4392.08,39489.76,2015,8,6,2,31,3,1,8862,0.3573797359112843,0.07353096093772157,0.4578685714980288,0.11122073165296521,3.17,6.34,5.42,7.13
2015-08-03,4827,3307,351,1854,15301.59,20966.38,1902.42,13219.02,51389.41,2015,8,0,3,32,3,0,10339,0.2977576508467406,0.4079902843796027,0.037019689465203044,0.2572323753084536,3.17,6.340000000000001,5.42,7.13
2015-08-04,5258,3506,1197,570,16667.86,22228.04,6487.74,4064.1,49447.74,2015,8,1,4,32,3,0,10531,0.3370803195454434,0.44952590350944255,0.1312039741351172,0.08218980280999698,3.17,6.34,5.42,7.13
2015-08-05,3840,634,3649,1634,12172.8,4019.56,19777.58,11650.42,47620.36,2015,8,2,5,32,3,0,9757,0.2556217550644304,0.08440843370356713,0.4153177338432553,0.24465207738874717,3.17,6.34,5.420000000000001,7.13
2015-08-06,1886,1907,487,1897,5978.62,12090.38,2639.54,13525.61,34234.15,2015,8,3,6,32,3,0,6177,0.17463906654612427,0.35316723213516327,0.0771025423444134,0.39509115897429903,3.17,6.34,5.42,7.13
2015-08-07,2535,3603,814,1182,8035.95,22843.02,4411.88,8427.66,43718.51,2015,8,4,7,32,3,0,8134,0.1838111591634756,0.5225022536220928,0.10091560759961855,0.19277097961481302,3.17,6.34,5.42,7.13
2015-08-08,6675,2482,4520,494,21159.75,15735.88,24498.4,3522.22,64916.25,2015,8,5,8,32,3,1,14171,0.3259545953440009,0.24240278820788322,0.3773847072189167,0.05425790922919916,3.17,6.34,5.42,7.13
2015-08-09,2870,2318,5661,1950,9097.9,14696.12,30682.62,13903.5,68380.14,2015,8,6,9,32,3,1,12799,0.13304886477272493,0.21491795717294526,0.448706598143847,0.20332657991048278,3.17,6.340000000000001,5.42,7.13
2015-08-10,5640,1564,3036,1957,17878.8,9915.76,16455.12,13953.41,58203.09,2015,8,0,10,33,3,0,12197,0.3071795672703975,0.17036483801805025,0.28271901027935115,0.2397365844322011,3.17,6.34,5.42,7.13
2015-08-11,6674,2977,908,1677,21156.58,18874.18,4921.36,11957.01,56909.130000000005,2015,8,1,11,33,3,0,12236,0.3717607350525302,0.33165469231386946,0.0864775124834978,0.21010706015010244,3.1700000000000004,6.34,5.42,7.13
2015-08-12,6118,3427,3559,467,19394.06,21727.18,19289.78,3329.71,63740.73,2015,8,2,12,33,3,0,13571,0.30426479270005224,0.34086807603238933,0.3026287901001447,0.052238341167413674,3.1700000000000004,6.34,5.42,7.13
2015-08-13,2961,3239,1462,1133,9386.37,20535.26,7924.04,8078.29,45923.96,2015,8,3,13,33,3,0,8795,0.20438938628114825,0.4471578670480507,0.17254696676854522,0.1759057799022558,3.1700000000000004,6.34,5.42,7.13
2015-08-14,3693,2328,1055,1609,11706.81,14759.52,5718.1,11472.17,43656.6,2015,8,4,14,33,3,0,8685,0.26815670482813597,0.3380822143730845,0.13097905013216787,0.2627820306666117,3.17,6.34,5.42,7.13
2015-08-15,5838,1760,2626,1033,18506.46,11158.4,14232.92,7365.29,51263.07,2015,8,5,15,33,3,1,11257,0.36100959228544055,0.21766936705117348,0.2776447060232639,0.14367633464012203,3.17,6.34,5.42,7.13
2015-08-16,3809,429,286,1909,12074.53,2719.86,1550.12,13611.17,29955.68,2015,8,6,16,33,3,1,6433,0.40307981658236436,0.09079613615848481,0.05174711440367903,0.4543769328554718,3.1700000000000004,6.34,5.42,7.13
2015-08-17,5620,1267,4933,1921,17815.4,8032.78,26736.86,13696.73,66281.77,2015,8,0,17,34,3,0,13741,0.26878280408021693,0.1211913924447099,0.40338180468023105,0.20664399879484205,3.1700000000000004,6.34,5.42,7.13
2015-08-18,2970,1225,1259,492,9414.9,7766.5,6823.78,3507.96,27513.14,2015,8,1,18,34,3,0,5946,0.3421964922942274,0.28228330172419436,0.24801894658334162,0.12750125939823662,3.17,6.34,5.42,7.13
2015-08-19,7617,3752,1724,1864,24145.89,23787.68,9344.08,13290.32,70567.97,2015,8,2,19,34,3,0,14957,0.342165007722342,0.3370889087499612,0.13241248118657797,0.1883336023411188,3.17,6.34,5.42,7.13
2015-08-20,2626,2341,3384,793,8324.42,14841.94,18341.28,5654.09,47161.73,2015,8,3,20,34,3,0,9144,0.1765079440470059,0.3147030441843418,0.38890176420585076,0.11988724756280145,3.17,6.34,5.42,7.13
2015-08-21,4074,3533,2087,1460,12914.58,22399.22,11311.54,10409.8,57035.14,2015,8,4,21,34,3,0,11154,0.22643198561448258,0.3927266593892818,0.19832580405693756,0.1825155509392981,3.17,6.340000000000001,5.420000000000001,7.13
2015-08-22,6035,2320,4548,866,19130.95,14708.8,24650.16,6174.58,64664.490000000005,2015,8,5,22,34,3,1,13769,0.2958493912191993,0.22746332647176215,0.38120087237987954,0.09548640992915895,3.17,6.34,5.42,7.13
2015-08-23,2586,3691,1567,1480,8197.62,23400.94,8493.14,10552.4,50644.1,2015,8,6,23,34,3,1,9324,0.16186722638964857,0.46206645986403155,0.16770245694957556,0.20836385679674435,3.1700000000000004,6.34,5.42,7.13
2015-08-24,6273,1771,5823,474,19885.41,11228.14,31560.66,3379.62,66053.83,2015,8,0,24,35,3,0,14341,0.3010485538840064,0.16998469278768544,0.477802119877076,0.05116463345123212,3.17,6.34,5.42,7.13
2015-08-25,903,3093,2662,1217,2862.51,19609.62,14428.04,8677.21,45577.38,2015,8,1,25,35,3,0,7875,0.06280549693729653,0.43024895244088185,0.3165614170889156,0.190384133532906,3.1700000000000004,6.34,5.42,7.129999999999999
2015-08-26,5026,1410,1486,815,15932.42,8939.4,8054.12,5810.95,38736.89,2015,8,2,26,35,3,0,8737,0.4112983773348867,0.2307722690179826,0.20791860162238116,0.15001075202474953,3.17,6.34,5.42,7.13
2015-08-27,4915,1098,765,701,15580.55,6961.32,4146.3,4998.13,31686.3,2015,8,3,27,35,3,0,7479,0.4917125066669191,0.21969494702757975,0.13085465958474168,0.15773788672075945,3.17,6.34,5.42,7.13
2015-08-28,414,934,2030,1481,1312.38,5921.56,11002.6,10559.53,28796.07,2015,8,4,28,35,3,0,4859,0.04557496908432297,0.20563778321138962,0.3820868611584845,0.366700386545803,3.1700000000000004,6.340000000000001,5.42,7.130000000000001
2015-08-29,4511,2615,4484,705,14299.87,16579.1,24303.28,5026.65,60208.9,2015,8,5,29,35,3,1,12315,0.23750425601530673,0.27535962291289157,0.4036492943734232,0.08348682669837847,3.1700000000000004,6.34,5.42,7.13
2015-08-31,1797,3672,4081,1469,5696.49,23280.48,22119.02,10473.97,61569.96000000001,2015,8,0,31,36,3,0,11019,0.09252060582790697,0.37811426221488526,0.35925019278882103,0.17011493916838663,3.17,6.34,5.42,7.13
2015-09-01,4536,1125,5079,1540,14379.12,7132.5,27528.18,10980.2,60020.0,2015,9,1,1,36,3,0,12280,0.23957214261912696,0.11883538820393202,0.45865011662779076,0.18294235254915028,3.1700000000000004,6.34,5.42,7.130000000000001
2015-09-02,5022,1372,1058,723,15919.74,8698.48,5734.36,5154.99,35507.57,2015,9,2,2,36,3,0,8175,0.4483477748547704,0.24497536722451013,0.16149683011256472,0.1451800278081547,3.17,6.34,5.42,7.13
2015-09-03,1666,3853,4389,983,5281.22,24428.02,23788.38,7008.79,60506.41,2015,9,3,3,36,3,0,10891,0.08728364482374677,0.4037261506673425,0.3931547087325128,0.1158354957763979,3.1700000000000004,6.34,5.42,7.13
2015-09-04,7256,3513,4278,954,23001.52,22272.42,23186.76,6802.02,75262.72,2015,9,4,4,36,3,0,16001,0.3056163795302641,0.2959289805098726,0.3080776246194663,0.09037701534039695,3.17,6.34,5.42,7.130000000000001
2015-09-05,306,3751,5881,1208,970.02,23781.34,31875.02,8613.04,65239.420000000006,2015,9,5,5,36,3,1,11146,0.014868617777411263,0.3645240868174487,0.4885852755895132,0.1320220198156268,3.17,6.34,5.42,7.130000000000001
2015-09-06,1439,681,5356,1611,4561.63,4317.54,29029.52,11486.43,49395.12,2015,9,6,6,36,3,1,9087,0.09234981107445432,0.08740822980083862,0.5877001614734411,0.23254179765126595,3.17,6.34,5.42,7.13
2015-09-07,5689,3959,1361,838,18034.13,25100.06,7376.62,5974.94,56485.75000000001,2015,9,0,7,37,3,0,11847,0.319268665105801,0.4443609228876309,0.13059258308511437,0.10577782892145363,3.1700000000000004,6.340000000000001,5.42,7.13
2015-09-08,2634,2359,3935,1925,8349.78,14956.06,21327.7,13725.25,58358.79,2015,9,1,8,37,3,0,10853,0.14307664706550632,0.2562777603853678,0.3654582283148777,0.23518736423424816,3.1700000000000004,6.34,5.42,7.13
2015-09-09,3499,3503,3099,1245,11091.83,22209.02,16796.58,8876.85,58974.28,2015,9,2,9,37,3,0,11346,0.1880791083841973,0.37658823473554914,0.2848119553134011,0.15052070156685254,3.17,6.34,5.420000000000001,7.13
2015-09-10,1306,1050,3435,1686,4140.02,6657.0,18617.7,12021.18,41435.9,2015,9,3,10,37,3,0,7477,0.0999138428271137,0.1606577870880082,0.44931327665140613,0.2901150934334719,3.1700000000000004,6.34,5.42,7.13
2015-09-11,5166,2929,3678,1665,16376.22,18569.86,19934.76,11871.45,66752.29,2015,9,4,11,37,3,0,13438,0.2453282127100059,0.2781906058953184,0.2986378444844364,0.17784333691023937,3.17,6.34,5.42,7.130000000000001
2015-09-12,6721,1625,1759,1860,21305.57,10302.5,9533.78,13261.8,54403.65,2015,9,5,12,37,3,1,11965,0.391620231363153,0.18937148518527708,0.17524155088858928,0.2437667325629806,3.17,6.34,5.42,7.13
2015-09-13,1450,3584,5853,611,4596.5,22722.56,31723.26,4356.43,63398.75,2015,9,6,13,37,3,1,11498,0.07250142944458685,0.3584070663853783,0.5003767424436601,0.06871476172637474,3.17,6.340000000000001,5.42,7.130000000000001
2015-09-14,2494,1890,4604,1418,7905.98,11982.6,24953.68,10110.34,54952.600000000006,2015,9,0,14,38,3,0,10406,0.1438690798979484,0.21805337691028268,0.4540946197268191,0.18398292346494977,3.17,6.34,5.42,7.13
2015-09-15,832,1272,5848,1570,2637.44,8064.48,31696.16,11194.1,53592.18,2015,9,1,15,38,3,0,9522,0.049213150127499945,0.15047867058216327,0.591432556018434,0.20887562327190273,3.17,6.34,5.42,7.13
2015-09-16,5062,2706,2010,1740,16046.54,17156.04,10894.2,12406.2,56502.98,2015,9,2,16,38,3,0,11518,0.2839945786930176,0.30363071115895124,0.19280752979754343,0.21956718035048772,3.1700000000000004,6.340000000000001,5.42,7.130000000000001
2015-09-17,2367,2712,3342,659,7503.39,17194.08,18113.64,4698.67,47509.78,2015,9,3,17,38,3,0,9080,0.15793358756870693,0.3619061170142232,0.38126128978075674,0.0988990056363132,3.17,6.340000000000001,5.42,7.13
2015-09-18,4902,958,3871,1347,15539.34,6073.72,20980.82,9604.11,52197.990000000005,2015,9,4,18,38,3,0,11078,0.2976999689068487,0.11635926977264832,0.4019468948900139,0.18399386643048898,3.17,6.34,5.42,7.130000000000001
2015-09-19,3406,2333,593,1207,10797.02,14791.22,3214.06,8605.91,37408.21,2015,9,5,19,38,3,1,7539,0.2886270152995826,0.39540036799408473,0.08591857242033232,0.23005404428600032,3.17,6.34,5.42,7.13
2015-09-20,2788,669,4095,1340,8837.96,4241.46,22194.9,9554.2,44828.52,2015,9,6,20,38,3,1,8892,0.19715038551350791,0.09461521370770216,0.495106686546868,0.21312771423192203,3.1699999999999995,6.34,5.42,7.130000000000001
2015-09-21,872,1637,865,1916,2764.24,10378.58,4688.3,13661.08,31492.2,2015,9,0,21,39,3,0,5290,0.08777538565105009,0.3295603355751583,0.14887178412432284,0.43379249464946873,3.17,6.34,5.42,7.13
2015-09-22,2617,1329,4746,1011,8295.89,8425.86,25723.32,7208.43,49653.5,2015,9,1,22,39,3,0,9703,0.16707563414462223,0.16969317369369732,0.5180565317651323,0.14517466039654808,3.17,6.340000000000001,5.42,7.13
2015-09-23,596,1122,2668,1641,1889.32,7113.48,14460.56,11700.33,35163.69,2015,9,2,23,39,3,0,6027,0.053729287227819375,0.20229617540138703,0.4112355671432662,0.3327389702275273,3.17,6.34,5.42,7.13
2015-09-24,499,3970,4623,1058,1581.83,25169.8,25056.66,7543.54,59351.83,2015,9,3,24,39,3,0,10150,0.02665174772201632,0.424077909644909,0.42217164997271356,0.1270986926603611,3.17,6.34,5.42,7.13
2015-09-25,7061,511,3282,1106,22383.37,3239.74,17788.44,7885.78,51297.33,2015,9,4,25,39,3,0,11960,0.43634571234019387,0.06315611358329955,0.3467712647032506,0.15372690937325587,3.17,6.34,5.42,7.13
2015-09-26,4890,3685,5122,1933,15501.3,23362.9,27761.24,13782.29,80407.73000000001,2015,9,5,26,39,3,1,15630,0.19278370375584533,0.2905553980941882,0.3452558603507399,0.1714050377992265,3.17,6.340000000000001,5.42,7.130000000000001
2015-09-27,3580,3251,771,436,11348.6,20611.34,4178.82,3108.68,39247.44,2015,9,6,27,39,3,1,8038,0.2891551652795698,0.5251639342591516,0.10647369611877869,0.07920720434249978,3.17,6.34,5.42,7.13
2015-09-28,1550,940,5056,1764,4913.5,5959.6,27403.52,12577.32,50853.94,2015,9,0,28,40,3,0,9310,0.09661984892419348,0.11719052643708629,0.538867194950873,0.24732242968784718,3.17,6.340000000000001,5.42,7.13
2015-09-29,1464,2309,2241,823,4640.88,14639.06,12146.22,5867.99,37294.15,2015,9,1,29,40,3,0,6837,0.12443989204741226,0.39252965947742474,0.3256870045302011,0.15734344394496186,3.17,6.34,5.42,7.13
2015-09-30,5868,1809,5339,762,18601.56,11469.06,28937.38,5433.06,64441.06,2015,9,2,30,40,3,0,13778,0.2886600561815712,0.17797751930213437,0.44905189331150047,0.08431053120479397,3.1700000000000004,6.34,5.42,7.130000000000001
2015-10-01,7552,3005,5750,556,23939.84,19051.7,31165.0,3964.28,78120.82,2015,10,3,1,40,4,0,16863,0.306446348105409,0.24387480827774208,0.39893334452966567,0.050745499087183156,3.17,6.34,5.42,7.130000000000001
2015-10-02,6634,2078,2875,1298,21029.78,13174.52,15582.5,9254.74,59041.54,2015,10,4,2,40,4,0,12885,0.3561861699406892,0.22313984357454092,0.2639243488567541,0.1567496376280158,3.17,6.34,5.42,7.13
2015-10-03,2602,3945,1393,662,8248.34,25011.3,7550.06,4720.06,45529.76,2015,10,5,3,40,4,1,8602,0.1811637047944026,0.5493395967824122,0.16582692287418163,0.10366977554900356,3.17,6.34,5.42,7.130000000000001
2015-10-04,3876,977,2284,1254,12286.92,6194.18,12379.28,8941.02,39801.4,2015,10,6,4,40,4,1,8391,0.3087057239192591,0.15562718899335198,0.311026245307954,0.22464084177943489,3.17,6.34,5.42,7.130000000000001
2015-10-05,6411,290,3233,712,20322.87,1838.6,17522.86,5076.56,44760.89,2015,10,0,5,41,4,0,10646,0.45403185682858405,0.04107603758549037,0.39147702380359284,0.11341508178233276,3.17,6.34,5.42,7.130000000000001
2015-10-06,5263,3197,1042,1722,16683.71,20268.98,5647.64,12277.86,54878.19,2015,10,1,6,41,4,0,11224,0.3040134887830666,0.36934490733021624,0.10291228628349441,0.2237293176032227,3.17,6.34,5.42,7.130000000000001
2015-10-07,5540,2518,2228,959,17561.8,15964.12,12075.76,6837.67,52439.35,2015,10,2,7,41,4,0,11245,0.33489736238149403,0.3044301655150188,0.2302805050024457,0.1303919671010415,3.17,6.340000000000001,5.42,7.13
2015-10-08,6594,631,5466,1742,20902.98,4000.54,29625.72,12420.46,66949.70000000001,2015,10,3,8,41,4,0,14433,0.3122191734989103,0.059754412641132064,0.4425071359543059,0.1855192779056515,3.17,6.34,5.42,7.13
2015-10-09,7292,1777,334,1162,23115.64,11266.18,1810.28,8285.06,44477.16,2015,10,4,9,41,4,0,10565,0.5197193345978025,0.2533025939605856,0.040701339743814575,0.18627673169779724,3.17,6.34,5.42,7.13
2015-10-10,6160,262,5036,998,19527.2,1661.08,27295.12,7115.74,55599.13999999999,2015,10,5,10,41,4,1,12456,0.3512140655413016,0.029876001679162666,0.490927017935889,0.12798291484364688,3.17,6.34,5.42,7.13
2015-10-11,1615,963,5574,1474,5119.55,6105.42,30211.08,10509.62,51945.670000000006,2015,10,6,11,41,4,1,9626,0.09855585653241164,0.11753472426094416,0.5815899573535195,0.2023194618531246,3.17,6.34,5.42,7.130000000000001
2015-10-12,7178,3154,3049,316,22754.26,19996.36,16525.58,2253.08,61529.28,2015,10,0,12,42,4,0,13697,0.36981190093561955,0.3249893384092907,0.26858074724748937,0.03661801340760042,3.17,6.34,5.420000000000001,7.13
2015-10-13,2759,1498,841,1868,8746.03,9497.32,4558.22,13318.84,36120.41,2015,10,1,13,42,4,0,6966,0.24213540211752857,0.2629349999072546,0.12619513455135198,0.36873446342386473,3.1700000000000004,6.34,5.42,7.13
2015-10-14,4007,699,4070,1844,12702.19,4431.66,22059.4,13147.72,52340.97,2015,10,2,14,42,4,0,10620,0.2426815934057011,0.08466904606467934,0.42145569713362213,0.2511936633959974,3.17,6.34,5.42,7.13
2015-10-15,2081,530,644,1859,6596.77,3360.2,3490.48,13254.67,26702.120000000003,2015,10,3,15,42,4,0,5114,0.24705042146466272,0.12584019546013572,0.1307192088118846,0.4963901742633169,3.1700000000000004,6.34,5.42,7.13
2015-10-16,792,1864,3687,1490,2510.64,11817.76,19983.54,10623.7,44935.64,2015,10,4,16,42,4,0,7833,0.055871909246201897,0.26299302736090996,0.44471470752391645,0.23642035586897173,3.17,6.34,5.42,7.130000000000001
2015-10-17,7609,3285,1990,714,24120.53,20826.9,10785.8,5090.82,60824.05,2015,10,5,17,42,4,1,13598,0.3965623795192855,0.3424122530479309,0.17732788263852867,0.0836974847942549,3.17,6.340000000000001,5.42,7.13
2015-10-18,2589,695,3948,451,8207.13,4406.3,21398.16,3215.63,37227.22,2015,10,6,18,42,4,1,7683,0.22046045877183412,0.11836231660596735,0.5747987628407386,0.08637846178145991,3.1699999999999995,6.34,5.42,7.13
2015-10-19,7270,1375,1792,544,23045.9,8717.5,9712.64,3878.72,45354.76,2015,10,0,19,43,4,0,10981,0.5081252772586604,0.1922069480689568,0.21414819525006853,0.08551957942231421,3.1700000000000004,6.34,5.42,7.13
2015-10-20,4325,2626,2959,884,13710.25,16648.84,16037.78,6302.92,52699.79,2015,10,1,20,43,4,0,10794,0.26015758317063503,0.31591852643056073,0.3043234138124649,0.11960047658633934,3.17,6.34,5.42,7.13
2015-10-21,2926,600,4964,975,9275.42,3804.0,26904.88,6951.75,46936.05,2015,10,2,21,43,4,0,9465,0.1976182486596124,0.08104644510988887,0.5732242061272732,0.14811110010322556,3.17,6.34,5.42,7.13
2015-10-22,4636,1283,1834,1865,14696.12,8134.22,9940.28,13297.45,46068.07000000001,2015,10,3,22,43,4,0,9618,0.31900880588225206,0.17656958496416278,0.21577374524263768,0.2886478639109474,3.1700000000000004,6.34,5.42,7.130000000000001
2015-10-23,5068,3554,680,743,16065.56,22532.36,3685.6,5297.59,47581.11,2015,10,4,23,43,4,0,10045,0.3376457589997375,0.47355683799726406,0.07745931105852721,0.11133809194447124,3.17,6.34,5.42,7.13
2015-10-24,7186,1037,2898,1407,22779.62,6574.58,15707.16,10031.91,55093.27,2015,10,5,24,43,4,1,12528,0.41347373281709365,0.11933544696112611,0.28510124739373793,0.18208957282804233,3.17,6.34,5.42,7.13
2015-10-25,2419,445,3191,1876,7668.23,2821.3,17295.22,13375.88,41160.63,2015,10,6,25,43,4,1,7931,0.1863001125104256,0.06854365445815577,0.4201884179129426,0.32496781511847606,3.17,6.340000000000001,5.42,7.13
2015-10-26,1553,3738,1083,355,4923.01,23698.92,5869.86,2531.15,37022.94,2015,10,0,26,44,4,0,6729,0.13297188175763458,0.6401144803735197,0.1585465659939486,0.06836707187489702,3.17,6.34,5.42,7.13
2015-10-27,2623,545,572,279,8314.91,3455.3,3100.24,1989.27,16859.719999999998,2015,10,1,27,44,4,0,4019,0.4931819745523651,0.20494409159819976,0.18388442987190773,0.11798950397752751,3.17,6.340000000000001,5.42,7.13
2015-10-28,2058,633,4249,874,6523.86,4013.22,23029.58,6231.62,39798.280000000006,2015,10,2,28,44,4,0,7814,0.16392316451866762,0.10083903123451564,0.5786576706330022,0.15658013361381443,3.17,6.34,5.420000000000001,7.13
2015-10-29,773,3161,4623,1343,2450.41,20040.74,25056.66,9575.59,57123.4,2015,10,3,29,44,4,0,9900,0.04289678135405105,0.3508324084350722,0.4386409072289114,0.16762990298196537,3.17,6.340000000000001,5.42,7.13
2015-10-30,849,2620,3191,1636,2691.33,16610.8,17295.22,11664.68,48262.03,2015,10,4,30,44,4,0,8296,0.05576495642640809,0.34417947193684145,0.35836080662168585,0.24169476501506465,3.17,6.34,5.42,7.13
2015-11-01,6206,383,3436,1206,19673.02,2428.22,18623.12,8598.78,49323.14,2015,11,6,1,44,4,1,11231,0.3988598455005095,0.04923084783328879,0.3775736905639016,0.17433561610230008,3.17,6.34,5.42,7.130000000000001
2015-11-02,5870,1634,4739,554,18607.9,10359.56,25685.38,3950.02,58602.85999999999,2015,11,0,2,45,4,0,12797,0.3175254586550896,0.17677567272314015,0.43829567362412014,0.0674031949976503,3.1700000000000004,6.34,5.42,7.13
2015-11-03,2124,3304,2498,1419,6733.08,20947.36,13539.16,10117.47,51337.07000000001,2015,11,1,3,45,4,0,9345,0.13115434908926432,0.4080357527221557,0.2637306725919496,0.19707922559663024,3.17,6.34,5.42,7.13
2015-11-04,4146,754,2621,1039,13142.82,4780.36,14205.82,7408.07,39537.07,2015,11,2,4,45,4,0,8560,0.332417652597929,0.12090830200619317,0.35930381285209045,0.18737023254378737,3.17,6.34,5.42,7.13
2015-11-05,7166,1658,4531,1337,22716.22,10511.72,24558.02,9532.81,67318.77,2015,11,3,5,45,4,0,14692,0.3374425884489571,0.15614842636013698,0.36480197127784714,0.14160701391305872,3.1700000000000004,6.34,5.42,7.13
2015-11-06,344,2789,4872,440,1090.48,17682.26,26406.24,3137.2,48316.17999999999,2015,11,4,6,45,4,0,8445,0.022569665068720254,0.36596974346895805,0.5465299615987854,0.0649306298635364,3.17,6.34,5.42,7.13
2015-11-07,707,2646,2552,1143,2241.19,16775.64,13831.84,8149.59,40998.26,2015,11,5,7,45,4,1,7048,0.05466549068179966,0.4091793163905004,0.33737626913922686,0.19877892378847298,3.17,6.34,5.42,7.13
2015-11-08,6762,1066,5751,1237,21435.54,6758.44,31170.42,8819.81,68184.20999999999,2015,11,6,8,45,4,1,14816,0.3143768916586407,0.0991203095262085,0.4571501231736791,0.12935267564147185,3.17,6.34,5.42,7.13
2015-11-09,4550,864,1885,1017,14423.5,5477.76,10216.7,7251.21,37369.170000000006,2015,11,0,9,46,4,0,8316,0.3859732501417612,0.1465850057681238,0.27339916835187933,0.19404257573823552,3.17,6.34,5.420000000000001,7.13
2015-11-10,1021,375,5208,721,3236.57,2377.5,28227.36,5140.73,38982.16,2015,11,1,10,46,4,0,7325,0.08302695386812839,0.06098943721948706,0.7241096953067762,0.1318739136056083,3.1700000000000004,6.34,5.42,7.129999999999999
2015-11-11,7328,2035,922,812,23229.76,12901.9,4997.24,5789.56,46918.45999999999,2015,11,2,11,46,4,0,11097,0.495109174512548,0.27498558136818646,0.1065090371678866,0.12339620695137908,3.17,6.34,5.42,7.130000000000001
2015-11-12,921,1772,1651,531,2919.57,11234.48,8948.42,3786.03,26888.5,2015,11,3,12,46,4,0,4875,0.10858061996764416,0.4178172824813582,0.33279729252282575,0.14080480502817191,3.1700000000000004,6.34,5.42,7.130000000000001
2015-11-13,1958,615,4855,1285,6206.86,3899.1,26314.1,9162.05,45582.11,2015,11,4,13,46,4,0,8713,0.13616877323142784,0.08554013844466611,0.5772900815692823,0.20100100675462368,3.17,6.34,5.42,7.129999999999999
2015-11-14,2001,2313,1502,1508,6343.17,14664.42,8140.84,10752.04,39900.47,2015,11,5,14,46,4,1,7324,0.15897481909360967,0.3675249940664859,0.20402867434894878,0.26947151249095563,3.17,6.34,5.42,7.130000000000001
2015-11-15,5547,3887,484,742,17583.99,24643.58,2623.28,5290.46,50141.310000000005,2015,11,6,15,46,4,1,10660,0.35068868364229017,0.4914825719551404,0.05231773960433024,0.1055110047982392,3.1700000000000004,6.340000000000001,5.420000000000001,7.13
2015-11-16,6247,904,3235,339,19802.99,5731.36,17533.7,2417.07,45485.12,2015,11,0,16,47,4,0,10725,0.43537293075185907,0.12600516388656333,0.385482109313991,0.05313979604758655,3.1700000000000004,6.34,5.42,7.130000000000001
2015-11-17,7034,2267,4994,662,22297.78,14372.78,27067.48,4720.06,68458.09999999999,2015,11,1,17,47,4,0,14957,0.3257142690200283,0.20995002782724034,0.39538754362157297,0.06894815953115849,3.17,6.34,5.42,7.130000000000001
2015-11-18,997,2674,1402,1538,3160.49,16953.16,7598.84,10965.94,38678.43,2015,11,2,18,47,4,0,6611,0.08171195159679438,0.43831044848511175,0.19646195566883143,0.28351564424926246,3.17,6.34,5.42,7.13
2015-11-19,6714,3655,544,627,21283.38,23172.7,2948.48,4470.51,51875.07000000001,2015,11,3,19,47,4,0,11540,0.4102814704635579,0.4467020478237427,0.05683809197751443,0.08617838973518493,3.1700000000000004,6.34,5.42,7.130000000000001
2015-11-20,5245,1122,5928,742,16626.65,7113.48,32129.76,5290.46,61160.35,2015,11,4,20,47,4,0,13037,0.271853414834938,0.11630868691889434,0.5253364312009333,0.08650146704523437,3.1700000000000004,6.34,5.42,7.13
2015-11-21,7549,725,1934,1091,23930.33,4596.5,10482.28,7778.83,46787.94,2015,11,5,21,47,4,1,11299,0.5114636378519763,0.09824112794878338,0.22403807476884,0.16625715943040023,3.1700000000000004,6.34,5.42,7.13
2015-11-22,4832,631,2539,1235,15317.44,4000.54,13761.38,8805.55,41884.91,2015,11,6,22,47,4,1,9237,0.3657030658535496,0.09551267986489644,0.32855221606062895,0.21023203822092487,3.17,6.34,5.42,7.129999999999999
2015-11-23,4204,2991,3147,1775,13326.68,18962.94,17056.74,12655.75,62002.11,2015,11,0,23,48,4,0,12117,0.21493913674873324,0.3058434624241014,0.2750993474254344,0.204118053401731,3.17,6.34,5.420000000000001,7.13
2015-11-24,2389,2664,2911,1836,7573.13,16889.76,15777.62,13090.68,53331.19,2015,11,1,24,48,4,0,9800,0.1420018942011232,0.3166957272095372,0.29584226416099096,0.24546011442834859,3.17,6.339999999999999,5.42,7.13
2015-11-25,4402,3945,5643,1437,13954.34,25011.3,30585.06,10245.81,79796.51,2015,11,2,25,48,4,0,15427,0.17487406404114667,0.3134385200555764,0.3832881914259158,0.12839922447736124,3.17,6.34,5.42,7.13
2015-11-26,2052,953,5143,336,6504.84,6042.02,27875.06,2395.68,42817.6,2015,11,3,26,48,4,0,8484,0.15191977130899445,0.14111066477336423,0.6510187399574008,0.05595082396024065,3.17,6.340000000000001,5.42,7.13
2015-11-27,2453,548,2573,1684,7776.01,3474.32,13945.66,12006.92,37202.91,2015,11,4,27,48,4,0,7258,0.20901617642275833,0.09338839354233311,0.3748540100760935,0.322741419958815,3.17,6.34,5.42,7.13
2015-11-28,6555,1155,397,1927,20779.35,7322.7,2151.74,13739.51,43993.3,2015,11,5,28,48,4,1,10034,0.4723298775040744,0.16645034584811777,0.04891062957313954,0.31230914707466817,3.17,6.34,5.419999999999999,7.13
2015-11-29,1305,1019,4401,1121,4136.85,6460.46,23853.42,7992.73,42443.45999999999,2015,11,6,29,48,4,1,7846,0.09746731298532214,0.15221332096864867,0.5620046056565606,0.18831476038946873,3.1700000000000004,6.34,5.42,7.13
2015-11-30,875,1682,1124,977,2773.75,10663.88,6092.08,6966.01,26495.72,2015,11,0,30,49,4,0,4658,0.10468671921351826,0.40247556963917186,0.22992694669176755,0.26291076445554223,3.17,6.34,5.42,7.13
2015-12-01,7640,3757,4803,1032,24218.8,23819.38,26032.26,7358.16,81428.6,2015,12,1,1,49,4,0,17232,0.2974237552899104,0.29251859911628103,0.3196943088791898,0.09036333671461869,3.17,6.34,5.42,7.13
2015-12-02,6052,2203,3194,341,19184.84,13967.02,17311.48,2431.33,52894.67,2015,12,2,2,49,4,0,11790,0.3626989259976478,0.2640534481073424,0.3272821250231829,0.04596550087182697,3.17,6.34,5.42,7.13
2015-12-03,2383,1178,879,1274,7554.11,7468.52,4764.18,9083.62,28870.43,2015,12,3,3,49,4,0,5714,0.2616556109486419,0.25869098589802786,0.16501936410368673,0.31463403904964354,3.17,6.340000000000001,5.42,7.130000000000001
2015-12-04,5721,3973,5058,1711,18135.57,25188.82,27414.36,12199.43,82938.18,2015,12,4,4,49,4,0,16463,0.21866370831865373,0.30370596509351905,0.3305396863061138,0.14709064028171345,3.17,6.34,5.42,7.13
2015-12-05,2914,3467,1462,1198,9237.38,21980.78,7924.04,8541.74,47683.94,2015,12,5,5,49,4,1,9041,0.19372098865991355,0.4609682001948664,0.16617838207161573,0.17913242907360422,3.17,6.34,5.42,7.13
2015-12-06,5204,639,387,1426,16496.68,4051.26,2097.54,10167.38,32812.86,2015,12,6,6,49,4,1,7656,0.5027504460141542,0.1234656168343753,0.06392432723023839,0.30985960992123207,3.17,6.340000000000001,5.42,7.129999999999999
2015-12-07,1744,2353,4851,1345,5528.48,14918.02,26292.42,9589.85,56328.77,2015,12,0,7,50,4,0,10293,0.09814664868414488,0.26483837655251485,0.46676716001432306,0.17024781474901726,3.17,6.34,5.42,7.13
2015-12-08,4708,3200,2041,269,14924.36,20288.0,11062.22,1917.97,48192.55,2015,12,1,8,50,4,0,10218,0.3096818906656734,0.42097793123625954,0.22954211802446642,0.03979806007360059,3.17,6.34,5.42,7.13
2015-12-09,7873,3280,3499,1288,24957.41,20795.2,18964.58,9183.44,73900.63,2015,12,2,9,50,4,0,15940,0.3377157948450507,0.2813940828379947,0.2566227107942111,0.12426741152274344,3.17,6.34,5.420000000000001,7.130000000000001
2015-12-10,1130,2377,1858,1533,3582.1,15070.18,10070.36,10930.29,39652.93,2015,12,3,10,50,4,0,6898,0.09033632571414016,0.3800521172079844,0.2539625697268777,0.2756489873509978,3.17,6.34,5.42,7.130000000000001
2015-12-11,5342,1124,2533,616,16934.14,7126.16,13728.86,4392.08,42181.240000000005,2015,12,4,11,50,4,0,9615,0.4014614079624022,0.16894145359406218,0.32547312501955844,0.10412401342397709,3.17,6.34,5.42,7.13
2015-12-12,4029,2712,1911,633,12771.93,17194.08,10357.62,4513.29,44836.920000000006,2015,12,5,12,50,4,1,9285,0.28485297384387687,0.3834803996349437,0.231006500892568,0.1006601256286114,3.17,6.340000000000001,5.420000000000001,7.13
2015-12-13,5150,3061,1919,845,16325.5,19406.74,10400.98,6024.85,52158.07,2015,12,6,13,50,4,1,10975,0.3130004618652492,0.3720755004930206,0.19941266998568005,0.11551136765605016,3.17,6.340000000000001,5.42,7.130000000000001
2015-12-14,1676,3198,5013,340,5312.92,20275.32,27170.46,2424.2,55182.9,2015,12,0,14,51,4,0,10227,0.09627837609114417,0.36742034217121605,0.4923710062356273,0.043930275502012395,3.17,6.34,5.42,7.13
2015-12-15,5810,2408,5712,1945,18417.7,15266.72,30959.04,13867.85,78511.31,2015,12,1,15,51,4,0,15875,0.23458658376735786,0.19445249353246047,0.3943258620955376,0.1766350606046441,3.17,6.34,5.42,7.13
2015-12-16,7711,2321,4053,1087,24443.87,14715.14,21967.26,7750.31,68876.57999999999,2015,12,2,16,51,4,0,15172,0.35489378247293935,0.2136450445129535,0.31893656740796367,0.11252460560614365,3.17,6.34,5.42,7.130000000000001
2015-12-17,3297,2375,4942,1230,10451.49,15057.5,26785.64,8769.9,61064.53,2015,12,3,17,51,4,0,11844,0.17115484226276695,0.24658340938675857,0.4386448237626655,0.143616924587809,3.17,6.34,5.42,7.13
2015-12-18,7652,2273,4485,667,24256.84,14410.82,24308.7,4755.71,67732.07,2015,12,4,18,51,4,0,15077,0.35812931747102955,0.21276213764026403,0.35889498135816605,0.07021356353054026,3.17,6.34,5.42,7.13
2015-12-19,3150,602,533,1396,9985.5,3816.68,2888.86,9953.48,26644.52,2015,12,5,19,51,4,1,5681,0.3747674944041026,0.14324446452779033,0.10842229471576144,0.3735657463523456,3.17,6.34,5.42,7.13
2015-12-20,5263,3130,2815,744,16683.71,19844.2,15257.3,5304.72,57089.93000000001,2015,12,6,20,51,4,1,11952,0.29223560091946155,0.34759545159715555,0.26725028389419986,0.09291866358918288,3.17,6.34,5.42,7.130000000000001
2015-12-21,4549,3393,1757,1351,14420.33,21511.62,9522.94,9632.63,55087.52,2015,12,0,21,52,4,0,11050,0.2617712687011505,0.3904989732701708,0.17286928146338773,0.174860476565291,3.17,6.34,5.42,7.129999999999999
2015-12-22,1836,2740,2433,1353,5820.12,17371.6,13186.86,9646.89,46025.47,2015,12,1,22,52,4,0,8362,0.12645433061302797,0.3774344944223274,0.2865122289897311,0.20959894597491344,3.17,6.34,5.42,7.13
2015-12-23,5162,1944,3293,1446,16363.54,12324.96,17848.06,10309.98,56846.53999999999,2015,12,2,23,52,4,0,11845,0.2878546346004524,0.21681108472037172,0.31396915273999093,0.18136512793918505,3.1700000000000004,6.34,5.420000000000001,7.13
2015-12-24,7021,3487,717,669,22256.57,22107.58,3886.14,4769.97,53020.26,2015,12,3,24,52,4,0,11894,0.4197748181544187,0.41696476026334084,0.073295378030964,0.08996504355127644,3.17,6.340000000000001,5.42,7.130000000000001
2015-12-25,727,3163,783,1967,2304.59,20053.42,4243.86,14024.71,40626.58,2015,12,4,25,52,4,0,6640,0.05672616301938288,0.4936034487766383,0.10446018345624956,0.3452102047477292,3.1700000000000004,6.34,5.42,7.13
2015-12-26,6685,3320,4771,526,21191.45,21048.8,25858.82,3750.38,71849.45000000001,2015,12,5,26,52,4,1,15302,0.2949424108326507,0.29295700941343317,0.3599028245866878,0.05219775516722813,3.17,6.34,5.42,7.13
2015-12-27,4019,2065,4935,480,12740.23,13092.1,26747.7,3422.4,56002.43,2015,12,6,27,52,4,1,11499,0.22749423551799447,0.23377735573259947,0.4776167748435202,0.06111163390588587,3.17,6.34,5.42,7.13
2015-12-28,5670,3070,656,1287,17973.9,19463.8,3555.52,9176.31,50169.52999999999,2015,12,0,28,53,4,0,10683,0.35826327254809853,0.3879605808545546,0.07087010781245111,0.18290603878489595,3.1700000000000004,6.34,5.42,7.13
2015-12-29,4980,3443,962,1532,15786.6,21828.62,5214.04,10923.16,53752.42,2015,12,1,29,53,4,0,10917,0.2936909631231487,0.4060955767200807,0.09700102804673724,0.20321243211003337,3.17,6.34,5.42,7.13
2015-12-30,6471,1273,504,1617,20513.07,8070.82,2731.68,11529.21,42844.78,2015,12,2,30,53,4,0,9865,0.47877641103537,0.18837347280112068,0.06375759194002163,0.2690925242234877,3.17,6.34,5.42,7.13
2016-01-01,4853,2422,2280,367,15384.01,15355.48,12357.6,2616.71,45713.8,2016,1,4,1,53,1,0,9922,0.33652879436844013,0.3359046939873736,0.2703253722070797,0.057241139437106514,3.17,6.34,5.42,7.13
2016-01-02,7166,445,1363,942,22716.22,2821.3,7387.46,6716.46,39641.44,2016,1,5,2,53,1,1,9916,0.5730422507355939,0.07117047211201208,0.18635700418551898,0.16943027296687507,3.1700000000000004,6.340000000000001,5.42,7.13
2016-01-03,1707,574,2223,1799,5411.19,3639.16,12048.66,12826.87,33925.88,2016,1,6,3,53,1,1,6303,0.15950035783891237,0.1072679618037911,0.35514657246915926,0.3780851078881374,3.17,6.34,5.42,7.130000000000001
2016-01-04,5791,2793,5063,1307,18357.47,17707.62,27441.46,9318.91,72825.45999999999,2016,1,0,4,1,1,0,14954,0.25207489248952225,0.24315150223561927,0.37681135141473876,0.1279622538601198,3.1700000000000004,6.34,5.42,7.13
2016-01-05,1065,2039,2938,529,3376.05,12927.26,15923.96,3771.77,35999.04,2016,1,1,5,1,1,0,6571,0.09378166751113363,0.3591001315590638,0.44234401806270385,0.10477418286709868,3.1700000000000004,6.34,5.42,7.13
2016-01-06,3362,1085,1930,1250,10657.54,6878.9,10460.6,8912.5,36909.54,2016,1,2,6,1,1,0,7627,0.2887475704113354,0.1863718702535984,0.2834118225261003,0.2414687368089659,3.1700000000000004,6.34,5.42,7.13
2016-01-07,7962,2007,2042,1826,25239.54,12724.38,11067.64,13019.38,62050.94,2016,1,3,7,1,1,0,13837,0.40675515955116875,0.20506345270514836,0.17836377660032224,0.2098176111433606,3.17,6.34,5.42,7.13
2016-01-08,3137,3001,3993,1088,9944.29,19026.34,21642.06,7757.44,58370.130000000005,2016,1,4,8,1,1,0,11219,0.17036607593644215,0.32596021286915067,0.3707728593374728,0.13290085185693434,3.1700000000000004,6.34,5.42,7.13
2016-01-09,5765,2428,778,531,18275.05,15393.52,4216.76,3786.03,41671.36,2016,1,5,9,1,1,1,9502,0.43855180152507617,0.36940287046067133,0.1011908418635725,0.09085448615068,3.17,6.34,5.42,7.130000000000001
2016-01-10,5821,2992,2611,551,18452.57,18969.28,14151.62,3928.63,55502.1,2016,1,6,10,1,1,1,11975,0.33246615893813025,0.34177589676787,0.2549744964604943,0.0707834478335054,3.17,6.34,5.42,7.13
2016-01-11,5534,2355,3725,1332,17542.78,14930.7,20189.5,9497.16,62160.14,2016,1,0,11,2,1,0,12946,0.28221911984110715,0.24019733546288669,0.32479817452148596,0.1527853701745202,3.17,6.340000000000001,5.42,7.13
2016-01-12,7637,2791,1424,1381,24209.29,17694.94,7718.08,9846.53,59468.84,2016,1,1,12,2,1,0,13233,0.4070920165922188,0.2975497756472129,0.1297835975949758,0.16557461016559263,3.17,6.34,5.42,7.130000000000001
2016-01-13,7888,1104,4945,1625,25004.96,6999.36,26801.9,11586.25,70392.47,2016,1,2,13,2,1,0,15562,0.35522208554409296,0.09943336268779884,0.3807495318746451,0.16459501989346303,3.17,6.34,5.42,7.13
2016-01-14,3921,1540,3786,909,12429.57,9763.6,20520.12,6481.17,49194.45999999999,2016,1,3,14,2,1,0,10156,0.25266198673590484,0.19846950246023642,0.41712257843667766,0.1317459323671812,3.17,6.34,5.42,7.13
2016-01-15,7985,1118,5727,386,25312.45,7088.12,31040.34,2752.18,66193.09,2016,1,4,15,2,1,0,15216,0.38240320855243354,0.10708247643371839,0.46893625905664776,0.04157805595720036,3.17,6.34,5.42,7.13
2016-01-16,4465,1313,3728,1227,14154.05,8324.42,20205.76,8748.51,51432.74,2016,1,5,16,2,1,1,10733,0.27519533277830427,0.1618506033316522,0.39285793445964573,0.17009612943039784,3.17,6.34,5.42,7.13
2016-01-17,5160,3413,1279,744,16357.2,21638.42,6932.18,5304.72,50232.52,2016,1,6,17,2,1,1,10596,0.325629691681803,0.4307651696550362,0.13800183626065346,0.10560330240250738,3.17,6.34,5.42,7.130000000000001
2016-01-18,7149,1578,559,1606,22662.33,10004.52,3029.78,11450.78,47147.41,2016,1,0,18,3,1,0,10892,0.4806696698715794,0.2121965978618974,0.06426185446878206,0.24287187779774116,3.1700000000000004,6.34,5.42,7.130000000000001
2016-01-19,793,3191,4102,1380,2513.81,20230.94,22232.84,9839.4,54816.99,2016,1,1,19,3,1,0,9466,0.04585822753128182,0.3690633141294332,0.4055830135875757,0.17949544475170928,3.17,6.34,5.42,7.13
2016-01-20,7008,3777,1942,1751,22215.36,23946.18,10525.64,12484.63,69171.81,2016,1,2,20,3,1,0,14478,0.3211620456367992,0.3461840885759676,0.15216661238154675,0.1804872534056865,3.17,6.34,5.42,7.13
2016-01-21,5928,3280,3031,1262,18791.76,20795.2,16428.02,8998.06,65013.03999999999,2016,1,3,21,3,1,0,13501,0.2890460129229459,0.3198619846110873,0.2526880761151917,0.13840392635077517,3.17,6.34,5.42,7.13
2016-01-22,6052,575,864,1553,19184.84,3645.5,4682.88,11072.89,38586.11,2016,1,4,22,3,1,0,9044,0.49719549340423275,0.09447700221660074,0.1213618061006927,0.28696569827847374,3.17,6.34,5.42,7.13
2016-01-23,7898,3591,5526,1058,25036.66,22766.94,29950.92,7543.54,85298.05999999998,2016,1,5,23,3,1,1,18073,0.2935196884899845,0.26691040804445026,0.3511324876556396,0.08843741580992583,3.17,6.34,5.42,7.13
2016-01-24,6054,2211,407,1465,19191.18,14017.74,2205.94,10445.45,45860.31,2016,1,6,24,3,1,1,10137,0.41847035050569875,0.30566169308493557,0.048101288456183576,0.2277666679531822,3.17,6.34,5.42,7.130000000000001
2016-01-25,5519,1513,3572,627,17495.23,9592.42,19360.24,4470.51,50918.4,2016,1,0,25,4,1,0,11231,0.3435934750502765,0.1883880876068376,0.38022090246354956,0.08779753487933635,3.17,6.34,5.420000000000001,7.130000000000001
2016-01-26,407,1712,2194,595,1290.19,10854.08,11891.48,4242.35,28278.1,2016,1,1,26,4,1,0,4908,0.04562505967515498,0.3838334258666601,0.4205190589183856,0.15002245553979937,3.17,6.34,5.42,7.130000000000001
2016-01-27,948,1013,4093,902,3005.16,6422.42,22184.06,6431.26,38042.9,2016,1,2,27,4,1,0,6956,0.07899397785132048,0.168820463213898,0.5831327264745853,0.16905283246019626,3.17,6.34,5.42,7.13
2016-01-28,758,974,3216,1383,2402.86,6175.16,17430.72,9860.79,35869.53,2016,1,3,28,4,1,0,6331,0.06698889001333444,0.17215614478360883,0.4859478225669531,0.2749071426361037,3.1700000000000004,6.34,5.42,7.130000000000001
2016-01-29,7473,1680,3538,1713,23689.41,10651.2,19175.96,12213.69,65730.26,2016,1,4,29,4,1,0,14404,0.3604034123704973,0.16204408745682736,0.29173716945589445,0.185815330716781,3.17,6.340000000000001,5.42,7.13
2016-01-30,1300,2530,4030,785,4121.0,16040.2,21842.6,5597.05,47600.850000000006,2016,1,5,30,4,1,1,8645,0.08657408428631,0.33697297422209893,0.4588699571541264,0.11758298433746456,3.17,6.34,5.42,7.13
2016-01-31,5839,1562,5248,1609,18509.63,9903.08,28444.16,11472.17,68329.04,2016,1,6,31,4,1,1,14258,0.2708896539450869,0.14493222793705285,0.41628215470318336,0.167895963414677,3.1700000000000004,6.34,5.42,7.13
2016-02-01,467,1625,1880,1587,1480.39,10302.5,10189.6,11315.31,33287.8,2016,2,0,1,5,1,0,5559,0.04447244936583373,0.3094977739592283,0.3061061409885904,0.3399236356863475,3.1700000000000004,6.34,5.42,7.13
2016-02-02,1060,3144,5817,680,3360.2,19932.96,31528.14,4848.4,59669.7,2016,2,1,2,5,1,0,10701,0.056313338260457146,0.33405497262429673,0.5283777193449942,0.0812539697702519,3.17,6.34,5.42,7.13
2016-02-03,2058,1883,5081,1672,6523.86,11938.22,27539.02,11921.36,57922.46,2016,2,2,3,5,1,0,10694,0.11263092071711042,0.20610692294491634,0.47544631219046984,0.20581584414750342,3.17,6.34,5.42,7.130000000000001
2016-02-04,7719,2457,553,855,24469.23,15577.38,2997.26,6096.15,49140.02,2016,2,3,4,5,1,0,11584,0.4979491257838316,0.31699987098092347,0.06099427716960637,0.12405672606563856,3.17,6.34,5.420000000000001,7.13
2016-02-05,4136,2683,3789,1293,13111.12,17010.22,20536.38,9219.09,59876.81,2016,2,4,5,5,1,0,11901,0.2189682449682941,0.284086944511573,0.34297718933256466,0.1539676211875683,3.1700000000000004,6.340000000000001,5.42,7.13
2016-02-06,6580,1492,591,878,20858.6,9459.28,3203.22,6260.14,39781.24,2016,2,5,6,5,1,1,9541,0.5243325748518648,0.23778243212127126,0.08052086863054042,0.1573641243963235,3.17,6.340000000000001,5.42,7.130000000000001
2016-02-07,4866,1487,5001,1968,15425.22,9427.58,27105.42,14031.84,65990.06,2016,2,6,7,5,1,1,13322,0.2337506588113422,0.14286363734174512,0.4107500432640916,0.21263566058282113,3.17,6.34,5.42,7.13
2016-02-08,1763,2608,738,1202,5588.71,16534.72,3999.96,8570.26,34693.65,2016,2,0,8,6,1,0,6311,0.16108740360267657,0.47659211411886615,0.11529372089705177,0.24702676138140553,3.17,6.340000000000001,5.42,7.13
2016-02-09,4891,1996,2984,459,15504.47,12654.64,16173.28,3272.67,47605.06,2016,2,1,9,6,1,0,10330,0.3256895380449053,0.2658255235892991,0.339738674838347,0.06874626352744856,3.17,6.34,5.42,7.13
2016-02-10,6217,2134,2358,1262,19707.89,13529.56,12780.36,8998.06,55015.87,2016,2,2,10,6,1,0,11971,0.35822190942358995,0.2459210406015573,0.23230315179965344,0.16355389817519925,3.17,6.34,5.42,7.13
2016-02-11,6734,1328,3088,1848,21346.78,8419.52,16736.96,13176.24,59679.49999999999,2016,2,3,11,6,1,0,12998,0.35769032917500987,0.14107892995082066,0.2804473898072203,0.22078335106694932,3.17,6.340000000000001,5.42,7.13
2016-02-12,898,3456,3449,806,2846.66,21911.04,18693.58,5746.78,49198.06,2016,2,4,12,6,1,0,8609,0.057861224609263046,0.44536390256038555,0.3799657953992495,0.11680907743110196,3.17,6.34,5.420000000000001,7.13
2016-02-13,6599,2841,3937,910,20918.83,18011.94,21338.54,6488.3,66757.61,2016,2,5,13,6,1,1,14287,0.3133549867947639,0.2698110372735033,0.3196420602834643,0.09719191564826841,3.1700000000000004,6.34,5.42,7.13
2016-02-14,4115,1175,298,952,13044.55,7449.5,1615.16,6787.76,28896.97,2016,2,6,14,6,1,1,6540,0.4514158404843137,0.2577951944442618,0.055893749413865886,0.23489521565755855,3.17,6.34,5.42,7.13
2016-02-15,370,3634,5343,464,1172.9,23039.56,28959.06,3308.32,56479.84,2016,2,0,15,7,1,0,9811,0.020766701888673907,0.40792537655914046,0.5127326847951411,0.058575236757044645,3.1700000000000004,6.340000000000001,5.42,7.130000000000001
2016-02-16,6166,865,4269,1858,19546.22,5484.1,23137.98,13247.54,61415.84,2016,2,1,16,7,1,0,13158,0.3182602403549313,0.0892945533269593,0.3767428728484378,0.2157023334696717,3.1700000000000004,6.340000000000001,5.42,7.130000000000001
2016-02-17,7214,1708,2304,1262,22868.38,10828.72,12487.68,8998.06,55182.84,2016,2,2,17,7,1,0,12488,0.4144110741672593,0.19623346678061512,0.22629643563107663,0.163059023421049,3.17,6.34,5.42,7.13
2016-02-18,5177,3638,1396,666,16411.09,23064.92,7566.32,4748.58,51790.91,2016,2,3,18,7,1,0,10877,0.3168720147995082,0.4453468765078659,0.1460935905547904,0.09168751813783538,3.17,6.34,5.42,7.13
2016-02-19,3268,3419,4002,294,10359.56,21676.46,21690.84,2096.22,55823.08,2016,2,4,19,7,1,0,10983,0.18557843816571926,0.38830641376290953,0.3885640133077573,0.0375511347636139,3.17,6.34,5.42,7.129999999999999
2016-02-20,7580,1489,4343,1576,24028.6,9440.26,23539.06,11236.88,68244.8,2016,2,5,20,7,1,1,14988,0.3520942254941035,0.1383293672191874,0.3449209317046867,0.16465547558202234,3.17,6.34,5.42,7.13
2016-02-21,6677,642,5454,1683,21166.09,4070.28,29560.68,11999.79,66796.84,2016,2,6,21,7,1,1,14456,0.3168726245133752,0.06093521789354108,0.4425460845153753,0.1796460730777085,3.17,6.340000000000001,5.42,7.130000000000001
2016-02-22,7183,3760,3984,1552,22770.11,23838.4,21593.28,11065.76,79267.55,2016,2,0,22,8,1,0,16479,0.28725638675599285,0.3007334022560304,0.2724100845806386,0.13960012640733818,3.17,6.340000000000001,5.42,7.13
2016-02-23,2177,1700,2491,601,6901.09,10778.0,13501.22,4285.13,35465.439999999995,2016,2,1,23,8,1,0,6969,0.19458633531686062,0.3039014883221525,0.3806866628469857,0.12082551351400125,3.17,6.34,5.42,7.13
2016-02-24,5806,2217,2047,1338,18405.02,14055.78,11094.74,9539.94,53095.48,2016,2,2,24,8,1,0,11408,0.3466400529762609,0.2647264889591355,0.20895827667439865,0.17967518139020497,3.17,6.34,5.42,7.130000000000001
2016-02-25,3494,1360,645,1252,11075.98,8622.4,3495.9,8926.76,32121.04,2016,2,3,25,8,1,0,6751,0.34482009299823413,0.2684346459516877,0.10883520583393315,0.2779100552161449,3.17,6.34,5.42,7.13
2016-02-26,3988,1947,4178,1507,12641.96,12343.98,22644.76,10744.91,58375.61,2016,2,4,26,8,1,0,11620,0.21656236226053996,0.21145783316011602,0.3879147472720199,0.18406505730732406,3.17,6.34,5.42,7.13
2016-02-27,5112,3554,2930,1861,16205.04,22532.36,15880.6,13268.93,67886.93,2016,2,5,27,8,1,1,13457,0.23870633124815047,0.3319101335117084,0.23392720807967016,0.19545632716047112,3.1700000000000004,6.34,5.42,7.13
2016-03-01,1558,2531,1553,1578,4938.86,16046.54,8417.26,11251.14,40653.8,2016,3,1,1,9,1,0,7220,0.12148581436421686,0.39471193344779576,0.20704731169042007,0.2767549404975672,3.17,6.340000000000001,5.42,7.13
2016-03-02,5940,1454,640,1394,18829.8,9218.36,3468.8,9939.22,41456.18,2016,3,2,2,9,1,0,9428,0.4542097221692881,0.22236395152664815,0.08367389373550578,0.2397524325685579,3.17,6.340000000000001,5.42,7.13
2016-03-03,3282,3156,5584,1661,10403.94,20009.04,30265.28,11842.93,72521.19,2016,3,3,3,9,1,0,13683,0.1434606905926392,0.27590611792222386,0.4173301623980522,0.16330302908708474,3.1700000000000004,6.34,5.42,7.13
2016-03-04,6269,3267,1798,1377,19872.73,20712.78,9745.16,9818.01,60148.68,2016,3,4,4,9,1,0,12711,0.3303934516933705,0.34435967672108514,0.16201785309336797,0.1632290184921764,3.17,6.34,5.42,7.13
2016-03-05,6292,3765,1037,1126,19945.64,23870.1,5620.54,8028.38,57464.66,2016,3,5,5,9,1,1,12220,0.3470940226567076,0.4153874746670388,0.09780863577718897,0.13970986689906456,3.17,6.34,5.42,7.13
2016-03-06,4127,2805,4628,1126,13082.59,17783.7,25083.76,8028.38,63978.43,2016,3,6,6,9,1,1,12686,0.20448438637834657,0.27796399505270764,0.39206588845646884,0.12548573011247696,3.17,6.34,5.42,7.13
2016-03-07,7241,2711,1476,579,22953.97,17187.74,7999.92,4128.27,52269.90000000001,2016,3,0,7,10,1,0,12007,0.439143178004932,0.3288267243671788,0.15305022584699796,0.0789798717808911,3.1700000000000004,6.340000000000001,5.42,7.130000000000001
2016-03-08,5146,2041,2756,1068,16312.82,12939.94,14937.52,7614.84,51805.12,2016,3,1,8,10,1,0,11011,0.3148881809365561,0.24978110271726037,0.2883406118931874,0.14699010445299615,3.17,6.34,5.42,7.13
2016-03-09,699,2016,3331,806,2215.83,12781.44,18054.02,5746.78,38798.07,2016,3,2,9,10,1,0,6852,0.05711186149207937,0.3294349435422948,0.4653329405302893,0.1481202544353366,3.17,6.34,5.42,7.13
2016-03-10,1089,806,1864,1610,3452.13,5110.04,10102.88,11479.3,30144.35,2016,3,3,10,10,1,0,5369,0.1145199680868886,0.16951899775579835,0.33515003640814944,0.3808109977491636,3.17,6.34,5.42,7.13
2016-03-11,7936,3899,2879,940,25157.12,24719.66,15604.18,6702.2,72183.16,2016,3,4,11,10,1,0,15654,0.34851785374871364,0.34245743744108736,0.21617479755666003,0.0928499112535389,3.17,6.34,5.42,7.13
2016-03-12,2269,3690,1316,1294,7192.73,23394.6,7132.72,9226.22,46946.27,2016,3,5,12,10,1,1,8569,0.15321195911837085,0.4983271301426077,0.15193368930055573,0.1965272214384657,3.17,6.34,5.42,7.13
2016-03-13,4619,2398,2242,1650,14642.23,15203.32,12151.64,11764.5,53761.69,2016,3,6,13,10,1,1,10909,0.2723543474916804,0.28279096137044796,0.2260278648234458,0.21882682631442574,3.17,6.34,5.42,7.13
2016-03-14,7269,3548,3436,1128,23042.73,22494.32,18623.12,8042.64,72202.81,2016,3,0,14,11,1,0,15381,0.3191389642591473,0.3115435534988181,0.25792791166991974,0.11138957057211486,3.17,6.34,5.42,7.13
2016-03-15,6847,2420,4156,646,21704.99,15342.8,22525.52,4605.98,64179.28999999999,2016,3,1,15,11,1,0,14069,0.3381930526186875,0.23906154150349748,0.35097801798679923,0.07176738789101593,3.1700000000000004,6.34,5.42,7.129999999999999
2016-03-16,7093,3720,2644,761,22484.81,23584.8,14330.48,5425.93,65826.01999999999,2016,3,2,16,11,1,0,14218,0.34157936329737093,0.35828992851155217,0.21770236146739544,0.08242834672368163,3.1700000000000004,6.34,5.42,7.130000000000001
2016-03-17,1690,282,4235,1388,5357.3,1787.88,22953.7,9896.44,39995.32,2016,3,3,17,11,1,0,7595,0.13394817193611652,0.04470223016092883,0.5739096474287492,0.2474399504742055,3.17,6.340000000000001,5.42,7.130000000000001
2016-03-18,711,2671,1781,1486,2253.87,16934.14,9653.02,10595.18,39436.21,2016,3,4,18,11,1,0,6649,0.057152297342974896,0.42940586836311095,0.2447755501859839,0.26866628410793025,3.17,6.34,5.42,7.13
2016-03-19,2246,776,2692,705,7119.82,4919.84,14590.64,5026.65,31656.95,2016,3,5,19,11,1,1,6419,0.22490543150872083,0.15541105507637343,0.4608984756901723,0.15878503772473343,3.17,6.34,5.42,7.13
2016-03-20,429,2904,3457,275,1359.93,18411.36,18736.94,1960.75,40468.98,2016,3,6,20,11,1,1,7065,0.03360425689009212,0.4549499394350932,0.462995113788388,0.04845068988642659,3.17,6.34,5.42,7.13
2016-03-21,1595,1996,5767,1364,5056.15,12654.64,31257.14,9725.32,58693.25,2016,3,0,21,12,1,0,10722,0.08614534039263458,0.21560639426169106,0.5325508469883675,0.16569741835730684,3.17,6.34,5.42,7.13
2016-03-22,3756,801,4671,1317,11906.52,5078.34,25316.82,9390.21,51691.89,2016,3,1,22,12,1,0,10545,0.2303363254854872,0.09824249026297936,0.4897638681812563,0.18165731607027716,3.17,6.34,5.42,7.129999999999999
2016-03-23,5164,802,2269,725,16369.88,5084.68,12297.98,5169.25,38921.78999999999,2016,3,2,23,12,1,0,8960,0.42058394539408395,0.13063839047484715,0.3159664547802144,0.13281120935085464,3.17,6.340000000000001,5.42,7.13
2016-03-24,3458,1973,3589,1895,10961.86,12508.82,19452.38,13511.35,56434.41,2016,3,3,24,12,1,0,10915,0.19424071235971102,0.22165235713459217,0.3446900570060004,0.23941687349969637,3.1700000000000004,6.34,5.42,7.13
2016-03-25,4147,2243,5848,1074,13145.99,14220.62,31696.16,7657.62,66720.39,2016,3,4,25,12,1,0,13312,0.19703107251021765,0.21313754311088412,0.4750595732429022,0.11477181113599606,3.17,6.340000000000001,5.42,7.13
2016-03-26,1358,3706,272,1143,4304.86,23496.04,1474.24,8149.59,37424.73,2016,3,5,26,12,1,1,6479,0.11502714916046153,0.6278212294383954,0.039392134559153795,0.21775948684198923,3.17,6.34,5.42,7.13
2016-03-27,2073,2034,1563,1411,6571.41,12895.56,8471.46,10060.43,37998.86,2016,3,6,27,12,1,1,7081,0.17293703021616963,0.3393670231159566,0.22293984609011952,0.26475610057775417,3.17,6.34,5.419999999999999,7.13
2016-03-28,5593,3009,4021,1519,17729.81,19077.06,21793.82,10830.47,69431.16,2016,3,0,28,13,1,0,14142,0.2553581129855817,0.27476222491457725,0.3138910541030857,0.15598860799675532,3.1700000000000004,6.340000000000001,5.42,7.13
2016-03-29,4558,1443,3659,1665,14448.86,9148.62,19831.78,11871.45,55300.71000000001,2016,3,1,29,13,1,0,11325,0.2612780197577933,0.1654340423477384,0.3586170955128785,0.21467084238158968,3.17,6.340000000000001,5.42,7.130000000000001
2016-03-30,3716,2895,4611,1710,11779.72,18354.3,24991.62,12192.3,67317.94,2016,3,2,30,13,1,0,12932,0.17498634093675472,0.272650945646881,0.371247545602257,0.1811151678141072,3.17,6.34,5.42,7.13
2016-03-31,7825,3908,396,884,24805.25,24776.72,2146.32,6302.92,58031.21,2016,3,3,31,13,1,0,13013,0.4274467135873955,0.42695508158454737,0.03698561515432817,0.10861258967372901,3.17,6.34,5.420000000000001,7.13
2016-04-01,5180,1078,5790,1643,16420.6,6834.52,31381.8,11714.59,66351.51,2016,4,4,1,13,2,0,13691,0.2474789194699563,0.1030047394550629,0.4729628609808579,0.17655348009412297,3.17,6.340000000000001,5.42,7.13
2016-04-02,1445,799,2295,460,4580.65,5065.66,12438.9,3279.8,25365.01,2016,4,5,2,13,2,1,4999,0.1805893236391391,0.1997105461421068,0.4903960219215368,0.12930410829721734,3.17,6.34,5.42,7.130000000000001
2016-04-03,5547,863,5164,1989,17583.99,5471.42,27988.88,14181.57,65225.86000000001,2016,4,6,3,13,2,1,13563,0.26958617333677165,0.08388421402186187,0.42910710567863725,0.21742250696272916,3.1700000000000004,6.34,5.42,7.13
2016-04-04,7246,1728,1782,1663,22969.82,10955.52,9658.44,11857.19,55440.97,2016,4,0,4,14,2,0,12419,0.41431129361553376,0.1976069322019438,0.17421123764609459,0.21387053653642785,3.17,6.34,5.42,7.13
2016-04-05,6915,2455,1157,1338,21920.55,15564.7,6270.94,9539.94,53296.130000000005,2016,4,1,5,14,2,0,11865,0.411297218015642,0.29204184243771547,0.11766220173960096,0.1789987378070415,3.17,6.34,5.42,7.130000000000001
2016-04-06,5738,279,2723,336,18189.46,1768.86,14758.66,2395.68,37112.66,2016,4,2,6,14,2,0,9076,0.49011469401546526,0.04766190297327111,0.3976718456720698,0.06455155733919368,3.17,6.34,5.42,7.13
2016-04-07,2343,1430,368,650,7427.31,9066.2,1994.56,4634.5,23122.570000000003,2016,4,3,7,14,2,0,4791,0.3212147265636994,0.3920930934580369,0.08626030756961703,0.2004318724086466,3.1700000000000004,6.340000000000001,5.42,7.13
2016-04-08,6380,3604,3799,556,20224.6,22849.36,20590.58,3964.28,67628.82,2016,4,4,8,14,2,0,14339,0.29905297770979883,0.33786424190160347,0.3044645759012208,0.05861820448737683,3.17,6.34,5.420000000000001,7.130000000000001
2016-04-09,5453,2911,3616,473,17286.01,18455.74,19598.72,3372.49,58712.96,2016,4,5,9,14,2,1,12453,0.2944155770719105,0.31433843567076164,0.3338056878753856,0.05744029938194225,3.1699999999999995,6.340000000000001,5.42,7.13
2016-04-10,6201,544,4323,512,19657.17,3448.96,23430.66,3650.56,50187.34999999999,2016,4,6,10,14,2,1,11580,0.39167579081182813,0.06872169979088358,0.46686386111241185,0.07273864828487658,3.17,6.34,5.42,7.13
2016-04-11,4364,2073,3917,1350,13833.88,13142.82,21230.14,9625.5,57832.34,2016,4,0,11,15,2,0,11704,0.23920664458674853,0.22725727508172763,0.3670980631252341,0.16643801720628978,3.17,6.34,5.42,7.13
2016-04-12,1985,1984,2421,1486,6292.45,12578.56,13121.82,10595.18,42588.01,2016,4,1,12,15,2,0,7876,0.14775167940460238,0.2953544906183688,0.30811066307160156,0.24878316690542712,3.17,6.34,5.42,7.13
2016-04-13,4516,3927,3259,513,14315.72,24897.18,17663.78,3657.69,60534.37,2016,4,2,13,15,2,0,12215,0.23648912179973128,0.41128998286428026,0.2917975358461647,0.06042335948982371,3.17,6.34,5.42,7.13
2016-04-14,5081,1113,1522,1838,16106.77,7056.42,8249.24,13104.94,44517.37,2016,4,3,14,15,2,0,9554,0.3618086603049551,0.15850936387302303,0.18530384881227258,0.29437812700974925,3.17,6.34,5.42,7.13
2016-04-15,4794,2659,447,1914,15196.98,16858.06,2422.74,13646.82,48124.6,2016,4,4,15,15,2,0,9814,0.3157840272958113,0.3503002622359459,0.050343067786537445,0.2835726426817054,3.17,6.340000000000001,5.42,7.13
2016-04-16,1887,3924,3432,802,5981.79,24878.16,18601.44,5718.26,55179.65,2016,4,5,16,15,2,1,10045,0.1084057256615437,0.4508575172187573,0.3371068863249404,0.10362987079475858,3.17,6.34,5.42,7.13
2016-04-17,6847,819,4536,1457,21704.99,5192.46,24585.12,10388.41,61870.98,2016,4,6,17,15,2,1,13659,0.35081050922419527,0.08392399797126213,0.3973610891568228,0.1679044036477198,3.1700000000000004,6.34,5.42,7.13
2016-04-18,1898,1333,4552,1700,6016.66,8451.22,24671.84,12121.0,51260.72,2016,4,0,18,16,2,0,9483,0.11737369276124096,0.16486736823048914,0.4813010819980679,0.23645785701020197,3.17,6.34,5.42,7.13
2016-04-19,1472,1486,2227,268,4666.24,9421.24,12070.34,1910.84,28068.66,2016,4,1,19,16,2,0,5453,0.16624377508580743,0.3356497958933558,0.43002907869488605,0.06807735032595072,3.17,6.34,5.42,7.13
2016-04-20,314,3953,2773,1890,995.38,25062.02,15029.66,13475.7,54562.76,2016,4,2,20,16,2,0,8930,0.018242845486555297,0.45932463826976494,0.27545637354122116,0.2469761427024586,3.17,6.34,5.42,7.130000000000001
2016-04-21,6860,2296,3945,451,21746.2,14556.64,21381.9,3215.63,60900.37,2016,4,3,21,16,2,0,13552,0.35707829032894217,0.23902383515896536,0.35109638906955737,0.05280148544253508,3.17,6.34,5.42,7.13
2016-04-22,2165,506,2001,1290,6863.05,3208.04,10845.42,9197.7,30114.210000000003,2016,4,4,22,16,2,0,5962,0.22790071531014758,0.10652911034358861,0.36014293584324475,0.305427238503019,3.17,6.34,5.42,7.130000000000001
2016-04-23,3724,1903,5856,465,11805.08,12065.02,31739.52,3315.45,58925.06999999999,2016,4,5,23,16,2,1,11948,0.20034053417331538,0.20475189931891472,0.5386420414943929,0.056265525013377164,3.17,6.34,5.42,7.13
2016-04-24,5325,612,2532,1445,16880.25,3880.08,13723.44,10302.85,44786.62,2016,4,6,24,16,2,1,9914,0.37690386101920614,0.08663480298356964,0.3064183008228797,0.23004303517434446,3.17,6.34,5.42,7.13
2016-04-25,4833,3579,1137,1117,15320.61,22690.86,6162.54,7964.21,52138.22,2016,4,0,25,17,2,0,10666,0.2938460499802256,0.4352058815970319,0.1181962099971959,0.15275185842554656,3.17,6.34,5.42,7.13
2016-04-26,7962,1879,3572,634,25239.54,11912.86,19360.24,4520.42,61033.06,2016,4,1,26,17,2,0,14047,0.41353882633444894,0.1951870019297738,0.31720906669270726,0.07406510504307011,3.17,6.340000000000001,5.420000000000001,7.13
2016-04-27,4712,3795,4364,254,14937.04,24060.3,23652.88,1811.02,64461.24,2016,4,2,27,17,2,0,13125,0.23172126381683011,0.373252205511405,0.36693181825233273,0.028094712419432205,3.1700000000000004,6.34,5.42,7.13
2016-04-28,6288,3910,4776,918,19932.96,24789.4,25885.92,6545.34,77153.62,2016,4,3,28,17,2,0,15892,0.2583541770301899,0.3212992468791484,0.3355114121670506,0.08483516392361111,3.17,6.340000000000001,5.42,7.13
2016-04-29,6984,1910,4405,1086,22139.28,12109.4,23875.1,7743.18,65866.95999999999,2016,4,4,29,17,2,0,14385,0.33612117516885553,0.183846347242988,0.3624746003155452,0.11755787727261136,3.17,6.34,5.42,7.13
2016-04-30,2065,3024,5021,801,6546.05,19172.16,27213.82,5711.13,58643.16,2016,4,5,30,17,2,1,10911,0.11162512388486569,0.3269291763949964,0.46405787136982385,0.097387828350314,3.17,6.34,5.42,7.13
2016-05-01,2630,2299,1630,869,8337.1,14575.66,8834.6,6195.97,37943.33,2016,5,6,1,17,2,1,7428,0.21972504785426056,0.3841428783398821,0.23283670674134294,0.16329536706451436,3.17,6.34,5.42,7.13
2016-05-02,1095,3096,5770,1158,3471.15,19628.64,31273.4,8256.54,62629.73,2016,5,0,2,18,2,0,11119,0.05542335884251776,0.3134077058930319,0.4993379342366636,0.13183100102778664,3.17,6.34,5.42,7.130000000000001
2016-05-03,1683,1655,4672,1344,5335.11,10492.7,25322.24,9582.72,50732.77,2016,5,1,3,18,2,0,9354,0.10516102314145276,0.2068229272716629,0.49912985236169843,0.18888619722518601,3.17,6.340000000000001,5.42,7.13
2016-05-04,3651,3265,4360,1087,11573.67,20700.1,23631.2,7750.31,63655.28,2016,5,2,4,18,2,0,12363,0.1818179104702705,0.325190620479558,0.3712370756989837,0.12175439335118785,3.17,6.34,5.42,7.130000000000001
2016-05-05,1868,1112,5570,945,5921.56,7050.08,30189.4,6737.85,49898.89,2016,5,3,5,18,2,0,9495,0.11867117685383383,0.1412873112007101,0.6050114541626077,0.1350300577828485,3.1700000000000004,6.34,5.42,7.130000000000001
2016-05-06,1577,276,4487,1662,4999.09,1749.84,24319.54,11850.06,42918.53,2016,5,4,6,18,2,0,8002,0.11647859327894036,0.04077120069116999,0.5666442909391352,0.2761059150907545,3.17,6.34,5.42,7.13
2016-05-07,5609,745,359,1423,17780.53,4723.3,1945.78,10145.99,34595.6,2016,5,5,7,18,2,1,8136,0.5139535085386581,0.13652892275318249,0.056243568546289126,0.2932740001618703,3.17,6.34,5.42,7.13
2016-05-08,6627,3087,456,1245,21007.59,19571.58,2471.52,8876.85,51927.53999999999,2016,5,6,8,18,2,1,11415,0.40455584839951986,0.37690173653517967,0.04759555334221494,0.1709468617230857,3.17,6.340000000000001,5.42,7.13
2016-05-09,4502,914,3442,543,14271.34,5794.76,18655.64,3871.59,42593.33,2016,5,0,9,19,2,0,9401,0.3350604425622509,0.13604853154238,0.4379943995926122,0.09089662630275679,3.17,6.34,5.42,7.13
2016-05-10,6888,3112,5500,253,21834.96,19730.08,29810.0,1803.89,73178.93000000001,2016,5,1,10,19,2,0,15753,0.298377688769158,0.2696142181909465,0.40735769161970525,0.024650401420190208,3.17,6.340000000000001,5.42,7.130000000000001
2016-05-11,5321,3614,4575,1135,16867.57,22912.76,24796.5,8092.55,72669.38,2016,5,2,11,19,2,0,14645,0.23211385593216838,0.3153014378270462,0.34122349743454533,0.11136120880623998,3.17,6.34,5.42,7.13
2016-05-12,6356,1715,2958,738,20148.52,10873.1,16032.36,5261.94,52315.920000000006,2016,5,3,12,19,2,0,11767,0.38513171516433237,0.20783539694991504,0.30645279677773035,0.10058009110802217,3.17,6.34,5.42,7.13
2016-05-13,2946,2397,5210,307,9338.82,15196.98,28238.2,2188.91,54962.91,2016,5,4,13,19,2,0,10860,0.16991130928111337,0.27649518557150626,0.5137682848306249,0.03982522031675542,3.17,6.34,5.42,7.13
2016-05-14,3075,2540,491,1457,9747.75,16103.6,2661.22,10388.41,38900.98,2016,5,5,14,19,2,1,7563,0.25057852012982706,0.41396386414943787,0.06841010175064997,0.267047513970085,3.17,6.34,5.42,7.13
2016-05-15,5442,2229,2104,1661,17251.14,14131.86,11403.68,11842.93,54629.61,2016,5,6,15,19,2,1,11436,0.3157836931290558,0.2586849878664702,0.2087454038203824,0.21678591518409157,3.17,6.34,5.42,7.13
2016-05-16,3771,1061,4672,1155,11954.07,6726.74,25322.24,8235.15,52238.2,2016,5,0,16,20,2,0,10659,0.22883770880313642,0.12877051659513536,0.48474564590663544,0.15764612869509287,3.17,6.34,5.42,7.13
2016-05-17,1562,2984,3389,553,4951.54,18918.56,18368.38,3942.89,46181.37,2016,5,1,17,20,2,0,8488,0.10721942636175583,0.40965783388409654,0.39774437181053746,0.08537836794361016,3.17,6.340000000000001,5.42,7.13
2016-05-18,6717,1244,4883,1576,21292.89,7886.96,26465.86,11236.88,66882.59,2016,5,2,18,20,2,0,14420,0.31836222251560536,0.11792246681834541,0.39570626675791115,0.16800904390813812,3.17,6.34,5.42,7.13
2016-05-19,385,2036,5897,514,1220.45,12908.24,31961.74,3664.82,49755.25,2016,5,3,19,20,2,0,8832,0.024529069796654625,0.2594347330181237,0.6423792464111828,0.07365695077403893,3.17,6.34,5.42,7.13
2016-05-20,7857,646,4324,1828,24906.69,4095.64,23436.08,13033.64,65472.05,2016,5,4,20,20,2,0,14655,0.38041713983295156,0.06255554851268594,0.3579554939856015,0.19907181766876092,3.17,6.34,5.420000000000001,7.13
2016-05-21,5395,1516,5598,774,17102.15,9611.44,30341.16,5518.62,62573.37,2016,5,5,21,20,2,1,13283,0.2733135517553234,0.15360272269177766,0.48488933870750445,0.08819438684539445,3.1700000000000004,6.340000000000001,5.42,7.13
2016-05-22,2184,3523,2306,1440,6923.28,22335.82,12498.52,10267.2,52024.81999999999,2016,5,6,22,20,2,1,9453,0.13307648157168062,0.4293300774514934,0.24024148473747728,0.19735195623934887,3.17,6.34,5.42,7.130000000000001
2016-05-23,3897,1414,4776,1074,12353.49,8964.76,25885.92,7657.62,54861.79,2016,5,0,23,21,2,0,11161,0.22517475277419857,0.16340626144352927,0.47183877886594655,0.13958020691632556,3.17,6.34,5.42,7.13
2016-05-24,3199,2677,2275,1839,10140.83,16972.18,12330.5,13112.07,52555.58,2016,5,1,24,21,2,0,9990,0.19295439228336933,0.3229377356314972,0.234618284109889,0.24948958797524448,3.17,6.34,5.42,7.13
2016-05-25,7678,3525,1776,1382,24339.26,22348.5,9625.92,9853.66,66167.34,2016,5,2,25,21,2,0,14361,0.3678440148871029,0.33775726816281265,0.14547841880903783,0.14892029814104663,3.17,6.34,5.42,7.13
2016-05-26,5113,2677,5786,641,16208.21,16972.18,31360.12,4570.33,69110.84,2016,5,3,26,21,2,0,14217,0.23452485890780664,0.2455791305676505,0.4537655742572366,0.06613043626730626,3.17,6.34,5.42,7.13
2016-05-27,4763,2492,3901,1120,15098.71,15799.28,21143.42,7985.6,60027.01,2016,5,4,27,21,2,0,12276,0.25153193537375923,0.26320284818450895,0.35223177033138914,0.13303344611034265,3.17,6.34,5.42,7.13
2016-05-28,5703,837,4892,782,18078.51,5306.58,26514.64,5575.66,55475.39,2016,5,5,28,21,2,1,12214,0.32588342326209874,0.09565647037361973,0.4779531969040686,0.1005069094602129,3.17,6.34,5.42,7.13
2016-05-29,4967,2397,3366,827,15745.39,15196.98,18243.72,5896.51,55082.6,2016,5,6,29,21,2,1,11557,0.28585052266959077,0.27589438407046873,0.33120658792431734,0.10704850533562324,3.17,6.34,5.42,7.13
2016-05-30,6740,2408,1533,700,21365.8,15266.72,8308.86,4991.0,49932.38,2016,5,0,30,22,2,0,11381,0.42789468477168524,0.30574789345110326,0.16640224239261178,0.09995517938459973,3.17,6.34,5.420000000000001,7.13
2016-05-31,6500,283,1853,1118,20605.0,1794.22,10043.26,7971.34,40413.82000000001,2016,5,1,31,22,2,0,9754,0.5098503432736622,0.04439619912198351,0.24851053426773312,0.19724292333662097,3.17,6.34,5.42,7.13
2016-06-01,399,871,4982,1587,1264.83,5522.14,27002.44,11315.31,45104.72,2016,6,2,1,22,2,0,7839,0.02804207630598305,0.1224293156015601,0.5986610713911981,0.2508675367012587,3.17,6.340000000000001,5.42,7.13
2016-06-02,1042,726,414,965,3303.14,4602.84,2243.88,6880.45,17030.31,2016,6,3,2,22,2,0,3147,0.19395653983985023,0.2702734125215571,0.1317580243694918,0.40401202326910074,3.17,6.34,5.42,7.13
2016-06-03,4335,2421,5333,1438,13741.95,15349.14,28904.86,10252.94,68248.89,2016,6,4,3,22,2,0,13527,0.20135052745912793,0.22489948188168335,0.42352132027348727,0.1502286703857015,3.1700000000000004,6.34,5.42,7.130000000000001
2016-06-04,5243,1450,5484,580,16620.31,9193.0,29723.28,4135.4,59671.99,2016,6,5,4,22,2,1,12757,0.2785278319023716,0.15405888089202321,0.49811109031222184,0.06930219689338331,3.1700000000000004,6.34,5.42,7.129999999999999
2016-06-05,6550,1302,1057,1769,20763.5,8254.68,5728.94,12612.97,47360.09,2016,6,6,5,22,2,1,10678,0.438417663479947,0.1742961214811881,0.1209655640434805,0.2663206509953845,3.17,6.34,5.42,7.13
2016-06-06,6524,3937,2964,1944,20681.08,24960.58,16064.88,13860.72,75567.26,2016,6,0,6,23,2,0,15369,0.2736777805626405,0.330309448827442,0.21259047899844458,0.18342229161147303,3.1700000000000004,6.340000000000001,5.42,7.13
2016-06-07,2424,3260,5076,1083,7684.08,20668.4,27511.92,7721.79,63586.19,2016,6,1,7,23,2,0,11843,0.12084510803367837,0.3250454225988379,0.432671308030879,0.12143816133660469,3.17,6.340000000000001,5.42,7.13
2016-06-08,3511,3528,1891,1381,11129.87,22367.52,10249.22,9846.53,53593.14,2016,6,2,8,23,2,0,10311,0.2076734074547601,0.4173578931930467,0.19124126707261413,0.18372743227957908,3.1700000000000004,6.34,5.42,7.130000000000001
2016-06-09,6409,2664,3571,621,20316.53,16889.76,19354.82,4427.73,60988.84,2016,6,3,9,23,2,0,13265,0.33311881321238446,0.276931976407487,0.31735019062503894,0.07259901975508962,3.17,6.339999999999999,5.42,7.129999999999999
2016-06-10,4519,3629,1371,456,14325.23,23007.86,7430.82,3251.28,48015.19,2016,6,4,10,23,2,0,9975,0.29834787699475934,0.47917877654967106,0.1547597749795429,0.06771357147602665,3.17,6.34,5.42,7.130000000000001
2016-06-11,647,1214,3971,849,2050.99,7696.76,21522.82,6053.37,37323.94,2016,6,5,11,23,2,1,6681,0.05495105822161325,0.20621509947770786,0.5766491961995437,0.1621846461011351,3.1699999999999995,6.34,5.42,7.13
2016-06-12,2126,960,4162,815,6739.42,6086.4,22558.04,5810.95,41194.81,2016,6,6,12,23,2,1,8063,0.1635987640190597,0.1477467671291602,0.5475942236412792,0.14106024521050103,3.17,6.34,5.42,7.13
2016-06-13,575,1041,3131,1311,1822.75,6599.94,16970.02,9347.43,34740.14,2016,6,0,13,24,2,0,6058,0.05246812476863939,0.18998023611879514,0.48848450236527546,0.26906713674729005,3.17,6.34,5.42,7.13
2016-06-14,1255,2701,3497,1137,3978.35,17124.34,18953.74,8106.81,48163.24,2016,6,1,14,24,2,0,8590,0.08260137814648683,0.35554792410145164,0.3935312491435377,0.16831944860852385,3.17,6.34,5.420000000000001,7.130000000000001
2016-06-15,4542,607,2928,644,14398.14,3848.38,15869.76,4591.72,38708.0,2016,6,2,15,24,2,0,8721,0.3719680686163067,0.0994207915676346,0.4099865660845303,0.11862457373152838,3.17,6.34,5.42,7.130000000000001
2016-06-16,7118,522,351,939,22564.06,3309.48,1902.42,6695.07,34471.03,2016,6,3,16,24,2,0,8930,0.6545803824254744,0.09600757505650397,0.05518895141804583,0.19422309109997582,3.1700000000000004,6.34,5.42,7.13
2016-06-17,5859,1355,801,826,18573.03,8590.7,4341.42,5889.38,37394.53,2016,6,4,17,24,2,0,8841,0.49667772265087967,0.22973146072433592,0.116097728731983,0.15749308789280145,3.17,6.340000000000001,5.42,7.13
2016-06-18,3537,459,2534,503,11212.29,2910.06,13734.28,3586.39,31443.02,2016,6,5,18,24,2,1,7033,0.3565907473264337,0.09255027029846369,0.4367990097643293,0.11405997261077339,3.1700000000000004,6.34,5.42,7.13
2016-06-19,3504,2338,2396,344,11107.68,14822.92,12986.32,2452.72,41369.64,2016,6,6,19,24,2,1,8582,0.26849834806394257,0.3583043023821334,0.3139094272998266,0.059287922254097444,3.17,6.34,5.42,7.129999999999999
2016-06-20,6730,1669,3703,840,21334.1,10581.46,20070.26,5989.2,57975.01999999999,2016,6,0,20,25,2,0,12942,0.36798779888303623,0.18251757394822807,0.3461880651356395,0.10330656203309634,3.17,6.34,5.42,7.13
2016-06-21,7734,2693,2679,459,24516.78,17073.62,14520.18,3272.67,59383.24999999999,2016,6,1,21,25,2,0,13565,0.41285682410444025,0.287515755705523,0.24451642508619859,0.05511099510383821,3.17,6.34,5.42,7.13
2016-06-22,3668,366,3783,686,11627.56,2320.44,20503.86,4891.18,39343.04,2016,6,2,22,25,2,0,8503,0.2955429982024775,0.05897968230213019,0.521155965578664,0.12432135391672836,3.17,6.34,5.42,7.130000000000001
2016-06-23,3186,2743,4226,470,10099.62,17390.62,22904.92,3351.1,53746.26,2016,6,3,23,25,2,0,10625,0.1879129822242515,0.3235689329824996,0.4261676998548364,0.062350384938412454,3.1700000000000004,6.34,5.42,7.13
2016-06-24,2965,2652,1034,1532,9399.05,16813.68,5604.28,10923.16,42740.17,2016,6,4,24,25,2,0,8183,0.21991138547179387,0.39339291350502353,0.1311244199543427,0.2555712810688399,3.17,6.34,5.42,7.13
2016-06-25,7866,2774,4616,1300,24935.22,17587.16,25018.72,9269.0,76810.1,2016,6,5,25,25,2,1,16556,0.32463465091179416,0.22896936730976783,0.3257217475305982,0.1206742342478398,3.17,6.34,5.42,7.13
2016-06-26,1068,2204,5467,942,3385.56,13973.36,29631.14,6716.46,53706.52,2016,6,6,26,25,2,1,9681,0.06303815626110201,0.26017995580424874,0.5517233289365984,0.1250585589980509,3.17,6.34,5.42,7.13
2016-06-27,7090,3970,961,512,22475.3,25169.8,5208.62,3650.56,56504.28,2016,6,0,27,26,2,0,12533,0.3977627889427137,0.4454494420599643,0.09218098168846678,0.06460678730885519,3.17,6.34,5.42,7.13
2016-06-28,5523,3860,351,1272,17507.91,24472.4,1902.42,9069.36,52952.09,2016,6,1,28,26,2,0,11006,0.3306368077256252,0.4621611724862985,0.035927193808591884,0.17127482597948449,3.17,6.340000000000001,5.42,7.130000000000001
2016-06-29,7530,696,3976,1993,23870.1,4412.64,21549.92,14210.09,64042.75,2016,6,2,29,26,2,0,14195,0.3727213462882215,0.06890147596722503,0.3364927333695071,0.22188444437504637,3.17,6.340000000000001,5.42,7.13
2016-06-30,5343,2667,5331,1824,16937.31,16908.78,28894.02,13005.12,75745.23,2016,6,3,30,26,2,0,15165,0.22360893220602807,0.22323227482443447,0.3814632287736139,0.17169556419592363,3.1700000000000004,6.34,5.42,7.130000000000001
2016-07-01,3028,965,4542,806,9598.76,6118.1,24617.64,5746.78,46081.28,2016,7,4,1,26,3,0,9341,0.20830063748229216,0.1327675793727952,0.5342221396627872,0.12470964348212549,3.17,6.340000000000001,5.42,7.13
2016-07-02,6502,2268,4375,966,20611.34,14379.12,23712.5,6887.58,65590.54,2016,7,5,2,26,3,1,14111,0.31424257217580465,0.21922551636257306,0.3615231708718971,0.1050087405897253,3.17,6.340000000000001,5.42,7.13
2016-07-03,3603,2185,729,1166,11421.51,13852.9,3951.18,8313.58,37539.17,2016,7,6,3,26,3,1,7683,0.3042557946805963,0.3690252075365545,0.10525485779254043,0.2214641399903088,3.17,6.34,5.42,7.13
2016-07-04,4675,3772,4710,1672,14819.75,23914.48,25528.2,11921.36,76183.79,2016,7,0,4,27,3,0,14829,0.1945262896477059,0.3139050971341804,0.3350870309812626,0.15648158223685119,3.17,6.34,5.42,7.130000000000001
2016-07-05,254,1073,682,1391,805.18,6802.82,3696.44,9917.83,21222.27,2016,7,1,5,27,3,0,3400,0.03794033343275719,0.320551006089358,0.17417740891996944,0.46733125155791533,3.17,6.34,5.42,7.13
2016-07-06,7392,2106,1706,1381,23432.64,13352.04,9246.52,9846.53,55877.73,2016,7,2,6,27,3,0,12585,0.41935561806107724,0.23895100964194502,0.16547773146833272,0.17621564082864496,3.17,6.340000000000001,5.42,7.130000000000001
2016-07-07,2684,3044,4316,556,8508.28,19298.96,23392.72,3964.28,55164.24,2016,7,3,7,27,3,0,10600,0.15423542497821055,0.3498454796078039,0.42405587387771504,0.0718632215362706,3.1700000000000004,6.34,5.42,7.130000000000001
2016-07-08,3779,1188,4994,447,11979.43,7531.92,27067.48,3187.11,49765.94,2016,7,4,8,27,3,0,10408,0.24071543710417204,0.151346885038241,0.5438956844781793,0.06404199337940768,3.17,6.34,5.42,7.13
2016-07-09,573,604,4638,1662,1816.41,3829.36,25137.96,11850.06,42633.79,2016,7,5,9,27,3,1,7477,0.042604938477203175,0.08981983539347546,0.5896252714103062,0.2779499547190151,3.17,6.34,5.42,7.13
2016-07-10,5420,2573,1350,637,17181.4,16312.82,7317.0,4541.81,45353.03,2016,7,6,10,27,3,1,9980,0.37883687153868223,0.3596853396564684,0.16133431437767223,0.1001434744271772,3.1700000000000004,6.34,5.42,7.130000000000001
2016-07-11,429,1060,5855,1891,1359.93,6720.4,31734.1,13482.83,53297.26,2016,7,0,11,28,3,0,9235,0.025515945847872857,0.12609278600813625,0.5954171002411756,0.25297416790281524,3.17,6.34,5.42,7.13
2016-07-12,7350,442,449,1015,23299.5,2802.28,2433.58,7236.95,35772.31,2016,7,1,12,28,3,0,9256,0.6513278007486797,0.07833656814446706,0.06802971348509504,0.20230591762175829,3.17,6.340000000000001,5.42,7.13
2016-07-13,5397,2715,802,1526,17108.49,17213.1,4346.84,10880.38,49548.80999999999,2016,7,2,13,28,3,0,10440,0.34528558808980486,0.3473968396011933,0.08772844393235682,0.2195891283766452,3.1700000000000004,6.34,5.42,7.13
2016-07-14,1628,334,2465,329,5160.76,2117.56,13360.3,2345.77,22984.39,2016,7,3,14,28,3,0,4756,0.22453325931208096,0.0921303545580283,0.581277118948991,0.10205926718089973,3.17,6.34,5.42,7.13
2016-07-15,3483,3475,2152,1507,11041.11,22031.5,11663.84,10744.91,55481.36,2016,7,4,15,28,3,0,10617,0.1990057561674768,0.3970973314280688,0.21022988621764138,0.193667026186813,3.1700000000000004,6.34,5.42,7.13
2016-07-16,2300,1651,2731,555,7291.0,10467.34,14802.02,3957.15,36517.51,2016,7,5,16,28,3,1,7237,0.19965764368928768,0.2866389302008817,0.40534034220843645,0.10836308390139415,3.17,6.34,5.42,7.13
2016-07-17,379,592,2627,1864,1201.43,3753.28,14238.34,13290.32,32483.37,2016,7,6,17,28,3,1,5462,0.036986002375985004,0.11554466177616425,0.4383270578145063,0.40914227803334446,3.1700000000000004,6.340000000000001,5.42,7.13
2016-07-18,5422,810,2865,253,17187.74,5135.4,15528.3,1803.89,39655.33,2016,7,0,18,29,3,0,9350,0.4334282428112438,0.12950087667912483,0.39158166127983296,0.045489219229798365,3.1700000000000004,6.34,5.42,7.130000000000001
2016-07-19,7492,597,5673,623,23749.64,3784.98,30747.66,4441.99,62724.27,2016,7,1,19,29,3,0,14385,0.37863557439568446,0.06034314946989419,0.4902035527874617,0.07081772334695964,3.17,6.34,5.42,7.13
2016-07-20,3184,1471,764,714,10093.28,9326.14,4140.88,5090.82,28651.12,2016,7,2,20,29,3,0,6133,0.35228221444746316,0.32550699588707177,0.14452768338550118,0.17768310627996392,3.1700000000000004,6.34,5.42,7.13
2016-07-21,1228,3373,4829,732,3892.76,21384.82,26173.18,5219.16,56669.92,2016,7,3,21,29,3,0,10162,0.06869182098721863,0.37735751170991594,0.46185313125552324,0.09209753604734222,3.1700000000000004,6.34,5.42,7.13
2016-07-22,3793,1284,5267,1201,12023.81,8140.56,28547.14,8563.13,57274.63999999999,2016,7,4,22,29,3,0,11545,0.20993252860253686,0.1421320151466688,0.49842548115535956,0.14950997509543493,3.17,6.340000000000001,5.42,7.129999999999999
2016-07-23,7812,2986,2225,1179,24764.04,18931.24,12059.5,8406.27,64161.05,2016,7,5,23,29,3,1,14202,0.3859668755420929,0.2950581388552712,0.1879567120550552,0.13101827354758067,3.17,6.340000000000001,5.42,7.130000000000001
2016-07-24,7287,3667,4412,683,23099.79,23248.78,23913.04,4869.79,75131.4,2016,7,6,24,29,3,1,16049,0.30745853265079587,0.3094415916647367,0.31828290168957324,0.06481697399489428,3.17,6.34,5.42,7.13
2016-07-25,6167,2093,3556,600,19549.39,13269.62,19273.52,4278.0,56370.53,2016,7,0,25,30,3,0,12416,0.34680160005591576,0.2353999510027669,0.3419077308657556,0.07589071807556183,3.17,6.340000000000001,5.42,7.13
2016-07-26,514,2832,2678,1748,1629.38,17954.88,14514.76,12463.24,46562.26,2016,7,1,26,30,3,0,7772,0.03499357634272907,0.38561014864828297,0.3117279960208117,0.26766827898817624,3.1700000000000004,6.340000000000001,5.42,7.13
2016-07-27,5725,3717,1224,1474,18148.25,23565.78,6634.08,10509.62,58857.73,2016,7,2,27,30,3,0,12140,0.30834097747228784,0.4003854718827926,0.11271382705381264,0.1785597235911069,3.17,6.34,5.42,7.130000000000001
2016-07-28,624,2645,1600,473,1978.08,16769.3,8672.0,3372.49,30791.869999999995,2016,7,3,28,30,3,0,5342,0.06424033356856859,0.5446015457976408,0.2816327816400888,0.10952533899370191,3.17,6.34,5.42,7.13
2016-07-29,7805,2159,1763,819,24741.85,13688.06,9555.46,5839.47,53824.84,2016,7,4,29,30,3,0,12546,0.45967345188578357,0.25430749074219267,0.17752881383391014,0.10849024353811364,3.17,6.34,5.42,7.13
2016-07-30,724,1925,4924,1027,2295.08,12204.5,26688.08,7322.51,48510.170000000006,2016,7,5,30,30,3,1,8600,0.047311316369330385,0.25158641991978176,0.5501543284634953,0.15094793524739245,3.17,6.34,5.42,7.13
2016-07-31,637,1618,844,1744,2019.29,10258.12,4574.48,12434.72,29286.61,2016,7,6,31,30,3,1,4843,0.06894925701540738,0.35026655526194395,0.15619697875582048,0.42458720896682817,3.17,6.340000000000001,5.419999999999999,7.13
2016-08-01,5722,947,3302,921,18138.74,6003.98,17896.84,6566.73,48606.28999999999,2016,8,0,1,31,3,0,10892,0.37317680489500443,0.12352269634238697,0.36820008274649235,0.13510041601611644,3.1700000000000004,6.34,5.42,7.13
2016-08-02,6845,2374,4150,804,21698.65,15051.16,22493.0,5732.52,64975.33,2016,8,1,2,31,3,0,14173,0.33395213229390297,0.23164422558531061,0.3461775415376882,0.08822610058309824,3.1700000000000004,6.34,5.42,7.130000000000001
2016-08-03,2512,3598,5929,1253,7963.04,22811.32,32135.18,8933.89,71843.43,2016,8,2,3,31,3,0,13292,0.11083880599798758,0.31751435030315234,0.44729462387862057,0.12435221982023965,3.17,6.34,5.42,7.13
2016-08-04,3623,2656,3577,635,11484.91,16839.04,19387.34,4527.55,52238.84,2016,8,3,4,31,3,0,10491,0.2198538482094932,0.32234712715672864,0.3711288382360711,0.08667018639770716,3.17,6.340000000000001,5.42,7.13
2016-08-05,859,1535,4756,1779,2723.03,9731.9,25777.52,12684.27,50916.72,2016,8,4,5,31,3,0,8929,0.053480074914487814,0.19113367868158043,0.5062682749399411,0.24911797146399062,3.1700000000000004,6.34,5.42,7.13
2016-08-06,3945,583,423,906,12505.65,3696.22,2292.66,6459.78,24954.31,2016,8,5,6,31,3,1,5857,0.5011418869125213,0.14811950320405573,0.09187430948802029,0.2588643003954026,3.17,6.34,5.42,7.13
2016-08-07,2584,2634,4517,438,8191.28,16699.56,24482.14,3122.94,52495.92,2016,8,6,7,31,3,1,10173,0.15603650721808476,0.31811157895699327,0.4663627192360854,0.05948919458883662,3.17,6.340000000000001,5.42,7.13
2016-08-08,3602,2997,4601,1973,11418.34,19000.98,24937.42,14067.49,69424.23,2016,8,0,8,32,3,0,13173,0.16447197181733236,0.27369378097531655,0.3592034078015701,0.20263083940578097,3.17,6.34,5.42,7.13
2016-08-09,5317,1905,5186,780,16854.89,12077.7,28108.12,5561.4,62602.11,2016,8,1,9,32,3,0,13188,0.2692383691220631,0.1929280019475382,0.4489963676943157,0.08883726123608293,3.17,6.340000000000001,5.42,7.13
2016-08-10,4500,3305,5910,1276,14265.0,20953.7,32032.2,9097.88,76348.78,2016,8,2,10,32,3,0,14991,0.18683992069028477,0.2744470835028405,0.4195509083445734,0.1191620874623013,3.17,6.34,5.42,7.129999999999999
2016-08-11,3814,3448,1212,1567,12090.38,21860.32,6569.04,11172.71,51692.45,2016,8,3,11,32,3,0,10041,0.23389063586655304,0.422891931026678,0.1270792930108749,0.21613814009589408,3.17,6.34,5.42,7.129999999999999
2016-08-12,7747,457,2411,1532,24557.99,2897.38,13067.62,10923.16,51446.15000000001,2016,8,4,12,32,3,0,12147,0.47735331020883,0.05631869440181626,0.2540057905207678,0.21232220486858586,3.1700000000000004,6.34,5.42,7.13
2016-08-13,6579,2293,4075,1418,20855.43,14537.62,22086.5,10110.34,67589.89,2016,8,5,13,32,3,1,14365,0.308558424936037,0.2150857177012716,0.3267722436003373,0.1495836137623541,3.17,6.340000000000001,5.42,7.13
2016-08-14,7488,3872,1353,1947,23736.96,24548.48,7333.26,13882.11,69500.81,2016,8,6,14,32,3,1,14660,0.3415350123257556,0.35321142300355923,0.10551330265071732,0.19974026201996783,3.17,6.34,5.42,7.13
2016-08-15,2648,312,1238,1652,8394.16,1978.08,6709.96,11778.76,28860.96,2016,8,0,15,33,3,0,5850,0.29084826007173703,0.06853826068155737,0.23249261285833875,0.40812086638836687,3.17,6.34,5.42,7.13
2016-08-16,5990,3869,1596,834,18988.3,24529.46,8650.32,5946.42,58114.49999999999,2016,8,1,16,33,3,0,12289,0.32673945400889626,0.4220884632922937,0.14884959863717317,0.10232248406163695,3.17,6.34,5.42,7.13
2016-08-17,4463,2105,799,1601,14147.71,13345.7,4330.58,11415.13,43239.12,2016,8,2,17,33,3,0,8968,0.3271969919831856,0.3086487421575647,0.10015421220413366,0.264000053655116,3.17,6.340000000000001,5.42,7.13
2016-08-18,5146,650,3451,347,16312.82,4121.0,18704.42,2474.11,41612.35,2016,8,3,18,33,3,0,9594,0.3920187155976531,0.09903309954857152,0.4494920378205028,0.05945614703327258,3.17,6.34,5.42,7.130000000000001
2016-08-19,593,930,3805,1249,1879.81,5896.2,20623.1,8905.37,37304.48,2016,8,4,19,33,3,0,6577,0.0503909986146436,0.15805608334441332,0.5528317242325854,0.2387211938083576,3.17,6.34,5.42,7.130000000000001
2016-08-20,7979,2943,1147,1715,25293.43,18658.62,6216.74,12227.95,62396.740000000005,2016,8,5,20,33,3,1,13784,0.40536460718941403,0.2990319686573369,0.09963244874652104,0.19597097540672798,3.17,6.34,5.42,7.130000000000001
2016-08-21,6127,597,4928,956,19422.59,3784.98,26709.76,6816.28,56733.61,2016,8,6,21,33,3,1,12608,0.34234715541633964,0.06671495080253134,0.47079253373793767,0.12014536004319132,3.17,6.34,5.42,7.13
2016-08-22,6493,3392,836,401,20582.81,21505.28,4531.12,2859.13,49478.34,2016,8,0,22,34,3,0,11122,0.4159963733625664,0.4346402890638611,0.09157785002487957,0.05778548754869303,3.1700000000000004,6.34,5.42,7.13
2016-08-23,1516,956,5083,1978,4805.72,6061.04,27549.86,14103.14,52519.76,2016,8,1,23,34,3,0,9533,0.0915030837917005,0.11540494472937424,0.5245618030242332,0.2685301684546921,3.1700000000000004,6.34,5.42,7.13
2016-08-24,2471,2880,2119,1201,7833.07,18259.2,11484.98,8563.13,46140.38,2016,8,2,24,34,3,0,8671,0.16976604874082096,0.3957314612493439,0.2489138580999983,0.18558863190983688,3.17,6.34,5.42,7.129999999999999
2016-08-25,3991,1651,958,1520,12651.47,10467.34,5192.36,10837.6,39148.77,2016,8,3,25,34,3,0,8120,0.3231639206033804,0.26737340662299225,0.13263149774565075,0.27683117502797666,3.17,6.34,5.42,7.13
2016-08-26,668,3679,3033,1252,2117.56,23324.86,16438.86,8926.76,50808.04,2016,8,4,26,34,3,0,8632,0.04167765574109924,0.45907813015420396,0.323548399032909,0.17569581507178786,3.17,6.34,5.42,7.13
2016-08-27,3527,3356,5348,1534,11180.59,21277.04,28986.16,10937.42,72381.21,2016,8,5,27,34,3,1,13765,0.15446812784699232,0.29395805900454,0.4004652588703615,0.15110855427810616,3.17,6.34,5.42,7.13
2016-08-28,537,3802,4315,794,1702.29,24104.68,23387.3,5661.22,54855.490000000005,2016,8,6,28,34,3,1,9448,0.031032263133553267,0.4394214690270746,0.4263438354119159,0.1032024324274562,3.17,6.34,5.42,7.13
2016-08-29,5032,1519,5801,1613,15951.44,9630.46,31441.42,11500.69,68524.01,2016,8,0,29,35,3,0,13965,0.23278614313435542,0.14054139563636162,0.458838004372482,0.167834456856801,3.17,6.34,5.42,7.13
2016-08-31,7653,1378,5327,358,24260.01,8736.52,28872.34,2552.54,64421.41,2016,8,2,31,35,3,0,14716,0.37658303349771444,0.13561516272307608,0.44817926214281867,0.03962254163639076,3.17,6.340000000000001,5.42,7.13
2016-09-01,4061,1634,4173,1631,12873.37,10359.56,22617.66,11629.03,57479.62,2016,9,3,1,35,3,0,11499,0.2239640763108733,0.18023014070030385,0.39349007526493734,0.20231570772388544,3.1700000000000004,6.34,5.42,7.130000000000001
2016-09-02,3611,3389,5605,1475,11446.87,21486.26,30379.1,10516.75,73828.98,2016,9,4,2,35,3,0,14080,0.15504575574523718,0.29102745290534965,0.41147934049745777,0.14244745085195543,3.1700000000000004,6.34,5.42,7.13
2016-09-03,3818,1955,2216,560,12103.06,12394.7,12010.72,3992.8,40501.280000000006,2016,9,5,3,35,3,1,8549,0.29883154310184756,0.3060323031765909,0.2965516151588295,0.09858453856273183,3.17,6.340000000000001,5.42,7.13
2016-09-04,4308,584,4284,479,13656.36,3702.56,23219.28,3415.27,43993.47,2016,9,6,4,35,3,1,9655,0.3104178870182325,0.08416158125285411,0.5277892378118844,0.07763129391702905,3.17,6.34,5.42,7.13
2016-09-05,7726,3971,502,1291,24491.42,25176.14,2720.84,9204.83,61593.23,2016,9,0,5,36,3,0,13490,0.3976316877682823,0.4087484939497409,0.04417433539367882,0.14944548288829795,3.17,6.34,5.42,7.13
2016-09-06,1164,2501,4091,1593,3689.88,15856.34,22173.22,11358.09,53077.53,2016,9,1,6,36,3,0,9349,0.06951868332983845,0.298739221663103,0.4177515419425132,0.2139905530645454,3.17,6.34,5.42,7.13
2016-09-07,951,3717,5879,1701,3014.67,23565.78,31864.18,12128.13,70572.76,2016,9,2,7,36,3,0,12248,0.042717190031961345,0.3339217567798114,0.45150820231488753,0.1718528508733398,3.17,6.34,5.42,7.13
2016-09-08,6552,1667,808,1166,20769.84,10568.78,4379.36,8313.58,44031.560000000005,2016,9,3,8,36,3,0,10193,0.4717034781415875,0.24002738036081392,0.09945956945427323,0.18880957204332527,3.17,6.340000000000001,5.42,7.13
2016-09-09,732,354,5845,1480,2320.44,2244.36,31679.9,10552.4,46797.100000000006,2016,9,4,9,36,3,0,8411,0.04958512386451297,0.047959382098463364,0.6769628887260107,0.22549260531101284,3.17,6.340000000000001,5.42,7.13
2016-09-10,3246,1705,2443,1380,10289.82,10809.7,13241.06,9839.4,44179.98,2016,9,5,10,36,3,1,8774,0.2329068505689681,0.24467417142334605,0.29970724296389445,0.2227117350437913,3.17,6.340000000000001,5.42,7.13
2016-09-11,5250,716,4234,803,16642.5,4539.44,22948.28,5725.39,49855.61,2016,9,6,11,36,3,1,11003,0.33381398803464646,0.09105173921249785,0.4602948394373271,0.1148394333155286,3.17,6.34,5.42,7.130000000000001
2016-09-12,5496,3572,428,1681,17422.32,22646.48,2319.76,11985.53,54374.09,2016,9,0,12,37,3,0,11177,0.32041584512035054,0.41649395879544837,0.042662966865284556,0.2204272292189166,3.17,6.34,5.420000000000001,7.130000000000001
2016-09-13,5260,1059,2117,1916,16674.2,6714.06,11474.14,13661.08,48523.48,2016,9,1,13,37,3,0,10352,0.3436315779494793,0.1383672399423949,0.23646572751995526,0.2815354545881705,3.17,6.340000000000001,5.42,7.13
2016-09-14,2398,3891,4634,1125,7601.66,24668.94,25116.28,8021.25,65408.13,2016,9,2,14,37,3,0,12048,0.11621888593971423,0.37715403268676234,0.38399324365335014,0.12263383772017332,3.17,6.34,5.42,7.13
2016-09-15,2520,3995,2036,400,7988.4,25328.3,11035.12,2852.0,47203.82,2016,9,3,15,37,3,0,8951,0.1692320663878474,0.5365730993805162,0.23377599524784226,0.06041883898379411,3.17,6.34,5.420000000000001,7.13
2016-09-16,6814,1342,464,253,21600.38,8508.28,2514.88,1803.89,34427.43000000001,2016,9,4,16,37,3,0,8873,0.6274177305712334,0.24713665818215297,0.07304872887694491,0.05239688236966859,3.17,6.340000000000001,5.42,7.130000000000001
2016-09-17,3152,2394,3952,660,9991.84,15177.96,21419.84,4705.8,51295.44,2016,9,5,17,37,3,1,10158,0.1947900242204765,0.29589296826384565,0.41757785877263165,0.09173914874304616,3.17,6.34,5.42,7.13
2016-09-18,4200,1800,4816,560,13314.0,11412.0,26102.72,3992.8,54821.52,2016,9,6,18,37,3,1,11376,0.24286083275326917,0.20816642807423072,0.47614002676321276,0.07283271240928746,3.17,6.34,5.42,7.13
2016-09-19,5110,3307,1708,1471,16198.7,20966.38,9257.36,10488.23,56910.67,2016,9,0,19,38,3,0,11596,0.28463379538494277,0.3684085954356187,0.16266475161863322,0.18429285756080538,3.17,6.340000000000001,5.42,7.13
2016-09-20,2515,3798,1971,400,7972.55,24079.32,10682.82,2852.0,45586.69,2016,9,1,20,38,3,0,8684,0.17488767006334524,0.5282094400799883,0.2343407692025896,0.06256212065407687,3.17,6.34,5.42,7.13
2016-09-21,4385,1687,2148,486,13900.45,10695.58,11642.16,3465.18,39703.37,2016,9,2,21,38,3,0,8706,0.35010756013910155,0.26938720818912854,0.29322850931797473,0.08727672235379515,3.1700000000000004,6.34,5.42,7.13
2016-09-22,1661,2689,558,568,5265.37,17048.26,3024.36,4049.84,29387.83,2016,9,3,22,38,3,0,5476,0.17916838364724444,0.5801129242955332,0.10291198771736464,0.1378067043398577,3.17,6.339999999999999,5.42,7.13
2016-09-23,1161,1633,4562,1634,3680.37,10353.22,24726.04,11650.42,50410.05,2016,9,4,23,38,3,0,8990,0.07300865601204522,0.20538007798048205,0.49049822406444743,0.23111304194302523,3.17,6.34,5.42,7.13
2016-09-24,3903,2929,1546,1989,12372.51,18569.86,8379.32,14181.57,53503.26,2016,9,5,24,38,3,1,10367,0.23124777817276929,0.3470790378006873,0.15661326057515,0.2650599234513934,3.17,6.34,5.42,7.13
2016-09-25,3248,1594,2211,1153,10296.16,10105.96,11983.62,8220.89,40606.63,2016,9,6,25,38,3,1,8206,0.25355859375673384,0.2488746295863508,0.2951148617848859,0.20245191487202951,3.17,6.34,5.42,7.13
2016-09-26,1713,435,751,741,5430.21,2757.9,4070.42,5283.33,17541.86,2016,9,0,26,39,3,0,3640,0.3095572533357352,0.15721821973268513,0.23204038796342008,0.3011841389681596,3.17,6.34,5.42,7.13
2016-09-27,828,1411,595,355,2624.76,8945.74,3224.9,2531.15,17326.55,2016,9,1,27,39,3,0,3189,0.15148774568509024,0.5163024375885563,0.18612476228677954,0.14608505443957395,3.1700000000000004,6.34,5.42,7.13
2016-09-28,775,3572,581,1910,2456.75,22646.48,3149.02,13618.3,41870.55,2016,9,2,28,39,3,0,6838,0.05867489201837568,0.5408689401022915,0.07520846991501186,0.32524769796432096,3.17,6.34,5.42,7.13
2016-09-29,3794,3166,657,395,12026.98,20072.44,3560.94,2816.35,38476.71,2016,9,3,29,39,3,0,8012,0.3125781804109551,0.5216776590306188,0.09254793354213497,0.07319622701629115,3.17,6.34,5.42,7.13
2016-09-30,1496,2960,5491,1346,4742.32,18766.4,29761.22,9596.98,62866.92,2016,9,4,30,39,3,0,11293,0.07543426654272231,0.2985099317733397,0.47340031927761056,0.1526554824063275,3.17,6.340000000000001,5.42,7.13
2016-10-01,688,1000,3169,1460,2180.96,6340.0,17175.98,10409.8,36106.74,2016,10,5,1,39,4,1,6317,0.06040312695081307,0.175590485322131,0.4757001047449867,0.2883062829820693,3.17,6.34,5.42,7.13
2016-10-02,4720,3583,2766,1275,14962.4,22716.22,14991.72,9090.75,61761.09,2016,10,6,2,39,4,1,12344,0.24226256369503843,0.3678079515759842,0.24273729624914328,0.14719218847983415,3.17,6.340000000000001,5.42,7.13
2016-10-03,6389,2834,1792,604,20253.13,17967.56,9712.64,4306.52,52239.850000000006,2016,10,0,3,40,4,0,11619,0.38769502592369615,0.3439435603279871,0.18592396417677307,0.08243744957154356,3.1700000000000004,6.340000000000001,5.42,7.130000000000001
2016-10-04,4710,2984,856,1829,14930.7,18918.56,4639.52,13040.77,51529.55,2016,10,1,4,40,4,0,10379,0.2897502500992149,0.3671400196586231,0.09003610549674895,0.25307362474541306,3.1700000000000004,6.340000000000001,5.420000000000001,7.13
2016-10-05,4718,3983,5502,739,14956.06,25252.22,29820.84,5269.07,75298.19,2016,10,2,5,40,4,0,14942,0.19862442908654243,0.33536290845769334,0.39603661123859685,0.06997605121716736,3.17,6.34,5.42,7.13
2016-10-06,7890,851,5129,1237,25011.3,5395.34,27799.18,8819.81,67025.63,2016,10,3,6,40,4,0,15107,0.3731602373599472,0.08049666970679724,0.41475447526565584,0.1315886176675997,3.17,6.34,5.42,7.13
2016-10-07,6223,1237,5016,1234,19726.91,7842.58,27186.72,8798.42,63554.63,2016,10,4,7,40,4,0,13710,0.3103929642891478,0.1233990348146154,0.427769306500565,0.13843869439567189,3.17,6.34,5.42,7.13
2016-10-08,1171,3333,4976,1801,3712.07,21131.22,26969.92,12841.13,64654.34,2016,10,5,8,40,4,1,11281,0.057414088520585015,0.32683374387550784,0.41714013320683496,0.19861203439707217,3.17,6.340000000000001,5.42,7.13
2016-10-09,4365,2354,4786,611,13837.05,14924.36,25940.12,4356.43,59057.96,2016,10,6,9,40,4,1,12116,0.23429610504663553,0.252707001731858,0.43923156167263483,0.07376533154887166,3.17,6.34,5.42,7.130000000000001
2016-10-10,4517,698,3215,490,14318.89,4425.32,17425.3,3493.7,39663.20999999999,2016,10,0,10,41,4,0,8920,0.36101187977473337,0.11157241181437409,0.43933156191846306,0.08808414649242965,3.17,6.34,5.42,7.13
2016-10-11,3968,2288,2973,1835,12578.56,14505.92,16113.66,13083.55,56281.69,2016,10,1,11,41,4,0,11064,0.22349293349222454,0.25773781846280736,0.28630376948524466,0.2324654785597234,3.17,6.34,5.42,7.13
2016-10-12,7081,3222,983,1770,22446.77,20427.48,5327.86,12620.1,60822.21,2016,10,2,12,41,4,0,13056,0.3690554815420222,0.33585560274774623,0.08759727737614269,0.20749163833408882,3.17,6.34,5.42,7.13
2016-10-13,1058,3450,1653,515,3353.86,21873.0,8959.26,3671.95,37858.07,2016,10,3,13,41,4,0,6676,0.0885903586738574,0.5777632087425482,0.23665390232518457,0.0969925302584099,3.17,6.34,5.42,7.13
2016-10-14,6565,642,4151,936,20811.05,4070.28,22498.42,6673.68,54053.43,2016,10,4,14,41,4,0,12294,0.3850088699274033,0.07530104935061475,0.41622557532426707,0.12346450539771482,3.17,6.340000000000001,5.42,7.13
2016-10-15,2348,1974,3405,274,7443.16,12515.16,18455.1,1953.62,40367.04,2016,10,5,15,41,4,1,8001,0.18438706429800153,0.310034126852006,0.4571823943494494,0.048396414500543015,3.17,6.34,5.42,7.13
2016-10-16,3151,667,2420,1511,9988.67,4228.78,13116.4,10773.43,38107.28,2016,10,6,16,41,4,1,7749,0.26211973145288775,0.11097039725742693,0.34419669942331227,0.28271317186637307,3.17,6.34,5.42,7.13
2016-10-17,1015,1995,1272,387,3217.55,12648.3,6894.24,2759.31,25519.4,2016,10,0,17,42,4,0,4669,0.12608250977687563,0.495634693605649,0.2701568218688527,0.10812597474862261,3.1700000000000004,6.34,5.42,7.13
2016-10-18,670,1641,5074,1942,2123.9,10403.94,27501.08,13846.46,53875.38,2016,10,1,18,42,4,0,9327,0.039422459758056465,0.1931112133223005,0.5104572812293854,0.2570090456902578,3.17,6.340000000000001,5.42,7.13
2016-10-19,3222,559,4903,542,10213.74,3544.06,26574.26,3864.46,44196.52,2016,10,2,19,42,4,0,9226,0.23109828556637493,0.08018866643799105,0.6012749420090089,0.0874381059866252,3.17,6.34,5.42,7.13
2016-10-20,3962,348,4050,690,12559.54,2206.32,21951.0,4919.7,41636.56,2016,10,3,20,42,4,0,9050,0.301646917997068,0.052989968431589936,0.5272049371994229,0.11815817637191929,3.1700000000000004,6.340000000000001,5.42,7.13
2016-10-21,3028,2830,2013,260,9598.76,17942.2,10910.46,1853.8,40305.22,2016,10,4,21,42,4,0,8131,0.23815178282118296,0.4451582202007581,0.27069595451904244,0.04599404245901647,3.17,6.34,5.42,7.13
2016-10-22,3961,2621,1555,1903,12556.37,16617.14,8428.1,13568.39,51170.0,2016,10,5,22,42,4,1,10040,0.24538538205980068,0.3247437951924956,0.1647078366230213,0.2651629861246824,3.1700000000000004,6.34,5.42,7.13
2016-10-23,1829,3452,2300,1148,5797.93,21885.68,12466.0,8185.24,48334.85,2016,10,6,23,42,4,1,8729,0.11995340835856531,0.4527929640828512,0.2579091483681029,0.16934447919048057,3.1700000000000004,6.34,5.42,7.13
2016-10-24,6009,3261,515,1292,19048.53,20674.74,2791.3,9211.96,51726.530000000006,2016,10,0,24,43,4,0,11077,0.36825454945460284,0.3996931555238675,0.05396263774121326,0.17808965728031628,3.17,6.340000000000001,5.42,7.129999999999999
2016-10-25,1163,2127,1522,988,3686.71,13485.18,8249.24,7044.44,32465.57,2016,10,1,25,43,4,0,5800,0.11355753187145644,0.41536865054271344,0.25409195033384596,0.21698186725198418,3.17,6.34,5.42,7.13
2016-10-26,2308,3832,3304,760,7316.36,24294.88,17907.68,5418.8,54937.72,2016,10,2,26,43,4,0,10204,0.13317553040060634,0.4422258513822561,0.32596329079546804,0.09863532742166949,3.17,6.34,5.42,7.13
2016-10-27,6864,3146,4267,1942,21758.88,19945.64,23127.14,13846.46,78678.12,2016,10,3,27,43,4,0,16219,0.27655566757314487,0.2535093619420495,0.2939462712123777,0.17598869927242797,3.17,6.34,5.42,7.13
2016-10-28,6617,2280,2261,1549,20975.89,14455.2,12254.62,11044.37,58730.08,2016,10,4,28,43,4,0,12707,0.35715752473008716,0.2461294110275348,0.20866002566316955,0.1880530385792085,3.17,6.340000000000001,5.42,7.130000000000001
2016-10-29,4018,2068,4079,790,12737.06,13111.12,22108.18,5632.7,53589.06,2016,10,5,29,43,4,1,10955,0.23768022801668848,0.2446603840410711,0.4125502481290025,0.105109139813238,3.17,6.340000000000001,5.42,7.13
2016-10-30,902,2024,953,1678,2859.34,12832.16,5165.26,11964.14,32820.9,2016,10,6,30,43,4,1,5557,0.08711948788729133,0.39097526271369765,0.15737715906632663,0.3645280903326843,3.1700000000000004,6.34,5.42,7.13
2016-11-01,3125,2582,406,648,9906.25,16369.88,2200.52,4620.24,33096.89,2016,11,1,1,44,4,0,6761,0.2993105998781154,0.4946047800865882,0.0664872137533164,0.13959740628197997,3.17,6.34,5.42,7.13
2016-11-02,2390,2817,1793,707,7576.3,17859.78,9718.06,5040.91,40195.05,2016,11,2,2,44,4,0,7707,0.18848838351986127,0.444327846339288,0.24177255657102054,0.1254112135698301,3.17,6.34,5.42,7.13
2016-11-03,2348,618,1912,1004,7443.16,3918.12,10363.04,7158.52,28882.84,2016,11,3,3,44,4,0,5882,0.25770180494715894,0.13565563497218416,0.35879574169299144,0.24784681838766548,3.17,6.34,5.420000000000001,7.130000000000001
2016-11-04,3857,353,5416,1524,12226.69,2238.02,29354.72,10866.12,54685.55,2016,11,4,4,44,4,0,11150,0.22358173228576836,0.04092525356332705,0.5367911632963369,0.19870185085456762,3.17,6.34,5.42,7.130000000000001
2016-11-05,6250,923,5975,1593,19812.5,5851.82,32384.5,11358.09,69406.91,2016,11,5,5,44,4,1,14741,0.28545428690025243,0.08431177817885856,0.4665889894824593,0.1636449454384297,3.17,6.34,5.42,7.13
2016-11-06,2844,3721,2371,1573,9015.48,23591.14,12850.82,11215.49,56672.93,2016,11,6,6,44,4,1,10509,0.15907912296046806,0.4162682254120265,0.22675411347181096,0.19789853815569444,3.17,6.34,5.42,7.13
2016-11-07,1898,2737,2257,1894,6016.66,17352.58,12232.94,13504.22,49106.4,2016,11,0,7,45,4,0,8786,0.1225229298014108,0.3533669745695062,0.24911091018685955,0.2749991854422234,3.17,6.340000000000001,5.42,7.13
2016-11-08,1374,3429,988,1873,4355.58,21739.86,5354.96,13354.49,44804.89,2016,11,1,8,45,4,0,7664,0.09721215697661573,0.48521177041166713,0.11951731161487061,0.29805876099684653,3.17,6.34,5.42,7.13
2016-11-09,2369,2378,2358,1388,7509.73,15076.52,12780.36,9896.44,45263.05,2016,11,2,9,45,4,0,8493,0.1659130350252579,0.3330867009624848,0.28235746375907056,0.21864280025318664,3.17,6.34,5.42,7.130000000000001
2016-11-10,3146,3986,4910,1163,9972.82,25271.24,26612.2,8292.19,70148.45,2016,11,3,10,45,4,0,13205,0.14216736078986777,0.3602537190771856,0.37936975086406044,0.11820916926888621,3.17,6.340000000000001,5.42,7.130000000000001
2016-11-11,3111,3198,1388,1400,9861.87,20275.32,7522.96,9982.0,47642.15,2016,11,4,11,45,4,0,9097,0.2069988445105857,0.42557525216641146,0.1579055521213883,0.20952035120161452,3.1700000000000004,6.34,5.42,7.13
2016-11-12,3241,2679,4723,687,10273.97,16984.86,25598.66,4898.31,57755.8,2016,11,5,12,45,4,1,11330,0.17788637677947494,0.2940805945030629,0.4432223257231308,0.08481070299433131,3.17,6.34,5.42,7.130000000000001
2016-11-13,809,2846,3093,489,2564.53,18043.64,16764.06,3486.57,40858.8,2016,11,6,13,45,4,1,7237,0.06276567104271295,0.4416096410075675,0.41029251960409996,0.08533216834561955,3.1700000000000004,6.34,5.420000000000001,7.13
2016-11-14,3162,599,512,253,10023.54,3797.66,2775.04,1803.89,18400.13,2016,11,0,14,46,4,0,4526,0.5447537598919138,0.20639310700522223,0.15081632575422022,0.09803680734864373,3.1700000000000004,6.34,5.42,7.130000000000001
2016-11-15,5461,790,4408,1946,17311.37,5008.6,23891.36,13874.98,60086.31,2016,11,1,15,46,4,0,12605,0.2881083894151596,0.08335675797032636,0.39761736075988025,0.23091749185463378,3.17,6.340000000000001,5.42,7.13
2016-11-16,5909,413,2747,1204,18731.53,2618.42,14888.74,8584.52,44823.20999999999,2016,11,2,16,46,4,0,10273,0.41789800418131595,0.05841661050156829,0.3321658578223202,0.1915195274947957,3.17,6.34,5.42,7.130000000000001
2016-11-17,4379,3508,4517,1234,13881.43,22240.72,24482.14,8798.42,69402.71,2016,11,3,17,46,4,0,13638,0.20001279488942145,0.3204589561416262,0.35275481317660357,0.12677343579234873,3.17,6.340000000000001,5.42,7.13
2016-11-18,2296,1508,963,1748,7278.32,9560.72,5219.46,12463.24,34521.74,2016,11,4,18,46,4,0,6515,0.21083294179262113,0.2769478015882166,0.15119342188429669,0.36102583473486566,3.17,6.34,5.42,7.13
2016-11-19,5871,754,4962,275,18611.07,4780.36,26894.04,1960.75,52246.22,2016,11,5,19,46,4,1,11862,0.35621849772098346,0.09149676282800936,0.514755708642654,0.037529030808353216,3.17,6.34,5.42,7.13
2016-11-20,2742,3692,4350,1461,8692.14,23407.28,23577.0,10416.93,66093.35,2016,11,6,20,46,4,1,12245,0.13151307960634465,0.3541548431120528,0.35672272626519913,0.1576093510164033,3.17,6.34,5.42,7.13
2016-11-21,4476,1091,4240,1776,14188.92,6916.94,22980.8,12662.88,56749.54,2016,11,0,21,47,4,0,11583,0.25002704867739894,0.12188539325605105,0.40495130004578006,0.22313625802076983,3.17,6.34,5.42,7.13
2016-11-22,4201,3747,1135,1411,13317.17,23755.98,6151.7,10060.43,53285.28,2016,11,1,22,47,4,0,10494,0.24992211732771227,0.44582631450937293,0.1154483940029967,0.1888031741599181,3.17,6.34,5.42,7.13
2016-11-23,4949,2156,1368,371,15688.33,13669.04,7414.56,2645.23,39417.16,2016,11,2,23,47,4,0,8844,0.3980076190166922,0.34677891557890017,0.1881048761503873,0.06710858925402033,3.17,6.340000000000001,5.42,7.13
2016-11-24,6578,445,2669,1127,20852.26,2821.3,14465.98,8035.51,46175.05,2016,11,3,24,47,4,0,10819,0.4515914980059577,0.061100096264108,0.31328563802313153,0.1740227677068027,3.17,6.340000000000001,5.42,7.13
2016-11-25,4085,3269,334,960,12949.45,20725.46,1810.28,6844.8,42329.990000000005,2016,11,4,25,47,4,0,8648,0.30591667987637133,0.48961646341045667,0.0427658971806986,0.1617009595324733,3.1700000000000004,6.34,5.42,7.13
2016-11-26,4844,309,1662,1303,15355.48,1959.06,9008.04,9290.39,35612.97,2016,11,5,26,47,4,1,8118,0.4311766190800711,0.05500973381327084,0.25294267790639197,0.26087096920026603,3.17,6.34,5.420000000000001,7.13
2016-11-27,4814,3074,4025,1637,15260.38,19489.16,21815.5,11671.81,68236.85,2016,11,6,27,47,4,1,13550,0.2236384006588815,0.2856104875884511,0.3197026240220643,0.17104848773060302,3.17,6.34,5.42,7.13
2016-11-28,2077,1601,4732,778,6584.09,10150.34,25647.44,5547.14,47929.01,2016,11,0,28,48,4,0,9188,0.13737170870001278,0.21177862843401105,0.5351130766105955,0.11573658625538062,3.17,6.34,5.42,7.130000000000001
2016-11-29,646,629,5853,740,2047.82,3987.86,31723.26,5276.2,43035.14,2016,11,1,29,48,4,0,7868,0.04758483416110648,0.09266520336636526,0.7371478284955039,0.12260213397702435,3.17,6.34,5.42,7.13
2016-11-30,4850,3816,5506,1172,15374.5,24193.44,29842.52,8356.36,77766.82,2016,11,2,30,48,4,0,15344,0.19769999596228827,0.3111023441616874,0.38374360684929637,0.10745405302672785,3.17,6.34,5.42,7.130000000000001
2016-12-01,815,1082,5228,544,2583.55,6859.88,28335.76,3878.72,41657.91,2016,12,3,1,48,4,0,7669,0.06201823375200532,0.16467172741023253,0.6802011910823178,0.09310884775544427,3.1700000000000004,6.34,5.42,7.13
2016-12-02,6866,2226,5550,436,21765.22,14112.84,30081.0,3108.68,69067.73999999999,2016,12,4,2,48,4,0,15078,0.31512859693975803,0.20433331103638258,0.43552894593047353,0.04500914609338601,3.1700000000000004,6.34,5.42,7.13
2016-12-03,3415,3470,2646,1694,10825.55,21999.8,14341.32,12078.22,59244.89,2016,12,5,3,48,4,1,11225,0.18272546374885665,0.3713366671792284,0.24206847206569207,0.2038693970062228,3.17,6.34,5.42,7.13
2016-12-04,1826,3466,2009,592,5788.42,21974.44,10888.78,4220.96,42872.6,2016,12,6,4,48,4,1,7893,0.13501443812598257,0.5125520728857126,0.25397993123813345,0.09845355775017144,3.17,6.34,5.42,7.13
2016-12-05,633,1694,4638,1560,2006.61,10739.96,25137.96,11122.8,49007.33,2016,12,0,5,49,4,0,8525,0.04094509943716582,0.21915007408075482,0.5129428597722014,0.22696196670987787,3.17,6.34,5.42,7.13
2016-12-06,307,1964,1083,458,973.19,12451.76,5869.86,3265.54,22560.35,2016,12,1,6,49,4,0,3812,0.043137185371680854,0.551931153550366,0.2601847932323745,0.14474686784557864,3.1700000000000004,6.34,5.42,7.13
2016-12-07,5787,2692,1692,1872,18344.79,17067.28,9170.64,13347.36,57930.07,2016,12,2,7,49,4,0,12043,0.3166712900571327,0.2946186669548302,0.15830534988133105,0.23040469310670608,3.17,6.34,5.42,7.13
2016-12-08,6802,3001,1408,1698,21562.34,19026.34,7631.36,12106.74,60326.78,2016,12,3,8,49,4,0,12909,0.35742567397099595,0.3153879587141896,0.12650037015070256,0.20068599716411187,3.17,6.34,5.42,7.13
2016-12-09,4899,1642,4317,1116,15529.83,10410.28,23398.14,7957.08,57295.33,2016,12,4,9,49,4,0,11974,0.271048792283769,0.18169508754029343,0.4083777857636914,0.13887833441224615,3.17,6.340000000000001,5.42,7.13
2016-12-10,6474,1423,798,1990,20522.58,9021.82,4325.16,14188.7,48058.26,2016,12,5,10,49,4,1,10685,0.42703543573987074,0.18772673001477788,0.08999826460633406,0.2952395696390173,3.1700000000000004,6.34,5.42,7.130000000000001
2016-12-11,6497,3067,1367,1097,20595.49,19444.78,7409.14,7821.61,55271.02,2016,12,6,11,49,4,1,12028,0.37262728279666274,0.35180787327608576,0.13405108138044133,0.14151376254681025,3.1700000000000004,6.34,5.42,7.13
2016-12-12,4514,501,1422,440,14309.38,3176.34,7707.24,3137.2,28330.16,2016,12,0,12,50,4,0,6877,0.5050935116497753,0.11211867493865196,0.2720507049730746,0.11073710843849804,3.17,6.34,5.42,7.13
2016-12-13,2838,633,4171,1626,8996.46,4013.22,22606.82,11593.38,47209.88,2016,12,1,13,50,4,0,9268,0.1905630770508207,0.08500805339899191,0.4788578153555993,0.24557105419458808,3.1699999999999995,6.34,5.42,7.13
2016-12-14,1518,1492,903,1424,4812.06,9459.28,4894.26,10153.12,29318.72,2016,12,2,14,50,4,0,5337,0.16412926621626048,0.32263618602722083,0.16693293568068457,0.34630161207583415,3.1700000000000004,6.340000000000001,5.42,7.130000000000001
2016-12-15,6276,3297,2452,1609,19894.92,20902.98,13289.84,11472.17,65559.90999999999,2016,12,3,15,50,4,0,13634,0.30346167345257186,0.31883783855102915,0.20271290793413235,0.17498758006226675,3.17,6.34,5.42,7.13
2016-12-16,4653,2114,3869,870,14750.01,13402.76,20969.98,6203.1,55325.85,2016,12,4,16,50,4,0,11506,0.26660250136238306,0.24225131651840867,0.37902680211872025,0.11211938000048803,3.17,6.34,5.42,7.130000000000001
2016-12-17,4094,769,2336,802,12977.98,4875.46,12661.12,5718.26,36232.82,2016,12,5,17,50,4,1,8001,0.3581829954168624,0.13455922006622725,0.3494378853205464,0.15781989919636397,3.17,6.34,5.42,7.13
2016-12-18,2593,2698,3642,1667,8219.81,17105.32,19739.64,11885.71,56950.48,2016,12,6,18,50,4,1,10600,0.14433258508093344,0.30035427269445314,0.34661059924341286,0.20870254298120047,3.17,6.34,5.42,7.13
2016-12-19,833,3132,1384,1134,2640.61,19856.88,7501.28,8085.42,38084.19,2016,12,0,19,51,4,0,6483,0.06933612084174562,0.5213943108675805,0.19696572252160277,0.2123038457690711,3.1700000000000004,6.340000000000001,5.42,7.13
2016-12-20,6775,2931,4695,1640,21476.75,18582.54,25446.9,11693.2,77199.39,2016,12,1,20,51,4,0,16041,0.2781984417234385,0.24070837865428732,0.3296256615499164,0.15146751807235784,3.17,6.34,5.42,7.130000000000001
2016-12-21,5480,876,2038,731,17371.6,5553.84,11045.96,5212.03,39183.42999999999,2016,12,2,21,51,4,0,9125,0.443340463047773,0.14173950570432453,0.28190385578802063,0.13301617545988192,3.17,6.34,5.42,7.13
2016-12-22,6744,3069,560,1283,21378.48,19457.46,3035.2,9147.79,53018.93,2016,12,3,22,51,4,0,11656,0.40322352789843174,0.3669908087545335,0.05724747745757977,0.17253818588945496,3.17,6.34,5.42,7.130000000000001
2016-12-23,5080,3814,2500,892,16103.6,24180.76,13550.0,6359.96,60194.32,2016,12,4,23,51,4,0,12286,0.26752690287056985,0.4017116565150997,0.22510429555479652,0.10565714505953386,3.17,6.34,5.42,7.13
2016-12-24,3403,2168,3464,329,10787.51,13745.12,18774.88,2345.77,45653.28,2016,12,5,24,51,4,1,9364,0.23629211307489847,0.3010762863040728,0.41124931220714045,0.05138228841388833,3.17,6.340000000000001,5.42,7.13
2016-12-25,7277,3223,1090,1170,23068.09,20433.82,5907.8,8342.1,57751.810000000005,2016,12,6,25,51,4,1,12760,0.39943492680142834,0.3538212914885265,0.10229636092790857,0.14444742078213652,3.17,6.34,5.42,7.13
2016-12-26,5882,3977,3649,311,18645.94,25214.18,19777.58,2217.43,65855.12999999999,2016,12,0,26,52,4,0,13819,0.2831357253413668,0.38287343749833924,0.3003195043423345,0.033671332817959664,3.17,6.34,5.420000000000001,7.13
2016-12-27,7509,1680,487,1017,23803.53,10651.2,2639.54,7251.21,44345.48,2016,12,1,27,52,4,0,10693,0.5367746611379558,0.24018682400100302,0.05952218805614461,0.16351632680489644,3.17,6.340000000000001,5.42,7.13
2016-12-28,4696,1315,5914,1798,14886.32,8337.1,32053.88,12819.74,68097.04000000001,2016,12,2,28,52,4,0,13723,0.21860450909466841,0.12242969738479087,0.4707088590047379,0.18825693451580272,3.17,6.34,5.42,7.13
2016-12-29,3335,629,4381,1772,10571.95,3987.86,23745.02,12634.36,50939.19,2016,12,3,29,52,4,0,10117,0.207540598898412,0.07828667868491823,0.46614443614042544,0.2480282862762443,3.1700000000000004,6.34,5.42,7.13
2016-12-30,5391,1786,5678,1238,17089.47,11323.24,30774.76,8826.94,68014.41,2016,12,4,30,52,4,0,14093,0.25126248981649624,0.16648295559720358,0.45247411541171934,0.1297804391745808,3.1700000000000004,6.34,5.42,7.130000000000001
2017-01-01,3016,1114,1911,538,9560.72,7062.76,10357.62,3835.94,30817.04,2017,1,6,1,52,1,1,6579,0.3102413469950391,0.22918359453081802,0.33610041717179845,0.12447464130234441,3.17,6.34,5.420000000000001,7.13
2017-01-02,2554,1816,5295,827,8096.18,11513.44,28698.9,5896.51,54205.030000000006,2017,1,0,2,1,1,0,10492,0.14936215329093996,0.21240538009110962,0.5294508646153318,0.10878160200261856,3.17,6.34,5.42,7.13
2017-01-03,4537,2589,3430,659,14382.29,16414.26,18590.6,4698.67,54085.81999999999,2017,1,1,3,1,1,0,11215,0.26591609408898675,0.30348546069931087,0.3437241036560045,0.08687434155569798,3.1700000000000004,6.339999999999999,5.42,7.13
2017-01-04,6337,958,3245,1306,20088.29,6073.72,17587.9,9311.78,53061.69,2017,1,2,4,1,1,0,11846,0.37858368250238544,0.114465257325954,0.33146136129474957,0.17548969887691102,3.17,6.34,5.420000000000001,7.130000000000001
2017-01-05,5060,3394,3810,1485,16040.2,21517.96,20650.2,10588.05,68796.41,2017,1,3,5,1,1,0,13749,0.2331546079221285,0.3127773673073929,0.3001639184370231,0.15390410633345547,3.17,6.34,5.42,7.13
2017-01-06,7837,2404,2399,975,24843.29,15241.36,13002.58,6951.75,60038.98,2017,1,4,6,1,1,0,13615,0.4137860103552725,0.2538577437524755,0.2165689690264558,0.11578727686579618,3.17,6.34,5.42,7.13
2017-01-07,3544,1507,3841,624,11234.48,9554.38,20818.22,4449.12,46056.2,2017,1,5,7,1,1,1,9516,0.24392980749605916,0.20745046269557627,0.4520177522244563,0.09660197758390836,3.17,6.34,5.42,7.13
2017-01-08,1570,2166,4280,802,4976.9,13732.44,23197.6,5718.26,47625.2,2017,1,6,8,1,1,1,8818,0.10450139841932422,0.2883439859570144,0.4870866684024424,0.12006794722121902,3.17,6.34,5.42,7.13
2017-01-09,4928,2285,1793,1705,15621.76,14486.9,9718.06,12156.65,51983.37,2017,1,0,9,2,1,0,10711,0.3005145684090893,0.27868335585014975,0.1869455558575752,0.2338565198831857,3.17,6.34,5.42,7.13
2017-01-10,5264,3565,4623,873,16686.88,22602.1,25056.66,6224.49,70570.13,2017,1,1,10,2,1,0,14325,0.23645811620298843,0.32027856544971645,0.35506042003890315,0.08820289830839194,3.1700000000000004,6.34,5.42,7.13
2017-01-11,6138,1653,1271,682,19457.46,10480.02,6888.82,4862.66,41688.96000000001,2017,1,2,11,2,1,0,9744,0.466729321144015,0.2513859784460922,0.1652432682417599,0.11664143216813275,3.17,6.34,5.42,7.13
2017-01-12,7919,1880,5802,1065,25103.23,11919.2,31446.84,7593.45,76062.72,2017,1,3,12,2,1,0,16666,0.33003329357666933,0.1567022583467959,0.41343301948707595,0.0998314285894588,3.17,6.340000000000001,5.42,7.13
2017-01-13,1142,3259,5839,968,3620.14,20662.06,31647.38,6901.84,62831.42,2017,1,4,13,2,1,0,11208,0.05761671469465436,0.3288491649560045,0.5036871679806059,0.10984695236873526,3.17,6.340000000000001,5.42,7.13
2017-01-14,1684,2419,5674,1380,5338.28,15336.46,30753.08,9839.4,61267.22,2017,1,5,14,2,1,1,11157,0.08713109555158532,0.2503208077663716,0.5019499823886248,0.16059811429341822,3.17,6.34,5.42,7.13
2017-01-15,2182,3414,3874,1549,6916.94,21644.76,20997.08,11044.37,60603.15,2017,1,6,15,2,1,1,11019,0.11413499133295876,0.3571556924021276,0.3464684591477506,0.18224085711716306,3.17,6.34,5.420000000000001,7.130000000000001
2017-01-16,5975,3366,4019,1663,18940.75,21340.44,21782.98,11857.19,73921.36,2017,1,0,16,3,1,0,15023,0.256228375668413,0.2886911171547709,0.29467774943534586,0.16040275774147014,3.17,6.34,5.42,7.13
2017-01-17,3884,1738,1850,1547,12312.28,11018.92,10027.0,11030.11,44388.31,2017,1,1,17,3,1,0,9019,0.27737663362268133,0.24823923235644701,0.22589280826415786,0.2484913257567139,3.1700000000000004,6.34,5.42,7.130000000000001
2017-01-18,324,1948,4185,860,1027.08,12350.32,22682.7,6131.8,42191.9,2017,1,2,18,3,1,0,7317,0.024343061108885827,0.29271779654388635,0.5376079294840953,0.1453312128631325,3.17,6.34,5.42,7.13
2017-01-19,752,3412,3927,1503,2383.84,21632.08,21284.34,10716.39,56016.65,2017,1,3,19,3,1,0,9594,0.04255591864204661,0.3861723255496357,0.37996452840360856,0.19130722740470912,3.1700000000000004,6.340000000000001,5.42,7.13
2017-01-20,5686,1429,3598,265,18024.62,9059.86,19501.16,1889.45,48475.09,2017,1,4,20,3,1,0,10978,0.3718326257878015,0.18689722907167375,0.40229239388725224,0.03897775125327256,3.17,6.340000000000001,5.42,7.13
2017-01-21,4092,2134,3709,1692,12971.64,13529.56,20102.78,12063.96,58667.94,2017,1,5,21,3,1,1,11627,0.22110270106637456,0.23061249466062722,0.34265358558694914,0.20563121868604894,3.17,6.34,5.42,7.13
2017-01-22,4988,1376,2346,1159,15811.96,8723.84,12715.32,8263.67,45514.78999999999,2017,1,6,22,3,1,1,9869,0.3474026794367282,0.1916704438271604,0.27936677286657813,0.18156010386953342,3.17,6.34,5.42,7.13
2017-01-23,5805,3890,4541,646,18401.85,24662.6,24612.22,4605.98,72282.65,2017,1,0,23,4,1,0,14882,0.25458183948706914,0.3411966772109213,0.3404996911430337,0.06372179215897592,3.17,6.34,5.42,7.129999999999999
2017-01-24,1177,3269,1386,491,3731.09,20725.46,7512.12,3500.83,35469.5,2017,1,1,24,4,1,0,6323,0.10519150255853621,0.5843177941611807,0.21179097534501473,0.09869972793526832,3.17,6.34,5.42,7.13
2017-01-25,7191,1232,4155,327,22795.47,7810.88,22520.1,2331.51,55457.96,2017,1,2,25,4,1,0,12905,0.41104054314295013,0.140843262175529,0.40607516035570007,0.04204103432582086,3.1700000000000004,6.34,5.42,7.130000000000001
2017-01-26,2623,3341,1132,686,8314.91,21181.94,6135.44,4891.18,40523.47,2017,1,3,26,4,1,0,7782,0.2051875123231056,0.5227079517129208,0.15140460577536918,0.12069993018860428,3.17,6.34,5.42,7.130000000000001
2017-01-27,3623,2887,2568,980,11484.91,18303.58,13918.56,6987.4,50694.45,2017,1,4,27,4,1,0,10058,0.22655162448749322,0.3610568809800679,0.27455786580187774,0.13783362873056124,3.17,6.340000000000001,5.42,7.13
2017-01-28,5876,1638,5728,1347,18626.92,10384.92,31045.76,9604.11,69661.70999999999,2017,1,5,28,4,1,1,14589,0.26739108184395705,0.14907644385990526,0.4456646269521664,0.13786784734397134,3.1699999999999995,6.34,5.42,7.130000000000001
2017-01-29,797,687,1284,1782,2526.49,4355.58,6959.28,12705.66,26547.01,2017,1,6,29,4,1,1,4550,0.09517041655538608,0.164070454638771,0.262149296662788,0.4786098321430549,3.17,6.34,5.42,7.13
2017-01-30,4860,709,2814,1613,15406.2,4495.06,15251.88,11500.69,46653.83,2017,1,0,30,5,1,0,9996,0.3302236922456313,0.09634921720253194,0.3269159252305759,0.24651116532126088,3.17,6.340000000000001,5.42,7.13
2017-01-31,1618,1589,3200,1319,5129.06,10074.26,17344.0,9404.47,41951.79,2017,1,1,31,5,1,0,7726,0.1222608141392775,0.24013897857516925,0.4134269360139341,0.22417327127161915,3.1700000000000004,6.34,5.42,7.13
2017-02-01,720,2116,2558,777,2282.4,13415.44,13864.36,5540.01,35102.21,2017,2,2,1,5,1,0,6171,0.06502154707638066,0.3821822044822819,0.3949711428425732,0.1578251055987643,3.17,6.34,5.42,7.13
2017-02-02,584,939,3151,1239,1851.28,5953.26,17078.42,8834.07,33717.03,2017,2,3,2,5,1,0,5913,0.054906378171505614,0.17656537364056088,0.5065220750463489,0.26200617314158453,3.17,6.34,5.419999999999999,7.13
2017-02-03,5783,1778,3740,959,18332.11,11272.52,20270.8,6837.67,56713.1,2017,2,4,3,5,1,0,12260,0.32324295444967743,0.1987639540070989,0.35742712001283655,0.12056597153038716,3.17,6.34,5.42,7.13
2017-02-04,5448,2687,514,499,17270.16,17035.58,2785.88,3557.87,40649.490000000005,2017,2,5,4,5,1,1,9148,0.42485551479243644,0.41908471668402236,0.06853419317191925,0.08752557535162186,3.17,6.340000000000001,5.42,7.13
2017-02-05,7369,2993,5869,1370,23359.73,18975.62,31809.98,9768.1,83913.43000000001,2017,2,6,5,5,1,1,17601,0.27837891979865437,0.22613328998707355,0.3790809170832368,0.11640687313103516,3.17,6.34,5.42,7.13
2017-02-06,2300,1573,4101,1343,7291.0,9972.82,22227.42,9575.59,49066.83,2017,2,0,6,6,1,0,9317,0.14859325536212548,0.2032497310301073,0.4530029757373769,0.19515403787039023,3.17,6.34,5.42,7.13
2017-02-07,2496,2422,4276,1255,7912.32,15355.48,23175.92,8948.15,55391.87,2017,2,1,7,6,1,0,10449,0.14284262293365432,0.2772154108536144,0.41839930661304625,0.16154265959968492,3.17,6.34,5.42,7.13
2017-02-08,7753,2180,2143,1177,24577.01,13821.2,11615.06,8392.01,58405.28,2017,2,2,8,6,1,0,13253,0.4208011672917243,0.23664298844214088,0.1988700336681889,0.14368581059794594,3.17,6.340000000000001,5.42,7.13
2017-02-09,752,454,5027,1133,2383.84,2878.36,27246.34,8078.29,40586.83,2017,2,3,9,6,1,0,7366,0.05873432342461828,0.07091857136908697,0.671309880569633,0.19903722463666168,3.1700000000000004,6.34,5.42,7.13
2017-02-10,6033,3637,2166,997,19124.61,23058.58,11739.72,7108.61,61031.52,2017,2,4,10,6,1,0,12833,0.313356278853943,0.3778142835046547,0.192355032284957,0.11647440535644532,3.17,6.340000000000001,5.42,7.13
2017-02-11,7263,1817,591,1331,23023.71,11519.78,3203.22,9490.03,47236.74,2017,2,5,11,6,1,1,11002,0.4874110702813107,0.2438733070910482,0.06781204630124771,0.2009035763263934,3.17,6.340000000000001,5.42,7.130000000000001
2017-02-12,2584,738,2053,1641,8191.28,4678.92,11127.26,11700.33,35697.79,2017,2,6,12,6,1,1,7016,0.2294618238271893,0.13107029874958645,0.31170725134525135,0.3277606260779729,3.17,6.34,5.42,7.13
2017-02-13,1245,1913,2437,1247,3946.65,12128.42,13208.54,8891.11,38174.72,2017,2,0,13,7,1,0,6842,0.10338386240946888,0.31770815869769314,0.3460022758516631,0.2329057030411749,3.17,6.34,5.42,7.130000000000001
2017-02-14,1546,3181,3709,1572,4900.82,20167.54,20102.78,11208.36,56379.5,2017,2,1,14,7,1,0,10008,0.08692556691705318,0.3577105153468903,0.356561870892789,0.19880204684326752,3.17,6.34,5.42,7.130000000000001
2017-02-15,2451,1931,4116,465,7769.67,12242.54,22308.72,3315.45,45636.38,2017,2,2,15,7,1,0,8963,0.17025167202131283,0.2682627324954346,0.4888363187439495,0.07264927673930316,3.17,6.340000000000001,5.42,7.13
2017-02-16,1039,2016,3996,1259,3293.63,12781.44,21658.32,8976.67,46710.06,2017,2,3,16,7,1,0,8310,0.07051221942339617,0.27363355987982035,0.4636757049766153,0.19217851572016822,3.17,6.34,5.42,7.13
2017-02-17,3011,2599,791,613,9544.87,16477.66,4287.22,4370.69,34680.44,2017,2,4,17,7,1,0,7014,0.2752234400716946,0.4751283432390131,0.1236206922403522,0.12602752444894008,3.1700000000000004,6.34,5.42,7.129999999999999
2017-02-18,7071,1313,1733,381,22415.07,8324.42,9392.86,2716.53,42848.88,2017,2,5,18,7,1,1,10498,0.5231191573735416,0.19427392267895918,0.21920899682792178,0.06339792311957747,3.17,6.34,5.42,7.130000000000001
2017-02-19,4540,3846,3302,268,14391.8,24383.64,17896.84,1910.84,58583.12,2017,2,6,19,7,1,1,11956,0.24566462148140963,0.4162229666156394,0.3054948251305154,0.03261758677243547,3.17,6.34,5.42,7.13
2017-02-20,2904,2194,2590,428,9205.68,13909.96,14037.8,3051.64,40205.08,2017,2,0,20,8,1,0,8116,0.22896808065050486,0.3459751852253496,0.3491548829152933,0.0759018512088522,3.17,6.34,5.42,7.13
2017-02-21,7912,2639,4286,1511,25081.04,16731.26,23230.12,10773.43,75815.85,2017,2,1,21,8,1,0,16348,0.33081525828702046,0.22068287831634145,0.3064018935354546,0.14209996986118337,3.17,6.339999999999999,5.42,7.13
2017-02-22,4749,1530,3310,580,15054.33,9700.2,17940.2,4135.4,46830.13,2017,2,2,22,8,1,0,10169,0.3214667565518183,0.20713587598411537,0.38309097156040356,0.08830639590366288,3.17,6.340000000000001,5.42,7.129999999999999
2017-02-23,3736,860,4351,1578,11843.12,5452.4,23582.42,11251.14,52129.08,2017,2,3,23,8,1,0,10525,0.22718835628789152,0.10459421113896504,0.45238511786511476,0.21583231470802858,3.1700000000000004,6.34,5.42,7.13
2017-02-24,2607,2692,5015,890,8264.19,17067.28,27181.3,6345.7,58858.47,2017,2,4,24,8,1,0,11204,0.1404078291535611,0.2899715198169439,0.4618077907903484,0.10781286023914655,3.1700000000000004,6.34,5.42,7.13
2017-02-25,3715,1796,1088,1718,11776.55,11386.64,5896.96,12249.34,41309.49,2017,2,5,25,8,1,1,8317,0.28508098260230275,0.2756422313613652,0.14275073354815082,0.2965260524881813,3.17,6.34,5.42,7.13
2017-02-26,4270,586,1674,466,13535.9,3715.24,9073.08,3322.58,29646.800000000003,2017,2,6,26,8,1,1,6996,0.4565720415019496,0.12531672895557022,0.3060391003413522,0.11207212920112793,3.17,6.34,5.42,7.13
2017-02-27,2442,3192,3783,1585,7741.14,20237.28,20503.86,11301.05,59783.33,2017,2,0,27,9,1,0,11002,0.12948659768534138,0.3385104175361258,0.34296952009866294,0.18903346467986978,3.17,6.34,5.42,7.13
2017-02-28,924,999,3796,868,2929.08,6333.66,20574.32,6188.84,36025.899999999994,2017,2,1,28,9,1,0,6587,0.08130483901859496,0.1758085155402086,0.5710980155943364,0.17178862984686022,3.17,6.34,5.42,7.13
2017-03-01,5063,1001,5501,1750,16049.71,6346.34,29815.42,12477.5,64688.97,2017,3,2,1,9,1,0,13315,0.24810582082231328,0.09810544208695857,0.4609042314323446,0.1928845056583835,3.17,6.34,5.42,7.13
2017-03-02,5720,1515,5023,1703,18132.4,9605.1,27224.66,12142.39,67104.55,2017,3,3,2,9,1,0,13961,0.2702111853816172,0.1431363447038986,0.40570512729762737,0.18094734261685683,3.1700000000000004,6.34,5.42,7.13
2017-03-03,1649,1497,2528,1173,5227.33,9490.98,13701.76,8363.49,36783.56,2017,3,4,3,9,1,0,6847,0.14211049718950533,0.2580223338904663,0.3724968436986524,0.22737032522137607,3.17,6.34,5.42,7.13
2017-03-04,3498,1449,3860,1750,11088.66,9186.66,20921.2,12477.5,53674.02,2017,3,5,4,9,1,1,10557,0.20659268674118317,0.17115654836362174,0.38978261736311165,0.2324681475320835,3.17,6.34,5.42,7.13
2017-03-05,2326,3052,317,469,7373.42,19349.68,1718.14,3343.97,31785.21,2017,3,6,5,9,1,1,6164,0.23197644439033124,0.6087636356657704,0.05405470028355956,0.10520521966033888,3.17,6.34,5.42,7.13
2017-03-06,6177,3058,560,1584,19581.09,19387.72,3035.2,11293.92,53297.92999999999,2017,3,0,6,10,1,0,11379,0.367389315119743,0.36376121924434973,0.05694780266325541,0.21190166297265206,3.17,6.340000000000001,5.42,7.13
2017-03-07,720,2136,463,427,2282.4,13542.24,2509.46,3044.51,21378.61,2017,3,1,7,10,1,0,3746,0.10676091663583367,0.6334481053726131,0.11738181294293688,0.14240916504861637,3.17,6.34,5.42,7.130000000000001
2017-03-08,6046,3616,4290,1597,19165.82,22925.44,23251.8,11386.61,76729.67,2017,3,2,8,10,1,0,15549,0.24978368863048675,0.29878194445512407,0.3030353186713823,0.14839904824300693,3.17,6.34,5.42,7.130000000000001
2017-03-09,989,2702,1913,667,3135.13,17130.68,10368.46,4755.71,35389.98,2017,3,3,9,10,1,0,6271,0.08858806927836636,0.4840545261681413,0.2929772777492386,0.13438012680425362,3.17,6.34,5.42,7.13
2017-03-10,2372,2851,1921,1630,7519.24,18075.34,10411.82,11621.9,47628.3,2017,3,4,10,10,1,0,8774,0.15787336520514061,0.37950840151758514,0.2186057449037652,0.244012488373509,3.17,6.34,5.42,7.13
2017-03-11,1004,2614,4722,1412,3182.68,16572.76,25593.24,10067.56,55416.24,2017,3,5,11,10,1,1,9752,0.05743226173410538,0.29905962584253276,0.46183645804912066,0.18167165437424118,3.17,6.339999999999999,5.42,7.13
2017-03-12,3699,2763,5481,412,11725.83,17517.42,29707.02,2937.56,61887.83,2017,3,6,12,10,1,1,12355,0.1894690765535001,0.2830511265300463,0.4800139219617169,0.047465874954736656,3.17,6.339999999999999,5.42,7.13
2017-03-13,7174,1581,541,811,22741.58,10023.54,2932.22,5782.43,41479.77,2017,3,0,13,11,1,0,10107,0.5482571383592533,0.2416488808882017,0.07069036303721067,0.1394036177153345,3.1700000000000004,6.340000000000001,5.42,7.130000000000001
2017-03-14,2903,2125,3566,311,9202.51,13472.5,19327.72,2217.43,44220.16,2017,3,1,14,11,1,0,8905,0.20810666447158943,0.3046687302804874,0.4370793773699598,0.05014522787796335,3.17,6.34,5.42,7.13
2017-03-15,2695,1501,2240,1772,8543.15,9516.34,12140.8,12634.36,42834.65,2017,3,2,15,11,1,0,8208,0.1994448419678928,0.22216453268557115,0.2834340889910388,0.29495653635549723,3.17,6.34,5.42,7.13
2017-03-16,5412,2890,2673,697,17156.04,18322.6,14487.66,4969.61,54935.91,2017,3,3,16,11,1,0,11672,0.31229190524012435,0.3335268315387876,0.2637193049136712,0.09046195830741675,3.1700000000000004,6.34,5.42,7.13
2017-03-17,2022,1748,782,1502,6409.74,11082.32,4238.44,10709.26,32439.759999999995,2017,3,4,17,11,1,0,6054,0.19758900805677973,0.3416276815858071,0.13065571385238361,0.3301275965050297,3.17,6.34,5.42,7.13
2017-03-18,7456,1322,3010,775,23635.52,8381.48,16314.2,5525.75,53856.95,2017,3,5,18,11,1,1,12563,0.43885738052377643,0.15562485435955806,0.3029172650883498,0.10260050002831576,3.17,6.34,5.42,7.13
2017-03-19,616,1454,4560,1533,1952.72,9218.36,24715.2,10930.29,46816.57,2017,3,6,19,11,1,1,8163,0.04171001848277223,0.19690378855178842,0.5279156503776334,0.233470542587806,3.17,6.340000000000001,5.42,7.130000000000001
2017-03-20,6173,1714,4401,307,19568.41,10866.76,23853.42,2188.91,56477.5,2017,3,0,20,12,1,0,12595,0.34648151918905756,0.1924086583152583,0.4223526182993227,0.03875720419636138,3.17,6.34,5.42,7.13
2017-03-21,1034,2116,3208,1119,3277.78,13415.44,17387.36,7978.47,42059.05,2017,3,1,21,12,1,0,7477,0.07793281113101698,0.3189667859830405,0.41340353621872106,0.18969686666722144,3.1700000000000004,6.34,5.42,7.13
2017-03-22,5464,1812,2403,288,17320.88,11488.08,13024.26,2053.44,43886.66,2017,3,2,22,12,1,0,9967,0.3946730054189587,0.26176701530715707,0.29677036256575456,0.046789616708129526,3.1700000000000004,6.34,5.42,7.13
2017-03-23,2404,1784,2391,1234,7620.68,11310.56,12959.22,8798.42,40688.88,2017,3,3,23,12,1,0,7813,0.1872914663662406,0.27797668552194116,0.31849537269150685,0.2162364754203114,3.17,6.34,5.42,7.13
2017-03-24,2358,479,1378,991,7474.86,3036.86,7468.76,7065.83,25046.31,2017,3,4,24,12,1,0,5206,0.29844156684158263,0.1212497968762664,0.2981980179914726,0.28211061829067835,3.17,6.34,5.42,7.13
2017-03-25,3714,2265,642,1171,11773.38,14360.1,3479.64,8349.23,37962.35,2017,3,5,25,12,1,1,7792,0.3101330660509689,0.37827215649189266,0.09166028973443426,0.2199344877227042,3.17,6.34,5.42,7.13
2017-03-26,7766,3499,3046,1964,24618.22,22183.66,16509.32,14003.32,77314.52,2017,3,6,26,12,1,1,16275,0.31841651477626715,0.286927474942611,0.21353453400473804,0.18112147627638378,3.17,6.34,5.42,7.13
2017-03-27,933,2868,4176,1553,2957.61,18183.12,22633.92,11072.89,54847.53999999999,2017,3,0,27,13,1,0,9530,0.053924205169457014,0.3315211584694592,0.41266973869748763,0.20188489766359624,3.17,6.34,5.42,7.13
2017-03-28,2269,3654,3386,1932,7192.73,23166.36,18352.12,13775.16,62486.37,2017,3,1,28,13,1,0,11241,0.11510878292337992,0.37074261154872656,0.2936979696532219,0.22045063587467154,3.17,6.34,5.42,7.13
2017-03-29,404,3350,1683,1562,1280.68,21239.0,9121.86,11137.06,42778.6,2017,3,2,29,13,1,0,6999,0.029937398605844982,0.49648656103752814,0.21323418718705148,0.2603418531695754,3.1700000000000004,6.34,5.42,7.13
2017-03-30,7021,3239,1358,305,22256.57,20535.26,7360.36,2174.65,52326.84,2017,3,3,30,13,1,0,11923,0.42533755143631835,0.3924421960126008,0.1406612744052574,0.04155897814582345,3.17,6.34,5.42,7.13
2017-03-31,450,2326,3917,657,1426.5,14746.84,21230.14,4684.41,42087.89,2017,3,4,31,13,1,0,7350,0.03389335982393035,0.3503820220020533,0.5044239566298049,0.11130066154421141,3.17,6.34,5.42,7.13
2017-04-01,487,2954,3305,353,1543.79,18728.36,17913.1,2516.89,40702.14,2017,4,5,1,13,2,1,7099,0.037928963931626196,0.4601320716797692,0.44010216661826623,0.06183679777033836,3.17,6.34,5.42,7.13
2017-04-02,4835,283,2388,1238,15326.95,1794.22,12942.96,8826.94,38891.07,2017,4,6,2,13,2,1,8744,0.3940994680784047,0.046134498227999386,0.3328003060856901,0.2269657276079059,3.17,6.34,5.42,7.130000000000001
2017-04-03,4008,3570,5349,1800,12705.36,22633.8,28991.58,12834.0,77164.74,2017,4,0,3,14,2,0,14727,0.16465240471230772,0.2933179065982727,0.3757102013173374,0.1663194873720821,3.17,6.34,5.42,7.13
2017-04-04,3258,2236,3443,870,10327.86,14176.24,18661.06,6203.1,49368.26,2017,4,1,4,14,2,0,9807,0.20920040528063982,0.28715291970995127,0.37799711798633373,0.12564955702307515,3.1700000000000004,6.34,5.420000000000001,7.130000000000001
2017-04-05,6982,1908,2354,939,22132.94,12096.72,12758.68,6695.07,53683.41,2017,4,2,5,14,2,0,12183,0.412286402819791,0.225334418957365,0.23766523028250253,0.12471394794034134,3.17,6.34,5.42,7.13
2017-04-06,6368,1607,5454,1498,20186.56,10188.38,29560.68,10680.74,70616.36,2017,4,3,6,14,2,0,14927,0.28586236956988437,0.1442778982094234,0.4186095120167621,0.15125022020393009,3.1700000000000004,6.34,5.42,7.13
2017-04-07,4148,1709,1916,1663,13149.16,10835.06,10384.72,11857.19,46226.130000000005,2017,4,4,7,14,2,0,9436,0.28445297064668834,0.23439253945766167,0.22465043039510335,0.25650405950054656,3.17,6.34,5.42,7.13
2017-04-08,722,3134,418,1460,2288.74,19869.56,2265.56,10409.8,34833.66,2017,4,5,8,14,2,1,5734,0.06570483836610909,0.5704126411063322,0.06503939006122239,0.29884313046633626,3.1699999999999995,6.340000000000001,5.42,7.13
2017-04-09,527,3137,4106,1509,1670.59,19888.58,22254.52,10759.17,54572.86,2017,4,6,9,14,2,1,9279,0.03061210279248696,0.36444085943085996,0.4077946437111781,0.19715239406547502,3.17,6.340000000000001,5.42,7.13
2017-04-10,7451,405,5610,881,23619.67,2567.7,30406.2,6281.53,62875.1,2017,4,0,10,15,2,0,14347,0.37566015799577257,0.040838106022893006,0.4835968451740037,0.09990489080733073,3.17,6.34,5.42,7.13
2017-04-11,2317,2405,3943,608,7344.89,15247.7,21371.06,4335.04,48298.69,2017,4,1,11,15,2,0,9273,0.15207224046863382,0.31569593295387516,0.4424770112812584,0.08975481529623267,3.17,6.340000000000001,5.42,7.13
2017-04-12,1801,3781,916,1359,5709.17,23971.54,4964.72,9689.67,44335.1,2017,4,2,12,15,2,0,7857,0.12877313911550894,0.5406898822828865,0.11198170298476828,0.21855527561683633,3.17,6.34,5.42,7.13
2017-04-13,5571,2241,4321,488,17660.07,14207.94,23419.82,3479.44,58767.27,2017,4,3,13,15,2,0,12621,0.30050859942958047,0.24176620761862855,0.39851808668328476,0.05920710626850627,3.17,6.34,5.42,7.13
2017-04-14,3375,1849,3915,1489,10698.75,11722.66,21219.3,10616.57,54257.28,2017,4,4,14,15,2,0,10628,0.19718552054212818,0.2160569051747526,0.3910866891963622,0.195670885086757,3.17,6.34,5.42,7.13
2017-04-15,5932,3636,1901,1730,18804.44,23052.24,10303.42,12334.9,64495.0,2017,4,5,15,15,2,1,13199,0.2915643073106442,0.3574267772695558,0.1597553298705326,0.19125358554926739,3.17,6.340000000000001,5.42,7.13
2017-04-16,2466,934,3099,585,7817.22,5921.56,16796.58,4171.05,34706.41,2017,4,6,16,15,2,1,7084,0.22523850781455068,0.1706186263574942,0.4839618963759144,0.1201809694520407,3.17,6.340000000000001,5.420000000000001,7.13
2017-04-17,7640,1754,5479,1794,24218.8,11120.36,29696.18,12791.22,77826.56,2017,4,0,17,16,2,0,16667,0.3111893934410052,0.14288643876846158,0.38156870867734616,0.16435545911318705,3.17,6.340000000000001,5.42,7.13
2017-04-18,5478,2127,4845,347,17365.26,13485.18,26259.9,2474.11,59584.45,2017,4,1,18,16,2,0,12797,0.29143946113457453,0.2263204577704418,0.4407173348079911,0.041522746286992665,3.17,6.34,5.42,7.130000000000001
2017-04-19,4348,3810,4342,638,13783.16,24155.4,23533.64,4548.94,66021.14,2017,4,2,19,16,2,0,13138,0.20876888826821227,0.36587371863012363,0.3564561290519976,0.06890126404966651,3.17,6.340000000000001,5.42,7.129999999999999
2017-04-20,4563,1374,4584,546,14464.71,8711.16,24845.28,3892.98,51914.13,2017,4,3,20,16,2,0,11067,0.2786276106331744,0.16779940259039303,0.47858415425626893,0.07498883252016358,3.17,6.34,5.42,7.13
2017-04-21,3159,2952,3230,1636,10014.03,18715.68,17506.6,11664.68,57900.99,2017,4,4,21,16,2,0,10977,0.17295092881831556,0.3232359239453419,0.30235407028446315,0.20145907695187942,3.1700000000000004,6.34,5.42,7.13
2017-04-22,5254,1038,4675,454,16655.18,6580.92,25338.5,3237.02,51811.62,2017,4,5,22,16,2,1,11421,0.3214564609251747,0.1270162948002784,0.48905052573148644,0.06247671854306042,3.17,6.34,5.42,7.13
2017-04-23,4899,664,5613,1293,15529.83,4209.76,30422.46,9219.09,59381.14,2017,4,6,23,16,2,1,12469,0.26152798683218276,0.07089388987816671,0.512325293855928,0.15525282943372257,3.17,6.340000000000001,5.42,7.13
2017-04-24,2995,953,4524,1749,9494.15,6042.02,24520.08,12470.37,52526.62,2017,4,0,24,17,2,0,10221,0.18074930387677712,0.11502777068084716,0.46681244671749295,0.23741047872488275,3.17,6.340000000000001,5.420000000000001,7.130000000000001
2017-04-25,3334,633,1899,438,10568.78,4013.22,10292.58,3122.94,27997.52,2017,4,1,25,17,2,0,6304,0.3774898633879001,0.14334198171838075,0.36762470390234564,0.11154345099137353,3.1700000000000004,6.34,5.42,7.13
2017-04-26,3167,2130,2962,1536,10039.39,13504.2,16054.04,10951.68,50549.310000000005,2017,4,2,26,17,2,0,9795,0.19860587612372946,0.2671490471383289,0.31759167434728586,0.21665340239065575,3.17,6.340000000000001,5.42,7.13
2017-04-27,1022,2327,2750,480,3239.74,14753.18,14905.0,3422.4,36320.32,2017,4,3,27,17,2,0,6579,0.08919910397265222,0.4061963110457177,0.4103763402965613,0.09422824468506885,3.17,6.34,5.42,7.13
2017-04-28,615,2333,4280,1738,1949.55,14791.22,23197.6,12391.94,52330.31,2017,4,4,28,17,2,0,8966,0.037254700000821706,0.28265110602249444,0.4432918513190539,0.23680234265762998,3.17,6.34,5.42,7.13
2017-04-29,2339,2548,2343,1831,7414.63,16154.32,12699.06,13055.03,49323.04,2017,4,5,29,17,2,1,9061,0.1503279197713685,0.32752076919833,0.2574670985405603,0.2646842124897411,3.17,6.34,5.42,7.130000000000001
2017-04-30,7533,2369,2064,1223,23879.61,15019.46,11186.88,8719.99,58805.94,2017,4,6,30,17,2,1,13189,0.4060747944850469,0.2554071918585095,0.1902338437239503,0.14828416993249321,3.17,6.34,5.42,7.13
2017-05-01,2489,858,4336,1753,7890.13,5439.72,23501.12,12498.89,49329.86,2017,5,0,1,18,2,0,9436,0.15994632865367953,0.11027235836469028,0.4764075957239692,0.25337371725766095,3.17,6.34,5.42,7.13
2017-05-02,7823,2215,3425,1361,24798.91,14043.1,18563.5,9703.93,67109.44,2017,5,1,2,18,2,0,14824,0.3695293836455795,0.20925670069665311,0.2766153316135554,0.14459858404421197,3.17,6.34,5.42,7.13
2017-05-03,7293,3092,1421,805,23118.81,19603.28,7701.82,5739.65,56163.56,2017,5,2,3,18,2,0,12611,0.4116336286375009,0.34903912786155294,0.13713197667669214,0.10219526682425402,3.1700000000000004,6.34,5.42,7.13
2017-05-04,2987,2633,3353,1300,9468.79,16693.22,18173.26,9269.0,53604.27,2017,5,3,4,18,2,0,10273,0.1766424577743527,0.31141586295270884,0.3390263499530914,0.1729153293198471,3.1700000000000004,6.340000000000001,5.42,7.13
2017-05-05,7287,2213,4289,306,23099.79,14030.42,23246.38,2181.78,62558.37,2017,5,4,5,18,2,0,14095,0.36925178836980566,0.22427726297855904,0.3715950399602803,0.03487590869135497,3.17,6.34,5.42,7.130000000000001
2017-05-06,6812,1178,1901,425,21594.04,7468.52,10303.42,3030.25,42396.23,2017,5,5,6,18,2,1,10316,0.5093386841235648,0.17616000290591877,0.2430267974298658,0.07147451554065067,3.17,6.340000000000001,5.42,7.13
2017-05-07,1478,1878,3749,1677,4685.26,11906.52,20319.58,11957.01,48868.37,2017,5,6,7,18,2,1,8782,0.09587510285282688,0.24364471333911894,0.41580228683706866,0.24467789697098552,3.17,6.34,5.420000000000001,7.13
2017-05-08,3974,402,2396,1315,12597.58,2548.68,12986.32,9375.95,37508.53,2017,5,0,8,19,2,0,8087,0.3358590699235614,0.06794934378926606,0.34622311244935483,0.24996847383781773,3.17,6.34,5.42,7.130000000000001
2017-05-09,1726,977,2391,1431,5471.42,6194.18,12959.22,10203.03,34827.85,2017,5,1,9,19,2,0,6525,0.157098988309643,0.177851345977429,0.37209359750889015,0.2929560682040379,3.17,6.34,5.42,7.130000000000001
2017-05-10,2444,1521,1020,1432,7747.48,9643.14,5528.4,10210.16,33129.17999999999,2017,5,2,10,19,2,0,6417,0.23385667861383835,0.2910769297640328,0.16687403672532797,0.308192354896801,3.17,6.34,5.42,7.13
2017-05-11,2350,3303,1700,1075,7449.5,20941.02,9214.0,7664.75,45269.27,2017,5,3,11,19,2,0,8428,0.1645597554367455,0.46258797634686843,0.203537631598654,0.16931463661773208,3.17,6.34,5.42,7.13
2017-05-12,4037,2710,4944,964,12797.29,17181.4,26796.48,6873.32,63648.49,2017,5,4,12,19,2,0,12655,0.20106195763638698,0.26994198919723,0.42100731690571136,0.1079887362606717,3.1700000000000004,6.340000000000001,5.42,7.13
2017-05-13,6509,2815,2223,1104,20633.53,17847.1,12048.66,7871.52,58400.81,2017,5,5,13,19,2,1,12651,0.353308969516005,0.305596788811662,0.20630980974407717,0.13478443192825582,3.17,6.34,5.42,7.130000000000001
2017-05-14,3638,2115,2239,1881,11532.46,13409.1,12135.38,13411.53,50488.47,2017,5,6,14,19,2,1,9873,0.22841769615914284,0.2655873707402898,0.2403594325595527,0.26563550054101465,3.17,6.34,5.42,7.130000000000001
2017-05-15,7878,638,1209,1612,24973.26,4044.92,6552.78,11493.56,47064.52,2017,5,0,15,20,2,0,11337,0.5306175437463295,0.08594414646107089,0.13922972124224364,0.244208588550356,3.17,6.34,5.42,7.13
2017-05-16,4671,2149,3791,1919,14807.07,13624.66,20547.22,13682.47,62661.42,2017,5,1,16,20,2,0,12530,0.23630281599108352,0.21743299146428535,0.32790862383903846,0.2183555687055927,3.17,6.34,5.42,7.13
2017-05-17,2357,826,2671,669,7471.69,5236.84,14476.82,4769.97,31955.32,2017,5,2,17,20,2,0,6523,0.23381677917792718,0.16388006754430876,0.45303317256719694,0.14926998071056713,3.17,6.34,5.42,7.130000000000001
2017-05-18,5987,3720,4646,1629,18978.79,23584.8,25181.32,11614.77,79359.68000000001,2017,5,3,18,20,2,0,15982,0.23914902378638622,0.29718869834152556,0.31730621897668937,0.14635605889539877,3.17,6.34,5.42,7.13
2017-05-19,2422,2517,1794,913,7677.74,15957.78,9723.48,6509.69,39868.69,2017,5,4,19,20,2,0,7646,0.19257567780631868,0.40025844842155583,0.2438876220914206,0.1632782516807048,3.17,6.34,5.42,7.13
2017-05-20,1089,1848,1548,1365,3452.13,11716.32,8390.16,9732.45,33291.06,2017,5,5,20,20,2,1,5850,0.10369540651454175,0.3519359251402629,0.2520244173661037,0.2923442509790917,3.17,6.34,5.42,7.130000000000001
2017-05-21,4516,1925,3982,595,14315.72,12204.5,21582.44,4242.35,52345.01,2017,5,6,21,20,2,1,11018,0.2734877689391978,0.23315498459165448,0.4123113167807208,0.08104592968842685,3.17,6.34,5.42,7.130000000000001
2017-05-22,4809,3179,3554,914,15244.53,20154.86,19262.68,6516.82,61178.89,2017,5,0,22,21,2,0,12456,0.2491795781191846,0.32944141353332823,0.3148582787298037,0.10652072961768348,3.17,6.34,5.42,7.13
2017-05-23,3061,620,5501,528,9703.37,3930.8,29815.42,3764.64,47214.23,2017,5,1,23,21,2,0,9710,0.2055179127140271,0.08325456117784828,0.6314922429106647,0.07973528319745975,3.1700000000000004,6.34,5.42,7.13
2017-05-24,3331,1226,5793,527,10559.27,7772.84,31398.06,3757.51,53487.68,2017,5,2,24,21,2,0,10877,0.19741499350878558,0.14532019336041496,0.5870148041567703,0.07025000897402917,3.17,6.34,5.42,7.130000000000001
2017-05-25,2169,2502,4397,1621,6875.73,15862.68,23831.74,11557.73,58127.880000000005,2017,5,3,25,21,2,0,10689,0.1182862681384561,0.27289280118249626,0.40998811585765726,0.19883281482139034,3.17,6.34,5.42,7.13
2017-05-26,4407,2421,5293,674,13970.19,15349.14,28688.06,4805.62,62813.01,2017,5,4,26,21,2,0,12795,0.222409179244873,0.24436243383337303,0.45672162502640773,0.07650676189534619,3.17,6.34,5.42,7.13
2017-05-27,3143,3791,4175,587,9963.31,24034.94,22628.5,4185.31,60812.06,2017,5,5,27,21,2,1,11696,0.1638377321866748,0.395233116589045,0.37210546723791305,0.06882368398636719,3.17,6.34,5.42,7.130000000000001
2017-05-28,2004,2685,2020,1551,6352.68,17022.9,10948.4,11058.63,45382.61,2017,5,6,28,21,2,1,8260,0.13998049032437757,0.3750974216775986,0.24124659203161739,0.2436754959664065,3.17,6.340000000000001,5.42,7.13
2017-05-29,6632,2635,277,869,21023.44,16705.9,1501.34,6195.97,45426.65,2017,5,0,29,22,2,0,10413,0.462799700175998,0.3677554915451613,0.03304976263933176,0.13639504563950897,3.17,6.340000000000001,5.42,7.13
2017-05-30,6531,3970,2674,1990,20703.27,25169.8,14493.08,14188.7,74554.85,2017,5,1,30,22,2,0,15165,0.27769179335750793,0.3376011084456611,0.19439486498866268,0.1903122332081682,3.17,6.34,5.42,7.130000000000001
2017-05-31,5172,3767,2984,1113,16395.24,23882.78,16173.28,7935.69,64386.990000000005,2017,5,2,31,22,2,0,13036,0.2546359132489343,0.37092555499177704,0.25118863298315386,0.12324989877613472,3.1700000000000004,6.34,5.42,7.13
2017-06-01,2826,1974,5454,925,8958.42,12515.16,29560.68,6595.25,57629.51,2017,6,3,1,22,2,0,11179,0.15544848463920655,0.21716582355116326,0.5129434555317233,0.11444223627790692,3.17,6.34,5.42,7.13
2017-06-02,5331,2825,2252,847,16899.27,17910.5,12205.84,6039.11,53054.72,2017,6,4,2,22,2,0,11255,0.31852528860768653,0.3375854212405607,0.23006134044247148,0.11382794970928127,3.17,6.34,5.42,7.13
2017-06-03,1596,3975,4531,272,5059.32,25201.5,24558.02,1939.36,56758.2,2017,6,5,3,22,2,1,10374,0.08913813334460924,0.4440151379007791,0.43267792142809325,0.03416880732651846,3.17,6.34,5.42,7.13
2017-06-04,7724,756,5897,561,24485.08,4793.04,31961.74,3999.93,65239.79,2017,6,6,4,22,2,1,14938,0.37530899471013013,0.07346804764393018,0.48991175477419535,0.06131120287174437,3.1700000000000004,6.34,5.42,7.13
2017-06-05,3735,3767,5534,728,11839.95,23882.78,29994.28,5190.64,70907.65,2017,6,0,5,23,2,0,13764,0.16697704690537624,0.33681528015665446,0.4230048520857764,0.07320282085219297,3.1700000000000004,6.34,5.42,7.130000000000001
2017-06-06,1769,1196,733,1711,5607.73,7582.64,3972.86,12199.43,29362.66,2017,6,1,6,23,2,0,5409,0.19098167536592392,0.258240908691515,0.13530313670491706,0.415474279237644,3.17,6.34,5.42,7.13
2017-06-07,2208,2736,4716,1026,6999.36,17346.24,25560.72,7315.38,57221.7,2017,6,2,7,23,2,0,10686,0.12232002894006994,0.30314094128626035,0.4466962708203357,0.12784275895333413,3.17,6.340000000000001,5.42,7.13
2017-06-08,1788,881,416,990,5667.96,5585.54,2254.72,7058.7,20566.92,2017,6,3,8,23,2,0,4075,0.27558623264932236,0.2715788265817147,0.10962847135108222,0.3432064694178808,3.17,6.34,5.42,7.13
2017-06-09,4354,3986,294,1707,13802.18,25271.24,1593.48,12170.91,52837.81,2017,6,4,9,23,2,0,10341,0.2612178665239911,0.47827947448995334,0.030157949392679222,0.2303447095933764,3.17,6.340000000000001,5.42,7.13
2017-06-10,1029,1276,2557,1340,3261.93,8089.84,13858.94,9554.2,34764.91,2017,6,5,10,23,2,1,6202,0.09382823082240108,0.23270130715137763,0.39864737173201364,0.2748230902942076,3.17,6.34,5.42,7.130000000000001
2017-06-11,7848,466,3346,382,24878.16,2954.44,18135.32,2723.66,48691.58,2017,6,6,11,23,2,1,12042,0.510933512529271,0.060676609795779886,0.3724528963734592,0.055936981301489906,3.17,6.34,5.42,7.13
2017-06-12,856,2941,3225,1977,2713.52,18645.94,17479.5,14096.01,52934.97,2017,6,0,12,24,2,0,8999,0.05126138732108472,0.3522423834376405,0.33020704460586264,0.26628918463541207,3.17,6.34,5.42,7.13
2017-06-13,5350,3229,2019,1619,16959.5,20471.86,10942.98,11543.47,59917.81,2017,6,1,13,24,2,0,12217,0.28304605926017656,0.3416656917200412,0.18263317701364587,0.1926550720061364,3.17,6.34,5.42,7.13
2017-06-14,5236,1297,5437,1135,16598.12,8222.98,29468.54,8092.55,62382.19,2017,6,2,14,24,2,0,13105,0.26607145404802235,0.1318161481666482,0.4723870707328486,0.12972532705248085,3.17,6.34,5.42,7.13
2017-06-15,2518,3901,5326,1572,7982.06,24732.34,28866.92,11208.36,72789.68,2017,6,3,15,24,2,0,13317,0.1096592264178109,0.33977811140260544,0.39657984483514697,0.15398281734443675,3.1700000000000004,6.34,5.42,7.130000000000001
2017-06-16,5571,2856,2670,1480,17660.07,18107.04,14471.4,10552.4,60790.91,2017,6,4,16,24,2,0,12577,0.2905051100567502,0.29785768957891895,0.23805203771419114,0.17358516265013962,3.17,6.340000000000001,5.42,7.13
2017-06-17,527,341,1540,1519,1670.59,2161.94,8346.8,10830.47,23009.8,2017,6,5,17,24,2,1,3927,0.07260341245903919,0.09395735729993308,0.36274978487427095,0.4706894453667568,3.17,6.34,5.42,7.13
2017-06-18,6723,1215,2844,1104,21311.91,7703.1,15414.48,7871.52,52301.01000000001,2017,6,6,18,24,2,1,11886,0.407485629818621,0.14728396258504375,0.29472623951239174,0.1505041680839433,3.17,6.34,5.42,7.130000000000001
2017-06-19,3961,2707,5594,1011,12556.37,17162.38,30319.48,7208.43,67246.66,2017,6,0,19,25,2,0,13273,0.18672109514435364,0.25521535195948764,0.4508696788807057,0.10719387401545295,3.1700000000000004,6.340000000000001,5.42,7.13
2017-06-20,3696,1214,2506,1793,11716.32,7696.76,13582.52,12784.09,45779.69,2017,6,1,20,25,2,0,9209,0.2559283385274125,0.1681260838594582,0.29669314056080326,0.27925243705232605,3.17,6.34,5.42,7.13
2017-06-21,2064,673,1223,1520,6542.88,4266.82,6628.66,10837.6,28275.96,2017,6,2,21,25,2,0,5480,0.23139373517291723,0.15089920908078805,0.23442740759288103,0.38327964815341375,3.17,6.34,5.42,7.13
2017-06-22,3408,3482,2257,1301,10803.36,22075.88,12232.94,9276.13,54388.310000000005,2017,6,3,22,25,2,0,10448,0.19863386084252296,0.4058938400549677,0.22491855326999496,0.17055374583251434,3.1700000000000004,6.34,5.42,7.129999999999999
2017-06-23,2781,2727,3189,1536,8815.77,17289.18,17284.38,10951.68,54341.01,2017,6,4,23,25,2,0,10233,0.16223051430218172,0.3181608144567059,0.3180724833785754,0.20153618786253696,3.1700000000000004,6.34,5.42,7.13
2017-06-24,5278,1375,4961,912,16731.26,8717.5,26888.62,6502.56,58839.94,2017,6,5,24,25,2,1,12526,0.28435209145352625,0.14815616739242085,0.45697905198407746,0.11051268916997536,3.1699999999999995,6.34,5.42,7.130000000000001
2017-06-25,6027,712,4560,443,19105.59,4514.08,24715.2,3158.59,51493.45999999999,2017,6,6,25,25,2,1,11742,0.3710294472346586,0.08766317120659596,0.4799677473605387,0.06133963419820693,3.17,6.34,5.42,7.13
2017-06-26,7515,3202,2778,390,23822.55,20300.68,15056.76,2780.7,61960.69,2017,6,0,26,26,2,0,13885,0.38447844915865204,0.32763805567691384,0.24300504077666016,0.04487845438777392,3.17,6.34,5.42,7.13
2017-06-27,2965,3570,1012,1942,9399.05,22633.8,5485.04,13846.46,51364.35,2017,6,1,27,26,2,0,9489,0.18298781158527266,0.4406519307652097,0.1067869057040535,0.2695733519454641,3.17,6.34,5.42,7.13
2017-06-28,7160,1411,3628,492,22697.2,8945.74,19663.76,3507.96,54814.66,2017,6,2,28,26,2,0,12691,0.41407171001334314,0.16319977173989583,0.3587317699316204,0.0639967483151405,3.17,6.34,5.42,7.13
2017-06-29,5632,683,5504,586,17853.44,4330.22,29831.68,4178.18,56193.52,2017,6,3,29,26,2,0,12405,0.31771350148558053,0.07705906303787341,0.5308740224851549,0.07435341299139119,3.17,6.340000000000001,5.42,7.130000000000001
2017-06-30,3121,1603,2495,1618,9893.57,10163.02,13522.9,11536.34,45115.83,2017,6,4,30,26,2,0,8837,0.21929265182531274,0.22526505663311525,0.2997373649116064,0.2557049266299656,3.17,6.34,5.42,7.13
2017-07-01,1216,1238,5034,1885,3854.72,7848.92,27284.28,13440.05,52427.97,2017,7,5,1,26,3,1,9373,0.07352411317851902,0.14970863834705025,0.5204145802326506,0.2563526682417801,3.17,6.34,5.42,7.13
2017-07-02,5857,3056,5788,1736,18566.69,19375.04,31370.96,12377.68,81690.37,2017,7,6,2,26,3,1,16437,0.22728125726447315,0.2371765484719925,0.38402274343964904,0.15151945082388538,3.17,6.34,5.42,7.13
2017-07-03,5221,1846,769,1752,16550.57,11703.64,4167.98,12491.76,44913.95,2017,7,0,3,27,3,0,9588,0.3684950889422997,0.2605791741763973,0.09279923052859969,0.27812650635270336,3.17,6.34,5.419999999999999,7.13
2017-07-04,1145,2315,2096,1866,3629.65,14677.1,11360.32,13304.58,42971.65,2017,7,1,4,27,3,0,7422,0.08446615384794394,0.3415530937257471,0.26436778666865246,0.3096129657576565,3.17,6.34,5.42,7.13
2017-07-05,1153,1728,1874,1628,3655.01,10955.52,10157.08,11607.64,36375.25,2017,7,2,5,27,3,0,6383,0.1004806839815534,0.3011806104425399,0.2792305207524347,0.319108184823472,3.1700000000000004,6.34,5.42,7.13
2017-07-06,1077,1489,1299,1430,3414.09,9440.26,7040.58,10195.9,30090.83,2017,7,3,6,27,3,0,5295,0.11345948250679692,0.31372547716364085,0.23397759383838862,0.33883744649117353,3.17,6.34,5.42,7.13
2017-07-07,4957,648,5105,1283,15713.69,4108.32,27669.1,9147.79,56638.9,2017,7,4,7,27,3,0,11993,0.2774363555789396,0.07253530700631544,0.48851760892248963,0.16151072849225534,3.17,6.34,5.42,7.130000000000001
2017-07-08,4366,2694,484,1319,13840.22,17079.96,2623.28,9404.47,42947.93,2017,7,5,8,27,3,1,8863,0.32225581069914194,0.39768994687287607,0.06108047582269972,0.21897376660528223,3.17,6.34,5.420000000000001,7.13
2017-07-09,885,3664,740,1409,2805.45,23229.76,4010.8,10046.17,40092.18,2017,7,6,9,27,3,1,6698,0.06997499262948535,0.5794087525297951,0.10003945906658107,0.2505767957741385,3.17,6.34,5.42,7.13
2017-07-10,6493,2515,3373,996,20582.81,15945.1,18281.66,7101.48,61911.05,2017,7,0,10,28,3,0,13377,0.33245777611589533,0.2575485313203378,0.29528912851583033,0.1147045640479365,3.1700000000000004,6.34,5.42,7.13
2017-07-11,6445,3250,4505,1804,20430.65,20605.0,24417.1,12862.52,78315.27,2017,7,1,11,28,3,0,16004,0.26087696562879753,0.26310322367528066,0.3117795546130403,0.1642402560828814,3.1700000000000004,6.34,5.42,7.13
2017-07-12,6984,2856,2058,1454,22139.28,18107.04,11154.36,10367.02,61767.7,2017,7,2,12,28,3,0,13352,0.35842811048492984,0.29314738933131723,0.18058564589583231,0.16783885428792072,3.17,6.340000000000001,5.42,7.13
2017-07-13,4725,437,4640,534,14978.25,2770.58,25148.8,3807.42,46705.05,2017,7,3,13,28,3,0,10336,0.320698725298442,0.05932078008694991,0.5384599738143947,0.08152052080021326,3.17,6.34,5.42,7.13
2017-07-14,3385,2828,5562,540,10730.45,17929.52,30146.04,3850.2,62656.21,2017,7,4,14,28,3,0,12315,0.17125916170160949,0.28615711036463903,0.48113411264422157,0.06144961528952996,3.1700000000000004,6.34,5.42,7.13
2017-07-15,5907,2622,1802,918,18725.19,16623.48,9766.84,6545.34,51660.84999999999,2017,7,5,15,28,3,1,11249,0.36246383867086973,0.3217810005061861,0.189056897050668,0.12669826377227633,3.17,6.34,5.42,7.13
2017-07-16,4043,3009,3284,1488,12816.31,19077.06,17799.28,10609.44,60302.09,2017,7,6,16,28,3,1,11824,0.21253508792149658,0.31635818924352377,0.295168542251189,0.17593818058379074,3.17,6.340000000000001,5.42,7.130000000000001
2017-07-17,4383,3508,2721,1407,13894.11,22240.72,14747.82,10031.91,60914.56,2017,7,0,17,29,3,0,12019,0.22809177313272888,0.3651133653431955,0.24210664905073598,0.1646882124733397,3.17,6.340000000000001,5.42,7.13
2017-07-18,2161,1203,4629,1247,6850.37,7627.02,25089.18,8891.11,48457.68,2017,7,1,18,29,3,0,9240,0.14136809686307722,0.15739548405949275,0.5177544612123404,0.18348195786508972,3.17,6.340000000000001,5.42,7.130000000000001
2017-07-19,1543,1079,5855,839,4891.31,6840.86,31734.1,5982.07,49448.34,2017,7,2,19,29,3,0,9316,0.0989175774151367,0.13834357230192157,0.6417626961794876,0.12097615410345423,3.1700000000000004,6.34,5.42,7.13
2017-07-20,6005,3668,3360,999,19035.85,23255.12,18211.2,7122.87,67625.04,2017,7,3,20,29,3,0,14032,0.28149114588324087,0.34388327164020904,0.2692966983827293,0.10532888409382088,3.17,6.34,5.42,7.13
2017-07-21,7086,1348,1097,1061,22462.62,8546.32,5945.74,7564.93,44519.61,2017,7,4,21,29,3,0,10592,0.5045556328997491,0.1919675396976748,0.13355328135174588,0.16992354605083018,3.17,6.34,5.42,7.13
2017-07-22,7841,1118,1943,1683,24855.97,7088.12,10531.06,11999.79,54474.94,2017,7,5,22,29,3,1,12585,0.4562826503342638,0.13011707768746508,0.19331935014522272,0.22028092183304837,3.17,6.34,5.42,7.130000000000001
2017-07-23,1184,1911,1558,503,3753.28,12115.74,8444.36,3586.39,27899.77,2017,7,6,23,29,3,1,5156,0.13452727388075242,0.43425949389546936,0.30266772808521364,0.12854550413856458,3.1700000000000004,6.34,5.420000000000001,7.13
2017-07-24,4779,398,2649,713,15149.43,2523.32,14357.58,5083.69,37114.02,2017,7,0,24,30,3,0,8539,0.4081861787001247,0.06798832354996846,0.38685057560458286,0.13697492214532406,3.17,6.340000000000001,5.42,7.129999999999999
2017-07-25,7806,3630,1282,445,24745.02,23014.2,6948.44,3172.85,57880.51,2017,7,1,25,30,3,0,13163,0.4275190387921599,0.3976157086383655,0.1200480092521645,0.05481724331731009,3.17,6.34,5.42,7.13
2017-07-26,1317,3340,5945,1234,4174.89,21175.6,32221.9,8798.42,66370.81,2017,7,2,26,30,3,0,11836,0.06290250186791453,0.3190498955790957,0.48548300073481104,0.1325646018181788,3.1700000000000004,6.34,5.42,7.13
2017-07-27,682,3812,1647,1167,2161.94,24168.08,8926.74,8320.71,43577.47,2017,7,3,27,30,3,0,7308,0.04961141617445896,0.5546003473813418,0.20484759670536173,0.1909406397388375,3.17,6.340000000000001,5.42,7.129999999999999
2017-07-28,3245,1993,3159,1020,10286.65,12635.62,17121.78,7272.6,47316.65,2017,7,4,28,30,3,0,9417,0.21740021747101707,0.26704384186116303,0.3618552877264134,0.15370065294140647,3.17,6.340000000000001,5.42,7.130000000000001
2017-07-29,1983,2104,1705,1976,6286.11,13339.36,9241.1,14088.88,42955.45,2017,7,5,29,30,3,1,7768,0.1463402199255275,0.3105394076886635,0.21513218927982367,0.3279881831059854,3.17,6.34,5.42,7.13
2017-07-30,5420,3514,1205,1133,17181.4,22278.76,6531.1,8078.29,54069.55,2017,7,6,30,30,3,1,11272,0.31776480477459124,0.41203893873723746,0.12079072231967901,0.14940553416849223,3.1700000000000004,6.34,5.42,7.13
2017-07-31,6242,294,5119,1764,19787.14,1863.96,27744.98,12577.32,61973.4,2017,7,0,31,31,3,0,13419,0.319284402663078,0.03007677487438159,0.44769175162247027,0.20294707084007008,3.17,6.34,5.42,7.13
2017-08-01,4015,3920,4583,848,12727.55,24852.8,24839.86,6046.24,68466.45,2017,8,1,1,31,3,0,13366,0.1858946973298601,0.3629923853215699,0.3628033876446055,0.0883095297039645,3.17,6.34,5.42,7.13
2017-08-02,6034,3139,4450,1035,19127.78,19901.26,24119.0,7379.55,70527.59,2017,8,2,2,31,3,0,14658,0.2712098910511475,0.2821769466388969,0.3419796422931792,0.10463352001677642,3.17,6.34,5.42,7.13
2017-08-03,7358,3540,5822,1939,23324.86,22443.6,31555.24,13825.07,91148.77,2017,8,3,3,31,3,0,18659,0.25589879051576886,0.24623042088225652,0.34619490751219134,0.15167588108978322,3.17,6.34,5.42,7.13
2017-08-04,1858,3178,938,850,5889.86,20148.52,5083.96,6060.5,37182.84,2017,8,4,4,31,3,0,6824,0.1584026394971444,0.54187684426472,0.13672866300691397,0.16299185323122173,3.17,6.34,5.42,7.13
2017-08-05,3781,3138,3263,338,11985.77,19894.92,17685.46,2409.94,51976.09,2017,8,5,5,31,3,1,10520,0.23060160931689938,0.38277061625836034,0.3402614548343286,0.046366319590411674,3.17,6.34,5.42,7.13
2017-08-06,5938,1746,1505,729,18823.46,11069.64,8157.1,5197.77,43247.97,2017,8,6,6,31,3,1,9918,0.4352449375080495,0.2559574472512814,0.1886123209944883,0.12018529424618081,3.17,6.34,5.42,7.130000000000001
2017-08-07,2986,3894,5643,1914,9465.62,24687.96,30585.06,13646.82,78385.45999999999,2017,8,0,7,32,3,0,14437,0.12075734453813247,0.31495586043636153,0.390187925158569,0.17409886986693707,3.1700000000000004,6.34,5.42,7.13
2017-08-08,995,1735,5823,1159,3154.15,10999.9,31560.66,8263.67,53978.38,2017,8,1,8,32,3,0,9712,0.058433580259355695,0.20378344070348164,0.5846907595226088,0.1530922195145538,3.17,6.34,5.42,7.13
2017-08-09,6808,3125,2581,1612,21581.36,19812.5,13989.02,11493.56,66876.44,2017,8,2,9,32,3,0,14126,0.32270497652087937,0.29625530306338077,0.2091771033266723,0.17186261708906753,3.17,6.34,5.42,7.13
2017-08-10,3034,2999,5894,936,9617.78,19013.66,31945.48,6673.68,67250.6,2017,8,3,10,32,3,0,12863,0.14301404002343474,0.2827284812328812,0.4750214867971438,0.09923599194654024,3.1700000000000004,6.34,5.42,7.13
2017-08-11,5646,2569,5737,1607,17897.82,16287.46,31094.54,11457.91,76737.73,2017,8,4,11,32,3,0,15559,0.23323363878498882,0.21224839462934336,0.405205366382352,0.1493126002033159,3.17,6.34,5.42,7.13
2017-08-12,4229,1058,3944,930,13405.93,6707.72,21376.48,6630.9,48121.030000000006,2017,8,5,12,32,3,1,10161,0.2785877609020422,0.1393926937972857,0.444223242935573,0.137796302365099,3.17,6.34,5.42,7.13
2017-08-13,4176,3510,493,1347,13237.92,22253.4,2672.06,9604.11,47767.49,2017,8,6,13,32,3,1,9526,0.2771324178850511,0.46586915075504287,0.05593888228165223,0.20105954907825388,3.17,6.340000000000001,5.42,7.130000000000001
2017-08-14,4478,415,1990,541,14195.26,2631.1,10785.8,3857.33,31469.49,2017,8,0,14,33,3,0,7424,0.4510800778786056,0.0836079644125151,0.34273831574645786,0.12257364196242138,3.17,6.34,5.42,7.13
2017-08-15,2643,2807,5533,1123,8378.31,17796.38,29988.86,8006.99,64170.54,2017,8,1,15,33,3,0,12106,0.1305631836665236,0.27732944120464004,0.467330647365598,0.1247767277632384,3.17,6.340000000000001,5.42,7.13
2017-08-16,5057,328,1571,1771,16030.69,2079.52,8514.82,12627.23,39252.26,2017,8,2,16,33,3,0,8727,0.40840170731570613,0.05297835080069275,0.21692559867890407,0.321694343204697,3.17,6.34,5.42,7.13
2017-08-17,6703,3901,1203,1967,21248.51,24732.34,6520.26,14024.71,66525.82,2017,8,3,17,33,3,0,13774,0.3194024515594095,0.37177053961905315,0.09801096777161107,0.21081604104992616,3.17,6.34,5.42,7.13
2017-08-18,4132,2349,5963,993,13098.44,14892.66,32319.46,7080.09,67390.65,2017,8,4,18,33,3,0,13437,0.19436583561666199,0.220990003806166,0.47958374047438335,0.10506042010278875,3.17,6.34,5.42,7.13
2017-08-19,2288,3908,4114,1197,7252.96,24776.72,22297.88,8534.61,62862.17,2017,8,5,19,33,3,1,11507,0.11537877232045919,0.3941435683814288,0.3547106312111084,0.1357670280870037,3.17,6.34,5.42,7.130000000000001
2017-08-20,5351,1691,5816,1264,16962.67,10720.94,31522.72,9012.32,68218.65,2017,8,6,20,33,3,1,14122,0.2486515051235989,0.15715555790095526,0.46208360910103036,0.1321093278744156,3.1699999999999995,6.34,5.42,7.13
2017-08-21,7777,3811,2924,1783,24653.09,24161.74,15848.08,12712.79,77375.70000000001,2017,8,0,21,34,3,0,16295,0.3186154050948812,0.3122652202177169,0.20481985946492243,0.1642995152224794,3.17,6.340000000000001,5.42,7.130000000000001
2017-08-22,7176,2227,4245,295,22747.92,14119.18,23007.9,2103.35,61978.35,2017,8,1,22,34,3,0,13943,0.3670301000268642,0.22780825885167966,0.37122479059219876,0.03393685052925739,3.17,6.34,5.42,7.13
2017-08-23,4034,2444,2345,1803,12787.78,15494.96,12709.9,12855.39,53848.03,2017,8,2,23,34,3,0,10626,0.23747906840788793,0.287753516702468,0.23603277594370675,0.2387346389459373,3.1700000000000004,6.34,5.42,7.13
2017-08-24,620,459,2540,1510,1965.4,2910.06,13766.8,10766.3,29408.56,2017,8,3,24,34,3,0,5129,0.06683088189289105,0.09895282189947416,0.46812220659563064,0.36609408961200407,3.17,6.34,5.42,7.13
2017-08-25,4818,1235,2790,997,15273.06,7829.9,15121.8,7108.61,45333.37,2017,8,4,25,34,3,0,9840,0.33690546279705214,0.17271824265436253,0.333568847848726,0.15680744669985927,3.17,6.34,5.42,7.13
2017-08-26,3581,2662,1340,1845,11351.77,16877.08,7262.8,13154.85,48646.5,2017,8,5,26,34,3,1,9428,0.2333522452797221,0.3469330784331864,0.1492974828610486,0.270417193426043,3.17,6.340000000000001,5.42,7.13
2017-08-27,6900,2225,4073,1932,21873.0,14106.5,22075.66,13775.16,71830.32,2017,8,6,27,34,3,1,15130,0.30450929356850975,0.1963864284608505,0.30733066482232013,0.19177361314831953,3.17,6.34,5.42,7.13
2017-08-28,5973,3838,2578,1844,18934.41,24332.92,13972.76,13147.72,70387.81,2017,8,0,28,35,3,0,14233,0.2690012659862553,0.34569792695638635,0.1985110774152513,0.18678972964210705,3.17,6.34,5.42,7.13
2017-08-29,711,2662,5827,1481,2253.87,16877.08,31582.34,10559.53,61272.82,2017,8,1,29,35,3,0,10681,0.03678417281920434,0.2754415416166581,0.515438003343081,0.1723362822210566,3.17,6.340000000000001,5.42,7.130000000000001
2017-08-31,2050,583,5744,646,6498.5,3696.22,31132.48,4605.98,45933.17999999999,2017,8,3,31,35,3,0,9023,0.1414772502143331,0.08046949939020116,0.6777775890979028,0.10027566129756312,3.17,6.34,5.42,7.129999999999999
2017-09-01,2190,2224,3306,1798,6942.3,14100.16,17918.52,12819.74,51780.72,2017,9,4,1,35,3,0,9518,0.13407113690192024,0.27230521321449375,0.3460461731702456,0.2475774767133404,3.17,6.34,5.42,7.13
2017-09-02,6706,915,2701,1908,21258.02,5801.1,14639.42,13604.04,55302.58,2017,9,5,2,35,3,1,12230,0.3843947244414275,0.10489745686367616,0.26471495543245904,0.2459928632624373,3.17,6.340000000000001,5.42,7.130000000000001
2017-09-03,4374,3254,4312,1779,13865.58,20630.36,23371.04,12684.27,70551.25,2017,9,6,3,35,3,1,13719,0.19653202459205188,0.292416647472582,0.3312633015006821,0.179788026434684,3.17,6.34,5.42,7.13
2017-09-04,1066,2808,1278,1470,3379.22,17802.72,6926.76,10481.1,38589.8,2017,9,0,4,36,3,0,6622,0.08756769923658582,0.46133226914884246,0.179497172828053,0.2716028587865187,3.17,6.340000000000001,5.42,7.13
2017-09-05,3300,2632,5565,1565,10461.0,16686.88,30162.3,11158.45,68468.63,2017,9,1,5,36,3,0,13062,0.15278529744205485,0.2437156987075687,0.4405272896507495,0.1629717141996269,3.17,6.340000000000001,5.42,7.130000000000001
2017-09-06,5399,3245,3231,1622,17114.83,20573.3,17512.02,11564.86,66765.01000000001,2017,9,2,6,36,3,0,13497,0.25634430370039635,0.30814493999177106,0.26229337792355606,0.17321737838427642,3.1700000000000004,6.34,5.42,7.130000000000001
2017-09-07,432,936,980,268,1369.44,5934.24,5311.6,1910.84,14526.12,2017,9,3,7,36,3,0,2616,0.09427431413206004,0.4085220279055935,0.36565855162975386,0.1315451063325926,3.17,6.34,5.42,7.13
2017-09-08,2234,2394,2677,1417,7081.78,15177.96,14509.34,10103.21,46872.29,2017,9,4,8,36,3,0,8722,0.15108670815955438,0.3238152008361443,0.30955048281191294,0.21554760819238827,3.17,6.34,5.42,7.129999999999999
2017-09-09,7340,746,5453,1392,23267.8,4729.64,29555.26,9924.96,67477.66,2017,9,5,9,36,3,1,14931,0.34482227154883555,0.07009193857641181,0.43800066570180407,0.14708512417294847,3.17,6.340000000000001,5.42,7.129999999999999
2017-09-10,2226,1313,670,1458,7056.42,8324.42,3631.4,10395.54,29407.78,2017,9,6,10,36,3,1,5667,0.23995078853283044,0.2830686301380111,0.12348432965698193,0.3534962516721766,3.17,6.34,5.42,7.130000000000001
2017-09-11,5764,1859,3393,1134,18271.88,11786.06,18390.06,8085.42,56533.42,2017,9,0,11,37,3,0,12150,0.32320492904904746,0.20847951530262984,0.3252953739575635,0.1430201816907592,3.1700000000000004,6.34,5.420000000000001,7.13
2017-09-12,5735,3461,2979,1933,18179.95,21942.74,16146.18,13782.29,70051.16,2017,9,1,12,37,3,0,14108,0.25952389653504665,0.31323878148484624,0.2304912581033633,0.1967460638767438,3.17,6.340000000000001,5.42,7.130000000000001
2017-09-13,1997,2561,5508,1344,6330.49,16236.74,29853.36,9582.72,62003.31,2017,9,2,13,37,3,0,11410,0.10209922663806174,0.26186892280428253,0.4814801016268325,0.1545517489308232,3.17,6.34,5.42,7.13
2017-09-14,811,678,5889,1166,2570.87,4298.52,31918.38,8313.58,47101.350000000006,2017,9,3,14,37,3,0,8544,0.054581662733658366,0.09126107850411931,0.6776531882844121,0.17650407047781005,3.17,6.340000000000001,5.42,7.13
2017-09-15,2181,2049,5116,1531,6913.77,12990.66,27728.72,10916.03,58549.18,2017,9,4,15,37,3,0,10877,0.11808483056466376,0.22187603652177537,0.47359706831077736,0.1864420646027835,3.1700000000000004,6.34,5.42,7.130000000000001
2017-09-16,653,2218,3465,297,2070.01,14062.12,18780.3,2117.61,37030.04,2017,9,5,16,37,3,1,6633,0.0559008307849519,0.379748982177713,0.5071639134065208,0.057186273630814334,3.1700000000000004,6.340000000000001,5.42,7.130000000000001
2017-09-17,4868,667,4962,746,15431.56,4228.78,26894.04,5318.98,51873.36,2017,9,6,17,37,3,1,11243,0.2974852602569026,0.08152122785182991,0.5184557159975757,0.10253779589369186,3.17,6.34,5.42,7.129999999999999
2017-09-18,3628,1345,4502,1514,11500.76,8527.3,24400.84,10794.82,55223.72,2017,9,0,18,38,3,0,10989,0.20825761104105264,0.1544137193220594,0.4418543336088188,0.1954743360280691,3.17,6.34,5.42,7.13
2017-09-19,4334,1423,2132,1480,13738.78,9021.82,11555.44,10552.4,44868.44,2017,9,1,19,38,3,0,9369,0.3062014190820987,0.20107273620388852,0.2575404894843681,0.2351853552296447,3.1700000000000004,6.34,5.42,7.13
2017-09-20,3220,2975,1398,1461,10207.4,18861.5,7577.16,10416.93,47062.99,2017,9,2,20,38,3,0,9054,0.21688804727451444,0.4007713917029071,0.16100039542748984,0.22134016559508865,3.17,6.34,5.42,7.13
2017-09-21,5734,1950,1781,1720,18176.78,12363.0,9653.02,12263.6,52456.4,2017,9,3,21,38,3,0,11185,0.3465121510435333,0.23568144211192532,0.1840198717411031,0.23378653510343828,3.17,6.34,5.42,7.13
2017-09-22,2503,573,1109,1664,7934.51,3632.82,6010.78,11864.32,29442.43,2017,9,4,22,38,3,0,5849,0.26949236187366327,0.12338723400208475,0.20415366530547918,0.40296673881877276,3.17,6.34,5.42,7.13
2017-09-23,4810,686,4319,1023,15247.7,4349.24,23408.98,7293.99,50299.91,2017,9,5,23,38,3,1,10838,0.3031357312567756,0.08646615868696385,0.46538810904433026,0.14501000101193023,3.1700000000000004,6.34,5.42,7.13
2017-09-24,6401,616,1339,1289,20291.17,3905.44,7257.38,9190.57,40644.56,2017,9,6,24,38,3,1,9645,0.49923458391479697,0.09608764370926885,0.1785572288148771,0.22612054356105712,3.17,6.34,5.42,7.13
2017-09-25,1835,1975,2768,1841,5816.95,12521.5,15002.56,13126.33,46467.34,2017,9,0,25,39,3,0,8419,0.1251836235945505,0.2694688355305038,0.32286246641189276,0.282485074463053,3.17,6.34,5.42,7.13
2017-09-26,3378,2215,2108,1288,10708.26,14043.1,11425.36,9183.44,45360.16,2017,9,1,26,39,3,0,8989,0.236071918617571,0.30959105964352857,0.2518809457462231,0.20245607599267726,3.17,6.34,5.42,7.130000000000001
2017-09-27,7109,3422,5223,364,22535.53,21695.48,28308.66,2595.32,75134.99,2017,9,2,27,39,3,0,16118,0.29993389231834594,0.2887533491386636,0.3767706630426117,0.03454209550037872,3.17,6.34,5.42,7.130000000000001
2017-09-28,2124,1110,1357,655,6733.08,7037.4,7354.94,4670.15,25795.57,2017,9,3,28,39,3,0,5246,0.26101691104325275,0.27281428555368226,0.2851241511623895,0.18104465224067542,3.17,6.34,5.42,7.129999999999999
2017-09-29,1700,1711,4299,1777,5389.0,10847.74,23300.58,12670.01,52207.33,2017,9,4,29,39,3,0,9487,0.10322305316130896,0.2077819340694113,0.4463085930653799,0.24268641970389981,3.17,6.34,5.420000000000001,7.13
2017-09-30,7430,2566,2628,1970,23553.1,16268.44,14243.76,14046.1,68111.40000000001,2017,9,5,30,39,3,1,14594,0.34580261160393116,0.23885047143356322,0.209124463746157,0.2062224532163485,3.17,6.34,5.42,7.13
2017-10-01,7717,2620,4311,1104,24462.89,16610.8,23365.62,7871.52,72310.83,2017,10,6,1,39,4,1,15752,0.33830188368740893,0.22971386167189617,0.3231275315191376,0.10885672312155731,3.17,6.34,5.42,7.130000000000001
2017-10-02,5123,2431,897,1330,16239.91,15412.54,4861.74,9482.9,45997.09,2017,10,0,2,40,4,0,9781,0.35306385686572783,0.3350764146166638,0.10569668646429589,0.2061630420533125,3.17,6.340000000000001,5.42,7.13
2017-10-03,7459,2639,5249,1641,23645.03,16731.26,28449.58,11700.33,80526.2,2017,10,1,3,40,4,0,16988,0.2936315137185165,0.20777411575363047,0.35329594591573926,0.1452984246121138,3.17,6.339999999999999,5.42,7.13
2017-10-04,2964,3484,4267,1140,9395.88,22088.56,23127.14,8128.2,62739.78,2017,10,2,4,40,4,0,11855,0.1497595305562117,0.3520662648163574,0.36862003660197723,0.12955416802545372,3.17,6.340000000000001,5.42,7.13
2017-10-05,1682,2315,1610,815,5331.94,14677.1,8726.2,5810.95,34546.19,2017,10,3,5,40,4,0,6422,0.15434234571163996,0.4248543761265714,0.2525951486980185,0.1682081294637701,3.17,6.34,5.420000000000001,7.13
2017-10-06,3276,3641,3525,868,10384.92,23083.94,19105.5,6188.84,58763.2,2017,10,4,6,40,4,0,11310,0.17672488904620579,0.39282986631088845,0.3251269502001253,0.10531829444278053,3.17,6.34,5.42,7.13
2017-10-07,4454,1738,2412,1462,14119.18,11018.92,13073.04,10424.06,48635.2,2017,10,5,7,40,4,1,10066,0.2903078428792315,0.226562654209297,0.26879790768825873,0.21433159522321282,3.17,6.34,5.42,7.13
2017-10-08,469,2454,5050,771,1486.73,15558.36,27371.0,5497.23,49913.31999999999,2017,10,6,8,40,4,1,8744,0.029786237421193386,0.3117075762541943,0.5483706553681463,0.11013553095646614,3.17,6.34,5.42,7.129999999999999
2017-10-09,3269,3708,4852,287,10362.73,23508.72,26297.84,2046.31,62215.59999999999,2017,10,0,9,41,4,0,12116,0.1665616019133465,0.3778589292717583,0.42268884331260975,0.0328906255022856,3.17,6.340000000000001,5.42,7.13
2017-10-10,3292,3084,947,695,10435.64,19552.56,5132.74,4955.35,40076.29,2017,10,1,10,41,4,0,8018,0.26039436285145157,0.48788348422471245,0.12807423042402377,0.12364792249981224,3.17,6.340000000000001,5.42,7.130000000000001
2017-10-11,1635,689,5712,1013,5182.95,4368.26,30959.04,7222.69,47732.94,2017,10,2,11,41,4,0,9049,0.10858224949060334,0.09151458091623939,0.6485885847383379,0.15131458485481933,3.17,6.340000000000001,5.42,7.13
2017-10-12,5604,2957,1274,1635,17764.68,18747.38,6905.08,11657.55,55074.69,2017,10,3,12,41,4,0,11470,0.3225561505657136,0.34039919244211814,0.1253766476034636,0.21166800938870467,3.17,6.340000000000001,5.42,7.13
2017-10-13,4252,3128,661,987,13478.84,19831.52,3582.62,7037.31,43930.29,2017,10,4,13,41,4,0,9028,0.30682337858457115,0.451431574888306,0.08155238674727619,0.16019265977984667,3.17,6.34,5.42,7.130000000000001
2017-10-14,5130,2401,4070,1153,16262.1,15222.34,22059.4,8220.89,61764.73,2017,10,5,14,41,4,1,12754,0.26329104004826054,0.24645683709780647,0.3571520510168182,0.13310007183711478,3.17,6.34,5.42,7.13
2017-10-15,2867,662,3583,1381,9088.39,4197.08,19419.86,9846.53,42551.86,2017,10,6,15,41,4,1,8493,0.2135838480386051,0.09863446627244966,0.45638099016118217,0.23140069552776307,3.17,6.34,5.42,7.130000000000001
2017-10-16,5836,3429,3280,450,18500.12,21739.86,17777.6,3208.5,61226.08,2017,10,0,16,42,4,0,12995,0.30216077854404527,0.35507515751457547,0.2903599250515466,0.052404138889832565,3.17,6.34,5.42,7.13
2017-10-17,1970,2606,1028,1162,6244.9,16522.04,5571.76,8285.06,36623.76,2017,10,1,17,42,4,0,6766,0.17051498808423818,0.4511289938553551,0.15213511665650933,0.22622090140389733,3.17,6.340000000000001,5.42,7.13
2017-10-18,7720,1997,922,259,24472.4,12660.98,4997.24,1846.67,43977.29,2017,10,2,18,42,4,0,10898,0.5564781276881773,0.287898140153702,0.1136322861185853,0.041991446039535404,3.1700000000000004,6.34,5.42,7.13
2017-10-19,1096,3248,1415,1664,3474.32,20592.32,7669.3,11864.32,43600.26,2017,10,3,19,42,4,0,7423,0.07968576334177824,0.4722981009746272,0.17590032719988366,0.27211580848371086,3.17,6.34,5.42,7.13
2017-10-20,4810,634,329,1585,15247.7,4019.56,1783.18,11301.05,32351.49,2017,10,4,20,42,4,0,7358,0.4713136860156982,0.12424651847565599,0.05511894506249944,0.34932085044614636,3.1700000000000004,6.34,5.42,7.13
2017-10-21,1417,2423,2294,1373,4491.89,15361.82,12433.48,9789.49,42076.68,2017,10,5,21,42,4,1,7507,0.10675485803537732,0.36509106707088107,0.29549574728804645,0.23265832760569513,3.1700000000000004,6.34,5.42,7.13
2017-10-22,5809,2250,942,993,18414.53,14265.0,5105.64,7080.09,44865.26,2017,10,6,22,42,4,1,9994,0.4104407285280415,0.31795201900089287,0.11379940738112294,0.15780784508994264,3.17,6.34,5.42,7.13
2017-10-23,7906,2461,4668,325,25062.02,15602.74,25300.56,2317.25,68282.57,2017,10,0,23,43,4,0,15360,0.367033929742246,0.22850253000143372,0.37052735419888266,0.03393618605743749,3.17,6.34,5.42,7.13
2017-10-24,3369,3819,3897,1117,10679.73,24212.46,21121.74,7964.21,63978.14000000001,2017,10,1,24,43,4,0,12202,0.1669277975258424,0.3784489514699864,0.3301399509269885,0.1244833000771826,3.17,6.34,5.420000000000001,7.13
2017-10-25,4208,2096,632,1195,13339.36,13288.64,3425.44,8520.35,38573.79,2017,10,2,25,43,4,0,8131,0.3458140877523313,0.34449920528939465,0.08880226703157766,0.22088443992669635,3.17,6.34,5.42,7.13
2017-10-26,886,3893,1447,444,2808.62,24681.62,7842.74,3165.72,38498.7,2017,10,3,26,43,4,0,6670,0.07295363220056782,0.6411026865842223,0.20371441113596045,0.08222927007924943,3.17,6.34,5.42,7.13
2017-10-27,6653,2637,2557,421,21090.01,16718.58,13858.94,3001.73,54669.26,2017,10,4,27,43,4,0,12268,0.3857745650846563,0.30581317544814035,0.25350516908405196,0.054907090383151336,3.17,6.340000000000001,5.42,7.13
2017-10-28,6912,2278,5560,1771,21911.04,14442.52,30135.2,12627.23,79115.98999999999,2017,10,5,28,43,4,1,16521,0.2769483134825211,0.1825486857966386,0.3808989813563605,0.15960401936447993,3.17,6.34,5.42,7.13
2017-10-29,4002,2749,4267,1228,12686.34,17428.66,23127.14,8755.64,61997.78,2017,10,6,29,43,4,1,12246,0.20462571401750193,0.28111748517446916,0.3730317440398672,0.1412250567681617,3.17,6.34,5.42,7.13
2017-10-30,7760,1489,3938,1204,24599.2,9440.26,21343.96,8584.52,63967.94,2017,10,0,30,44,4,0,14391,0.3845551380894867,0.14757798984929013,0.33366652107289996,0.13420035098832322,3.17,6.34,5.42,7.130000000000001
2017-11-01,5854,380,2730,529,18557.18,2409.2,14796.6,3771.77,39534.75,2017,11,2,1,44,4,0,9493,0.4693890817571883,0.06093879435180442,0.3742682070836416,0.09540391680736567,3.17,6.34,5.42,7.13
2017-11-02,5943,986,5396,495,18839.31,6251.24,29246.32,3529.35,57866.22,2017,11,3,2,44,4,0,12820,0.32556662591750424,0.10802917487957568,0.5054126569870988,0.060991542215821246,3.1700000000000004,6.34,5.42,7.13
2017-11-03,6084,3801,1769,1993,19286.28,24098.34,9587.98,14210.09,67182.68999999999,2017,11,4,3,44,4,0,13647,0.28707216099861443,0.358698646928249,0.14271503567362367,0.21151415639951307,3.17,6.34,5.42,7.13
2017-11-04,2978,3605,275,1243,9440.26,22855.7,1490.5,8862.59,42649.05,2017,11,5,4,44,4,1,8101,0.2213474860518581,0.535901737553357,0.03494802346124943,0.20780275293353545,3.17,6.34,5.42,7.13
2017-11-05,3636,1734,5053,299,11526.12,10993.56,27387.26,2131.87,52038.810000000005,2017,11,6,5,44,4,1,10722,0.22149084500587157,0.21125694457655736,0.5262852859241016,0.040966924493469385,3.1700000000000004,6.34,5.42,7.13
2017-11-06,2763,3815,5770,1454,8758.71,24187.1,31273.4,10367.02,74586.23,2017,11,0,6,45,4,0,13802,0.11743065710654634,0.32428371832173314,0.4192918719715422,0.13899375260017835,3.1699999999999995,6.34,5.42,7.13
2017-11-07,6494,1893,5681,746,20585.98,12001.62,30791.02,5318.98,68697.59999999999,2017,11,1,7,45,4,0,14814,0.2996608324017142,0.17470217300167695,0.448211000093162,0.07742599450344699,3.17,6.340000000000001,5.42,7.129999999999999
2017-11-08,7104,667,1548,966,22519.68,4228.78,8390.16,6887.58,42026.2,2017,11,2,8,45,4,0,10285,0.5358485896892891,0.10062246884086594,0.19964117621864458,0.16388776525120044,3.17,6.34,5.42,7.13
2017-11-09,2923,3633,5534,926,9265.91,23033.22,29994.28,6602.38,68895.79000000001,2017,11,3,9,45,4,0,13016,0.13449167213265134,0.3343197022633749,0.4353572257463046,0.09583139985766909,3.17,6.340000000000001,5.42,7.13
2017-11-10,7204,3486,4165,492,22836.68,22101.24,22574.3,3507.96,71020.18000000001,2017,11,4,10,45,4,0,15347,0.32155198705494686,0.31119662045351054,0.3178575441515355,0.04939384834000702,3.17,6.340000000000001,5.42,7.13
2017-11-11,2001,3049,5954,348,6343.17,19330.66,32270.68,2481.24,60425.75,2017,11,5,11,45,4,1,11352,0.10497461760921462,0.3199076552628639,0.5340551006814148,0.04106262644650666,3.17,6.34,5.42,7.129999999999999
2017-11-12,1565,2121,4979,637,4961.05,13447.14,26986.18,4541.81,49936.17999999999,2017,11,6,12,45,4,1,9302,0.09934780754154604,0.2692865173106954,0.5404133836428818,0.09095229150487684,3.17,6.34,5.42,7.130000000000001
2017-11-13,3149,558,1363,1359,9982.33,3537.72,7387.46,9689.67,30597.18,2017,11,0,13,46,4,0,6429,0.32625000081706873,0.11562242010538225,0.24144251202234976,0.3166850670551992,3.17,6.34,5.42,7.13
2017-11-14,7486,1675,356,521,23730.62,10619.5,1929.52,3714.73,39994.37,2017,11,1,14,46,4,0,10038,0.5933490138737026,0.2655248726258221,0.048244790454256434,0.09288132304621875,3.17,6.34,5.42,7.13
2017-11-15,3963,1587,2466,1144,12562.71,10061.58,13365.72,8156.72,44146.73,2017,11,2,15,46,4,0,9160,0.2845671695276184,0.22791223721439843,0.3027567387210785,0.18476385453690453,3.17,6.34,5.42,7.13
2017-11-16,7084,3452,1995,1900,22456.28,21885.68,10812.9,13547.0,68701.86,2017,11,3,16,46,4,0,14431,0.32686567729025096,0.3185602252981215,0.15738875192025367,0.1971853454913739,3.17,6.34,5.42,7.13
2017-11-17,7085,1870,2713,1409,22459.45,11855.8,14704.46,10046.17,59065.88,2017,11,4,17,46,4,0,13077,0.3802440596838649,0.2007216348931058,0.24895015531809567,0.1700841501049337,3.17,6.34,5.42,7.13
2017-11-18,2636,1114,3433,1381,8356.12,7062.76,18606.86,9846.53,43872.27,2017,11,5,18,46,4,1,8564,0.19046472863154792,0.1609846037143736,0.42411436654634016,0.22443630110773846,3.1700000000000004,6.34,5.42,7.130000000000001
2017-11-19,4597,3756,1687,1634,14572.49,23813.04,9143.54,11650.42,59179.49,2017,11,6,19,46,4,1,11674,0.24624223696419148,0.4023867052588659,0.15450521793952604,0.19686583983741665,3.17,6.34,5.420000000000001,7.13
2017-11-20,2940,2913,3043,279,9319.8,18468.42,16493.06,1989.27,46270.55,2017,11,0,20,47,4,0,9175,0.20141969351996028,0.3991398416487376,0.35644832404196625,0.04299214078933576,3.17,6.339999999999999,5.420000000000001,7.13
2017-11-21,5981,917,2977,1919,18959.77,5813.78,16135.34,13682.47,54591.36,2017,11,1,21,47,4,0,11794,0.34730349271386535,0.10649633934747182,0.29556581847383906,0.2506343494648237,3.17,6.34,5.42,7.13
2017-11-22,4785,1570,4979,1495,15168.45,9953.8,26986.18,10659.35,62767.78,2017,11,2,22,47,4,0,12829,0.24165981336284317,0.15858136132901307,0.4299368242751297,0.1698220010330141,3.1700000000000004,6.34,5.42,7.13
2017-11-23,2268,3664,1766,323,7189.56,23229.76,9571.72,2302.99,42294.03,2017,11,3,23,47,4,0,8021,0.16998994893605554,0.5492444205482429,0.22631373742346142,0.0544518930922402,3.1700000000000004,6.34,5.42,7.129999999999999
2017-11-24,2686,3158,712,1413,8514.62,20021.72,3859.04,10074.69,42470.07000000001,2017,11,4,24,47,4,0,7969,0.20048518874586266,0.4714312926726986,0.09086493146820807,0.23721858711323054,3.1700000000000004,6.340000000000001,5.42,7.130000000000001
2017-11-25,7462,1312,3077,1103,23654.54,8318.08,16677.34,7864.39,56514.350000000006,2017,11,5,25,47,4,1,12954,0.4185581184247894,0.14718527241311277,0.295099209315864,0.13915739984623374,3.17,6.34,5.42,7.13
2017-11-26,5614,3101,3037,448,17796.38,19660.34,16460.54,3194.24,57111.5,2017,11,6,26,47,4,1,12200,0.3116076446950264,0.3442448543638322,0.2882176094131655,0.05592989152797597,3.1700000000000004,6.34,5.42,7.13
2017-11-27,6309,3821,950,1202,19999.53,24225.14,5149.0,8570.26,57943.93,2017,11,0,27,48,4,0,12282,0.3451531506406279,0.41807899464188913,0.08886176688395143,0.14790608783353149,3.17,6.34,5.42,7.13
2017-11-28,3088,634,3991,1107,9788.96,4019.56,21631.22,7892.91,43332.65,2017,11,1,28,48,4,0,8820,0.22590263923392637,0.09276053968543349,0.49918987184028674,0.1821469492403534,3.17,6.34,5.42,7.13
2017-11-29,4405,1857,3137,961,13963.85,11773.38,17002.54,6851.93,49591.7,2017,11,2,29,48,4,0,10360,0.2815763524944699,0.23740625951520114,0.3428505173244717,0.1381668706658574,3.17,6.34,5.42,7.13
2017-11-30,896,929,3919,1267,2840.32,5889.86,21240.98,9033.71,39004.87,2017,11,3,30,48,4,0,7011,0.07281962483146336,0.15100319524203,0.5445725110736171,0.23160466885288936,3.1700000000000004,6.34,5.42,7.129999999999999
2017-12-01,1564,1347,4545,1612,4957.88,8539.98,24633.9,11493.56,49625.32,2017,12,4,1,48,4,0,9068,0.09990625753143759,0.17208916738471408,0.49639780660356453,0.23160676848028386,3.17,6.34,5.42,7.13
2017-12-02,928,2949,4090,974,2941.76,18696.66,22167.8,6944.62,50750.84,2017,12,5,2,48,4,1,8941,0.05796475486908198,0.36840099592440245,0.43679671114803226,0.13683753805848337,3.1700000000000004,6.34,5.42,7.13
2017-12-03,2842,3761,707,408,9009.14,23844.74,3831.94,2909.04,39594.86000000001,2017,12,6,3,48,4,1,7718,0.227533068686188,0.6022180656782218,0.09677872329893322,0.07347014233665682,3.17,6.340000000000001,5.42,7.13
2017-12-04,1619,2334,5833,586,5132.23,14797.56,31614.86,4178.18,55722.83,2017,12,0,4,49,4,0,10372,0.09210282392333626,0.2655565052959442,0.5673591955038895,0.07498147527682998,3.17,6.34,5.42,7.130000000000001
2017-12-05,2964,3169,3780,749,9395.88,20091.46,20487.6,5340.37,55315.31,2017,12,1,5,49,4,0,10662,0.16986038765759426,0.3632169827846938,0.37037847207219843,0.09654415748551351,3.17,6.34,5.42,7.13
2017-12-06,4099,1564,3727,759,12993.83,9915.76,20200.34,5411.67,48521.6,2017,12,2,6,49,4,0,10149,0.2677947553254633,0.20435764690364705,0.4163164446349667,0.11153115313592298,3.17,6.34,5.42,7.13
2017-12-07,1989,930,4487,941,6305.13,5896.2,24319.54,6709.33,43230.2,2017,12,3,7,49,4,0,8347,0.14585012329343838,0.13639076386415053,0.5625590443717587,0.15520006847065246,3.17,6.34,5.42,7.13
2017-12-08,3192,2757,477,337,10118.64,17479.38,2585.34,2402.81,32586.17,2017,12,4,8,49,4,0,6763,0.3105194627045768,0.5364048613261393,0.07933856602356154,0.07373710994572237,3.17,6.340000000000001,5.42,7.13
2017-12-09,6137,642,3189,1737,19454.29,4070.28,17284.38,12384.81,53193.76,2017,12,5,9,49,4,1,11705,0.3657250399294955,0.07651799759971846,0.3249324732825805,0.2328244891882055,3.17,6.340000000000001,5.42,7.13
2017-12-10,3728,2982,3983,355,11817.76,18905.88,21587.86,2531.15,54842.65,2017,12,6,10,49,4,1,11048,0.21548484619178687,0.34472951252355605,0.3936326928038671,0.046152948480790046,3.17,6.340000000000001,5.42,7.13
2017-12-11,7090,2937,1883,1729,22475.3,18620.58,10205.86,12327.77,63629.51000000001,2017,12,0,11,50,4,0,13639,0.3532213276512737,0.2926406316817464,0.16039507454952898,0.19374296611745082,3.17,6.340000000000001,5.42,7.13
2017-12-12,6887,1826,3903,1775,21831.79,11576.84,21154.26,12655.75,67218.64,2017,12,1,12,50,4,0,14391,0.3247877374490171,0.17222663237459135,0.3147082416424968,0.18827738853389478,3.17,6.34,5.42,7.13
2017-12-13,7294,2804,565,774,23121.98,17777.36,3062.3,5518.62,49480.26,2017,12,2,13,50,4,0,11437,0.46729705947381844,0.35928186311066274,0.06188932717815145,0.11153175023736737,3.17,6.34,5.42,7.13
2017-12-14,6460,3989,2289,1531,20478.2,25290.26,12406.38,10916.03,69090.87,2017,12,3,14,50,4,0,14269,0.296395167697266,0.36604344394563276,0.17956612791241447,0.15799526044468684,3.17,6.34,5.42,7.130000000000001
2017-12-15,7629,3385,2874,1632,24183.93,21460.9,15577.08,11636.16,72858.07,2017,12,4,15,50,4,0,15520,0.33193207011934295,0.29455762415886116,0.21380033810942287,0.1597099676123729,3.17,6.340000000000001,5.42,7.13
2017-12-16,1061,395,3952,794,3363.37,2504.3,21419.84,5661.22,32948.73,2017,12,5,16,50,4,1,6202,0.10207889651588997,0.07600596441805192,0.6500960735057163,0.17181906556034177,3.17,6.340000000000001,5.42,7.13
2017-12-17,7840,2055,2375,550,24852.8,13028.7,12872.5,3921.5,54675.5,2017,12,6,17,50,4,1,12820,0.4545509414637269,0.2382913736499895,0.23543451820285136,0.07172316668343225,3.17,6.340000000000001,5.42,7.13
2017-12-18,5050,1125,5556,286,16008.5,7132.5,30113.52,2039.18,55293.7,2017,12,0,18,51,4,0,12017,0.28951761231388023,0.1289929955853922,0.5446103263120392,0.03687906578868841,3.17,6.34,5.42,7.13
2017-12-19,4872,2516,1229,1702,15444.24,15951.44,6661.18,12135.26,50192.12,2017,12,1,19,51,4,0,10319,0.30770248397557226,0.31780765586311155,0.1327136610288627,0.24177619913245346,3.17,6.34,5.42,7.13
2017-12-20,3025,550,5301,1578,9589.25,3487.0,28731.42,11251.14,53058.81,2017,12,2,20,51,4,0,10454,0.18072870462040141,0.06571952895287324,0.5415014019349472,0.21205036449177808,3.17,6.34,5.42,7.13
2017-12-21,2042,755,1738,1518,6473.14,4786.7,9419.96,10823.34,31503.14,2017,12,3,21,51,4,0,6053,0.2054760255644358,0.15194358403638494,0.29901654247798787,0.3435638479211914,3.1700000000000004,6.34,5.42,7.13
2017-12-22,464,3141,2617,965,1470.88,19913.94,14184.14,6880.45,42449.41,2017,12,4,22,51,4,0,7187,0.03465018712863147,0.4691217145303079,0.334142217759917,0.1620858805811435,3.1700000000000004,6.34,5.42,7.13
2017-12-23,3188,3932,4640,1229,10105.96,24928.88,25148.8,8762.77,68946.41,2017,12,5,23,51,4,1,12989,0.14657702989901866,0.3615689344811427,0.3647586582100504,0.12709537740978827,3.17,6.34,5.42,7.130000000000001
2017-12-24,7364,3280,3024,564,23343.88,20795.2,16390.08,4021.32,64550.48,2017,12,6,24,51,4,1,14232,0.36163758968174986,0.32215407228575216,0.2539110476018149,0.062297290430683085,3.17,6.34,5.420000000000001,7.13
2017-12-25,6620,3314,1712,1594,20985.4,21010.76,9279.04,11365.22,62640.420000000006,2017,12,0,25,52,4,0,13240,0.335013717979541,0.33541856839401774,0.14813182925657267,0.1814358843698685,3.1700000000000004,6.34,5.420000000000001,7.13
2017-12-26,6816,2632,5275,1781,21606.72,16686.88,28590.5,12698.53,79582.63,2017,12,1,26,52,4,0,16504,0.2715004517945687,0.2096799263859463,0.3592555310122322,0.15956409080725278,3.1700000000000004,6.340000000000001,5.42,7.130000000000001
2017-12-27,1101,2237,1007,1841,3490.17,14182.58,5457.94,13126.33,36257.02,2017,12,2,27,52,4,0,6186,0.09626191010733923,0.39116783453245746,0.15053471024369902,0.3620355451165044,3.17,6.34,5.42,7.13
2017-12-28,1675,1071,5293,1504,5309.75,6790.14,28688.06,10723.52,51511.47,2017,12,3,28,52,4,0,9543,0.1030789841563442,0.1318180203360533,0.55692567111752,0.20817732439008244,3.17,6.340000000000001,5.42,7.13
2017-12-29,2353,1085,2261,1537,7459.01,6878.9,12254.62,10958.81,37551.34,2017,12,4,29,52,4,0,7236,0.19863498879134542,0.18318653874934956,0.32634308123225436,0.29183539122705077,3.17,6.34,5.42,7.13
2017-12-30,5540,3197,4520,348,17561.8,20268.98,24498.4,2481.24,64810.42,2017,12,5,30,52,4,1,13605,0.27097185915474703,0.3127426114504427,0.3780009449097846,0.03828458448502571,3.17,6.34,5.42,7.129999999999999
2018-01-01,714,2904,5026,276,2263.38,18411.36,27240.92,1967.88,49883.54,2018,1,0,1,1,1,0,8920,0.045373283451815974,0.36908687715426775,0.5460903536517255,0.03944948574219071,3.1700000000000004,6.34,5.42,7.130000000000001
2018-01-02,287,1588,5687,961,909.79,10067.92,30823.54,6851.93,48653.18,2018,1,1,2,1,1,0,8523,0.018699497134616893,0.20693241428412285,0.633535978532133,0.14083211004912732,3.17,6.34,5.42,7.13
2018-01-03,838,3493,3289,594,2656.46,22145.62,17826.38,4235.22,46863.68,2018,1,2,3,1,1,0,8214,0.05668483567658366,0.47255401197686564,0.38038796782497664,0.09037318452157407,3.17,6.34,5.42,7.130000000000001
2018-01-04,4721,1240,990,437,14965.57,7861.6,5365.8,3115.81,31308.78,2018,1,3,4,1,1,0,7388,0.4779991427324859,0.2510988930261735,0.17138323499031263,0.09951872925102799,3.17,6.34,5.42,7.13
2018-01-05,3807,472,2151,708,12068.19,2992.48,11658.42,5048.04,31767.13,2018,1,4,5,1,1,0,7138,0.3798955083446317,0.0942005148088606,0.36699632607667104,0.15890765076983662,3.17,6.34,5.42,7.13
2018-01-06,7149,1506,3049,1804,22662.33,9548.04,16525.58,12862.52,61598.47,2018,1,5,6,1,1,1,13508,0.36790410541041035,0.1550044993000638,0.26827906602225676,0.20881232926726914,3.1700000000000004,6.340000000000001,5.420000000000001,7.13
2018-01-07,336,1545,974,1866,1065.12,9795.3,5279.08,13304.58,29444.08,2018,1,6,7,1,1,1,4721,0.03617433453515952,0.33267468367155634,0.17929172859196144,0.4518592532013226,3.1699999999999995,6.34,5.42,7.13
2018-01-08,1989,2626,3860,1346,6305.13,16648.84,20921.2,9596.98,53472.15,2018,1,0,8,2,1,0,9821,0.1179142787413635,0.3113553504020317,0.39125413883675897,0.17947623201984583,3.17,6.34,5.42,7.13
2018-01-09,1341,895,5375,941,4250.97,5674.3,29132.5,6709.33,45767.100000000006,2018,1,1,9,2,1,0,8552,0.0928826602515781,0.12398207445960088,0.6365380371489563,0.14659722813986464,3.1700000000000004,6.34,5.42,7.13
2018-01-10,1422,3448,4663,1049,4507.74,21860.32,25273.46,7479.37,59120.89,2018,1,2,10,2,1,0,10582,0.0762461458208765,0.3697562739667823,0.4274878135291941,0.12650976668314703,3.17,6.34,5.42,7.13
2018-01-11,5587,3007,3928,1019,17710.79,19064.38,21289.76,7265.47,65330.4,2018,1,3,11,2,1,0,13541,0.2710956920514799,0.29181483658449975,0.3258783047402128,0.1112111666238076,3.1700000000000004,6.340000000000001,5.42,7.13
2018-01-12,4508,2197,4092,1192,14290.36,13928.98,22178.64,8498.96,58896.94,2018,1,4,12,2,1,0,11989,0.2426333184712143,0.2364975158301942,0.37656693200020236,0.14430223369838907,3.17,6.34,5.42,7.129999999999999
2018-01-13,287,3064,5665,1510,909.79,19425.76,30704.3,10766.3,61806.15,2018,1,5,13,2,1,1,10526,0.014720056175639479,0.31430140851678995,0.49678389610095436,0.17419463920661615,3.17,6.34,5.42,7.13
2018-01-14,6891,3432,3499,1017,21844.47,21758.88,18964.58,7251.21,69819.14000000001,2018,1,6,14,2,1,1,14839,0.31287222959205735,0.31164634797850554,0.2716243711967807,0.10385705123265623,3.1700000000000004,6.34,5.420000000000001,7.13
2018-01-15,3085,3880,3453,1610,9779.45,24599.2,18715.26,11479.3,64573.21000000001,2018,1,0,15,3,1,0,12028,0.15144748108387363,0.3809505520942818,0.2898301013686635,0.17777186545318094,3.1700000000000004,6.34,5.42,7.13
2018-01-16,1300,3840,3629,745,4121.0,24345.6,19669.18,5311.85,53447.63,2018,1,1,16,3,1,0,9514,0.07710351235405574,0.45550382683011387,0.36800845986996994,0.09938420094586048,3.17,6.34,5.42,7.130000000000001
2018-01-17,811,2910,254,252,2570.87,18449.4,1376.68,1796.76,24193.71,2018,1,2,17,3,1,0,4227,0.1062619168370622,0.7625701060316918,0.05690239322534659,0.0742655839058995,3.17,6.340000000000001,5.42,7.13
2018-01-18,5439,2673,2458,839,17241.63,16946.82,13322.36,5982.07,53492.88,2018,1,3,18,3,1,0,11409,0.3223163531296128,0.31680515238663537,0.249049219260582,0.11182927522316989,3.1700000000000004,6.34,5.42,7.13
2018-01-19,6812,985,4253,415,21594.04,6244.9,23051.26,2958.95,53849.15,2018,1,4,19,3,1,0,12465,0.4010098580943246,0.1159702613690281,0.4280710094774012,0.054948871059246056,3.17,6.34,5.42,7.13
2018-01-20,2453,3176,1499,987,7776.01,20135.84,8124.58,7037.31,43073.74,2018,1,5,20,3,1,1,8115,0.18052785757633308,0.46747368582342747,0.18862025911843272,0.1633781974818068,3.17,6.34,5.42,7.130000000000001
2018-01-21,2402,1062,5349,1180,7614.34,6733.08,28991.58,8413.4,51752.4,2018,1,6,21,3,1,1,9993,0.14713018140221515,0.1301017923806432,0.5601977879286758,0.16257023828846584,3.17,6.34,5.42,7.13
2018-01-22,6738,2780,2131,963,21359.46,17625.2,11550.02,6866.19,57400.87000000001,2018,1,0,22,4,1,0,12612,0.37211038787391193,0.30705457948633874,0.20121681082534112,0.11961822181440801,3.17,6.34,5.42,7.13
2018-01-23,3824,1173,936,531,12122.08,7436.82,5073.12,3786.03,28418.05,2018,1,1,23,4,1,0,6464,0.42656269518844536,0.2616935363263841,0.17851752671277585,0.13322624177239467,3.17,6.34,5.42,7.130000000000001
2018-01-24,7003,2999,3104,958,22199.51,19013.66,16823.68,6830.54,64867.39,2018,1,2,24,4,1,0,14064,0.34222912313876047,0.29311584757765036,0.25935497019380616,0.10530005908978302,3.17,6.34,5.42,7.13
2018-01-25,3976,314,1331,1434,12603.92,1990.76,7214.02,10224.42,32033.120000000003,2018,1,3,25,4,1,0,7055,0.3934652634523268,0.062146927929592866,0.2252050377858916,0.31918277083218866,3.17,6.34,5.42,7.13
2018-01-26,4334,2748,1851,868,13738.78,17422.32,10032.42,6188.84,47382.36,2018,1,4,26,4,1,0,9801,0.2899555868470883,0.3676963325592056,0.2117332273023125,0.1306148532913937,3.1700000000000004,6.34,5.42,7.13
2018-01-27,5990,1617,3701,1652,18988.3,10251.78,20059.42,11778.76,61078.26,2018,1,5,27,4,1,1,12960,0.3108847567039401,0.16784662824383012,0.32842160205611615,0.1928470129961135,3.17,6.340000000000001,5.42,7.13
2018-01-28,2724,3366,3548,812,8635.08,21340.44,19230.16,5789.56,54995.23999999999,2018,1,6,28,4,1,1,10450,0.15701504348376336,0.38804158323520366,0.3496695350361232,0.10527383824490995,3.17,6.34,5.42,7.130000000000001
2018-01-29,6826,493,4186,1258,21638.42,3125.62,22688.12,8969.54,56421.7,2018,1,0,29,5,1,0,12763,0.38351237201289573,0.05539748004757035,0.40211691600926597,0.158973231930268,3.17,6.34,5.42,7.130000000000001
2018-01-30,4596,2890,4130,1249,14569.32,18322.6,22384.6,8905.37,64181.89,2018,1,1,30,5,1,0,12865,0.22700048253487082,0.28547928395377575,0.34876816497613267,0.13875206853522076,3.17,6.34,5.42,7.130000000000001
2018-01-31,5650,3842,5358,988,17910.5,24358.28,29040.36,7044.44,78353.58,2018,1,2,31,5,1,0,15838,0.2285855987690671,0.3108764143259312,0.3706322034041074,0.08990578350089427,3.17,6.34,5.42,7.13
2018-02-01,6714,1686,977,1855,21283.38,10689.24,5295.34,13226.15,50494.11000000001,2018,2,3,1,5,1,0,11232,0.4215022306562092,0.2116928093197404,0.10487044924645665,0.2619345107775936,3.1700000000000004,6.34,5.42,7.13
2018-02-02,4006,816,2608,349,12699.02,5173.44,14135.36,2488.37,34496.19,2018,2,4,2,5,1,0,7779,0.36812819038856176,0.14997134466154086,0.40976583211073453,0.07213463283916281,3.17,6.34,5.42,7.13
2018-02-03,7721,402,5821,1858,24475.57,2548.68,31549.82,13247.54,71821.61,2018,2,5,3,5,1,1,15802,0.3407828089623722,0.03548625545988178,0.4392803224544813,0.18445061312326472,3.17,6.34,5.42,7.130000000000001
2018-02-04,564,585,2820,891,1787.88,3708.9,15284.4,6352.83,27134.01,2018,2,6,4,5,1,1,4860,0.06589074007122428,0.13668823738179503,0.5632930775804977,0.23412794496648304,3.1700000000000004,6.34,5.42,7.13
2018-02-05,1599,1572,3777,1069,5068.83,9966.48,20471.34,7621.97,43128.62,2018,2,0,5,6,1,0,8017,0.11752822139915443,0.23108738466475393,0.47465789538362224,0.17672649855246933,3.17,6.34,5.42,7.13
2018-02-06,321,2193,4274,1490,1017.57,13903.62,23165.08,10623.7,48709.97,2018,2,1,6,6,1,0,8278,0.020890384453121198,0.28543684178002987,0.47557163348694326,0.21810114027990574,3.1700000000000004,6.340000000000001,5.420000000000001,7.130000000000001
2018-02-07,5209,2093,4768,756,16512.53,13269.62,25842.56,5390.28,61014.990000000005,2018,2,2,7,6,1,0,12826,0.27063070894545743,0.21748131074019678,0.42354444375062583,0.08834353656371982,3.17,6.340000000000001,5.42,7.13
2018-02-08,5760,462,3593,708,18259.2,2929.08,19474.06,5048.04,45710.38,2018,2,3,8,6,1,0,10523,0.399454128362092,0.06407909975808558,0.4260314615629973,0.1104353103168252,3.17,6.34,5.42,7.13
2018-02-09,256,3499,5198,705,811.52,22183.66,28173.16,5026.65,56194.99,2018,2,4,9,6,1,0,9658,0.014441145020223334,0.3947622377012613,0.5013464723456664,0.08945014493284899,3.17,6.34,5.42,7.13
2018-02-10,6590,2759,3797,288,20890.3,17492.06,20579.74,2053.44,61015.54000000001,2018,2,5,10,6,1,1,13434,0.34237671255552266,0.286682048540421,0.337286861674911,0.03365437722914523,3.17,6.340000000000001,5.420000000000001,7.13
2018-02-11,3189,2923,3823,1759,10109.13,18531.82,20720.66,12541.67,61903.28,2018,2,6,11,6,1,1,11694,0.16330524004543862,0.29936733562421897,0.33472636668040856,0.2026010576499339,3.17,6.34,5.42,7.13
2018-02-12,6659,1078,921,1684,21109.03,6834.52,4991.82,12006.92,44942.28999999999,2018,2,0,12,7,1,0,10342,0.46969190933528315,0.15207324771390157,0.11107177671631775,0.26716306623449765,3.17,6.340000000000001,5.42,7.13
2018-02-13,4540,2881,2329,1277,14391.8,18265.54,12623.18,9105.01,54385.530000000006,2018,2,1,13,7,1,0,11027,0.26462553550549195,0.3358529373530055,0.23210548835324393,0.16741603878825856,3.17,6.340000000000001,5.42,7.13
2018-02-14,7685,3944,5129,303,24361.45,25004.96,27799.18,2160.39,79325.98,2018,2,2,14,7,1,0,17061,0.3071055661713855,0.31521778867402583,0.35044231410692944,0.02723433104765929,3.17,6.34,5.42,7.13
2018-02-15,4608,3930,4007,271,14607.36,24916.2,21717.94,1932.23,63173.73,2018,2,3,15,7,1,0,12816,0.2312252260551973,0.3944076121514433,0.3437811887947727,0.030585972998586595,3.17,6.34,5.42,7.13
2018-02-16,1631,3160,1047,1750,5170.27,20034.4,5674.74,12477.5,43356.91,2018,2,4,16,7,1,0,7588,0.1192490424248407,0.462080900137948,0.1308843273194515,0.28778573011775976,3.1700000000000004,6.340000000000001,5.42,7.13
2018-02-17,1342,1549,2499,387,4254.14,9820.66,13544.58,2759.31,30378.69,2018,2,5,17,7,1,1,5777,0.14003697986977057,0.3232746375831216,0.44585793528292367,0.09083044726418421,3.1700000000000004,6.34,5.42,7.13
2018-02-18,7965,3616,2826,1409,25249.05,22925.44,15316.92,10046.17,73537.58,2018,2,6,18,7,1,1,15816,0.3433489380531695,0.3117513521657906,0.20828697381665265,0.1366127359643872,3.17,6.34,5.42,7.13
2018-02-19,3042,1708,4458,1344,9643.14,10828.72,24162.36,9582.72,54216.94,2018,2,0,19,8,1,0,10552,0.1778621220600056,0.19972945725081495,0.4456607104716718,0.17674771021750765,3.17,6.34,5.42,7.13
2018-02-20,7053,489,1880,1291,22358.01,3100.26,10189.6,9204.83,44852.7,2018,2,1,20,8,1,0,10713,0.49847634590559764,0.06912092248627173,0.22717918876678553,0.2052235428413451,3.17,6.340000000000001,5.42,7.13
2018-02-21,6289,3746,3535,1419,19936.13,23749.64,19159.7,10117.47,72962.94,2018,2,2,21,8,1,0,14989,0.27323638548556295,0.3255027826455458,0.2625949557405444,0.1386658761283468,3.1700000000000004,6.34,5.42,7.13
2018-02-22,6896,3967,737,396,21860.32,25150.78,3994.54,2823.48,53829.12,2018,2,3,22,8,1,0,11996,0.4061058401103343,0.4672337203357587,0.07420778938983212,0.05245265016407476,3.17,6.34,5.42,7.13
2018-02-23,992,3640,5747,1606,3144.64,23077.6,31148.74,11450.78,68821.76,2018,2,4,23,8,1,0,11985,0.045692525154834754,0.3353241765395131,0.45260016599401126,0.16638313231164098,3.17,6.34,5.42,7.130000000000001
2018-02-24,5921,298,4237,1254,18769.57,1889.32,22964.54,8941.02,52564.45,2018,2,5,24,8,1,1,11710,0.3570772641966196,0.035942923401652636,0.43688348303844143,0.17009632936328642,3.17,6.34,5.42,7.130000000000001
2018-02-25,492,2711,5364,521,1559.64,17187.74,29072.88,3714.73,51534.990000000005,2018,2,6,25,8,1,1,9088,0.03026371015110316,0.3335159277221166,0.5641386560858942,0.072081706040886,3.1700000000000004,6.340000000000001,5.42,7.13
2018-02-26,7059,1176,3256,1484,22377.03,7455.84,17647.52,10580.92,58061.31,2018,2,0,26,9,1,0,12975,0.38540346402793874,0.12841322388351212,0.30394629401231216,0.18223701807623702,3.17,6.34,5.42,7.13
2018-02-27,5146,2482,3671,685,16312.82,15735.88,19896.82,4884.05,56829.57,2018,2,1,27,9,1,0,11984,0.2870480983755464,0.27689598918309605,0.3501138579792175,0.08594205446214005,3.17,6.34,5.42,7.13
2018-02-28,6811,401,3627,788,21590.87,2542.34,19658.34,5618.44,49409.990000000005,2018,2,2,28,9,1,0,11627,0.43697377797485887,0.051453967102604144,0.3978616470070121,0.11371060791552476,3.17,6.340000000000001,5.42,7.13
2018-03-01,6952,3254,2168,1058,22037.84,20630.36,11750.56,7543.54,61962.3,2018,3,3,1,9,1,0,13432,0.3556652997064344,0.33295019713600044,0.18964047493395175,0.12174402822361338,3.17,6.34,5.42,7.13
2018-03-02,5885,2118,1201,1942,18655.45,13428.12,6509.42,13846.46,52439.45,2018,3,4,2,9,1,0,11146,0.35575220563907517,0.25606904725354673,0.12413211809048341,0.26404662901689474,3.17,6.340000000000001,5.42,7.13
2018-03-03,4388,3166,4425,993,13909.96,20072.44,23983.5,7080.09,65045.98999999999,2018,3,5,3,9,1,1,12972,0.2138480788746547,0.30858843104701766,0.3687160422956127,0.10884744778271499,3.17,6.34,5.42,7.13
2018-03-04,7232,3392,884,1491,22925.44,21505.28,4791.28,10630.83,59852.83,2018,3,6,4,9,1,1,12999,0.3830301758496632,0.35930264283242747,0.08005101847314487,0.1776161628447644,3.17,6.34,5.42,7.13
2018-03-05,1934,428,2407,819,6130.78,2713.52,13045.94,5839.47,27729.71,2018,3,0,5,10,1,0,5588,0.2210906641288351,0.0978560540301359,0.47046795657076834,0.2105853252702607,3.17,6.34,5.42,7.13
2018-03-06,3507,266,3544,274,11117.19,1686.44,19208.48,1953.62,33965.73,2018,3,1,6,10,1,0,7591,0.327306081747691,0.04965122198168565,0.5655253103642994,0.057517385906323805,3.17,6.34,5.42,7.13
2018-03-07,979,1870,377,1038,3103.43,11855.8,2043.34,7400.94,24403.51,2018,3,2,7,10,1,0,4264,0.12717146017109834,0.4858235557098139,0.0837313976555012,0.3032735864635866,3.17,6.34,5.42,7.13
2018-03-08,4883,1957,5124,848,15479.11,12407.38,27772.08,6046.24,61704.81,2018,3,3,8,10,1,0,12812,0.2508574291047975,0.20107638286221122,0.45007966153692075,0.09798652649607056,3.17,6.34,5.42,7.13
2018-03-09,1006,1895,4281,506,3189.02,12014.3,23203.02,3607.78,42014.12,2018,3,4,9,10,1,0,7688,0.07590352957529516,0.2859586253383386,0.5522671901732085,0.08587065491315776,3.17,6.34,5.42,7.130000000000001
2018-03-10,4610,1011,2324,273,14613.7,6409.74,12596.08,1946.49,35566.01,2018,3,5,10,10,1,1,8218,0.4108894981472479,0.18022094690970394,0.35416061571146157,0.05472893923158656,3.1700000000000004,6.34,5.42,7.13
2018-03-11,3808,413,2284,1302,12071.36,2618.42,12379.28,9283.26,36352.32,2018,3,6,11,10,1,1,7807,0.3320657388579326,0.07202896541403685,0.3405361748576157,0.25536912087041486,3.1700000000000004,6.34,5.42,7.13
2018-03-12,1431,3690,568,275,4536.27,23394.6,3078.56,1960.75,32970.18,2018,3,0,12,11,1,0,5964,0.13758705593964002,0.7095684645943697,0.09337407317764113,0.05947040628834905,3.1700000000000004,6.34,5.42,7.13
2018-03-13,7905,2246,5099,1407,25058.85,14239.64,27636.58,10031.91,76966.98000000001,2018,3,1,13,11,1,0,16657,0.32557922891089136,0.18500972754809916,0.3590706040434482,0.13034043949756113,3.17,6.34,5.42,7.13
2018-03-14,2946,3525,1982,1971,9338.82,22348.5,10742.44,14053.23,56482.990000000005,2018,3,2,14,11,1,0,10424,0.16533862672638255,0.39566779308248373,0.19018894006850556,0.24880464012262804,3.17,6.34,5.42,7.13
2018-03-15,6745,1303,2707,1557,21381.65,8261.02,14671.94,11101.41,55416.02,2018,3,3,15,11,1,0,12312,0.3858387881338285,0.14907277715000106,0.2647599015591521,0.2003285331570185,3.1700000000000004,6.340000000000001,5.42,7.13
2018-03-16,7320,3889,1062,617,23204.4,24656.26,5756.04,4399.21,58015.91,2018,3,4,16,11,1,0,12888,0.399966147217203,0.42499135151030115,0.09921485330489516,0.07582764796760061,3.1700000000000004,6.34,5.42,7.13
2018-03-17,7191,3411,4907,1369,22795.47,21625.74,26595.94,9760.97,80778.12000000001,2018,3,5,17,11,1,1,16878,0.2821985706030296,0.26771779288747993,0.3292468307011849,0.1208368058083055,3.1700000000000004,6.340000000000001,5.42,7.13
2018-03-18,4137,3211,3863,1956,13114.29,20357.74,20937.46,13946.28,68355.77,2018,3,6,18,11,1,1,13167,0.19185344558330628,0.29782035956876796,0.3063012822472777,0.20402491260064806,3.1700000000000004,6.340000000000001,5.42,7.13
2018-03-19,4791,2178,4140,503,15187.47,13808.52,22438.8,3586.39,55021.17999999999,2018,3,0,19,12,1,0,11612,0.2760295217223622,0.250967354753206,0.4078211336070946,0.0651819899173373,3.17,6.34,5.42,7.13
2018-03-20,6450,3102,4715,535,20446.5,19666.68,25555.3,3814.55,69483.03,2018,3,1,20,12,1,0,14802,0.2942660963403582,0.2830429242938887,0.3677919630160055,0.05489901634974756,3.17,6.34,5.42,7.130000000000001
2018-03-21,3537,1625,5210,715,11212.29,10302.5,28238.2,5097.95,54850.94,2018,3,2,21,12,1,0,11087,0.20441381679147158,0.1878272277558051,0.5148170660338729,0.09294188941885043,3.1700000000000004,6.34,5.42,7.13
2018-03-22,3917,1189,2493,1747,12416.89,7538.26,13512.06,12456.11,45923.32,2018,3,3,22,12,1,0,9346,0.27038310818991307,0.16414884638131563,0.294230904908443,0.27123714052032827,3.17,6.34,5.42,7.13
2018-03-23,6957,1411,2923,462,22053.69,8945.74,15842.66,3294.06,50136.15,2018,3,4,23,12,1,0,11753,0.4398760176040641,0.17842893800182102,0.3159927517370201,0.06570229265709472,3.17,6.34,5.42,7.13
2018-03-24,1616,2389,6000,1907,5122.72,15146.26,32520.0,13596.91,66385.89,2018,3,5,24,12,1,1,11912,0.07716579532186735,0.2281548081979469,0.4898631320601411,0.2048162644200447,3.1700000000000004,6.34,5.42,7.13
2018-03-25,3156,720,721,690,10004.52,4564.8,3907.82,4919.7,23396.84,2018,3,6,25,12,1,1,5287,0.4276013341972677,0.19510327035616776,0.16702340999895712,0.21027198544760745,3.17,6.34,5.42,7.13
2018-03-26,1035,1231,5287,1940,3280.95,7804.54,28655.54,13832.2,53573.23,2018,3,0,26,13,1,0,9493,0.061242340624225934,0.14567984793897995,0.5348854269193775,0.2581923845174166,3.17,6.34,5.42,7.130000000000001
2018-03-27,3438,1109,1674,1423,10898.46,7031.06,9073.08,10145.99,37148.59,2018,3,1,27,13,1,0,7644,0.2933747956517327,0.18926855635705153,0.24423753364528777,0.2731191143459281,3.17,6.340000000000001,5.42,7.13
2018-03-28,6576,442,1988,1159,20845.92,2802.28,10774.96,8263.67,42686.83,2018,3,2,28,13,1,0,10165,0.48834546861409006,0.06564741396819582,0.2524188373791167,0.19358828003859738,3.17,6.340000000000001,5.42,7.13
2018-03-29,7136,3360,2055,1821,22621.12,21302.4,11138.1,12983.73,68045.35,2018,3,3,29,13,1,0,14372,0.3324418200508925,0.3130618036353696,0.1636864238335169,0.1908099524802209,3.17,6.340000000000001,5.42,7.13
2018-03-30,4459,1354,5739,378,14135.03,8584.36,31105.38,2695.14,56519.91,2018,3,4,30,13,1,0,11930,0.2500893932775194,0.1518820535984576,0.5503437638170336,0.047684789306989335,3.17,6.340000000000001,5.42,7.13
2018-03-31,7446,2936,5476,1010,23603.82,18614.24,29679.92,7201.3,79099.28,2018,3,5,31,13,1,1,16868,0.29840752027072814,0.23532755291830723,0.3752236429964976,0.09104128381446709,3.17,6.340000000000001,5.42,7.13
2018-04-01,4687,907,4835,1500,14857.79,5750.38,26205.7,10695.0,57508.87,2018,4,6,1,13,2,1,11929,0.2583564935287374,0.09999118396866431,0.4556810105988867,0.18597131190371155,3.1700000000000004,6.34,5.42,7.13
2018-04-02,4335,3288,754,1568,13741.95,20845.92,4086.68,11179.84,49854.39,2018,4,0,2,14,2,0,9945,0.2756417238281323,0.41813609593859236,0.08197231978969154,0.2242498604435838,3.1700000000000004,6.34,5.42,7.13
2018-04-03,3860,2801,499,1934,12236.2,17758.34,2704.58,13789.42,46488.54,2018,4,1,3,14,2,0,9094,0.26320895429282143,0.381993927965903,0.058177348654098404,0.2966197690871772,3.1700000000000004,6.34,5.42,7.13
2018-04-04,5878,3206,3795,936,18633.26,20326.04,20568.9,6673.68,66201.88,2018,4,2,4,14,2,0,13815,0.28146119113233636,0.3070311598401737,0.3106996357203149,0.10080801330717495,3.17,6.34,5.420000000000001,7.13
2018-04-05,1723,3789,5966,299,5461.91,24022.26,32335.72,2131.87,63951.76,2018,4,3,5,14,2,0,11777,0.08540671906449486,0.3756309443242844,0.5056267411561465,0.03333559545507426,3.17,6.34,5.42,7.13
2018-04-06,1561,2351,775,1855,4948.37,14905.34,4200.5,13226.15,37280.36,2018,4,4,6,14,2,0,6542,0.13273396501535928,0.3998174910328119,0.11267326817659486,0.35477527577523393,3.17,6.34,5.42,7.13
2018-04-07,3314,2516,2357,1152,10505.38,15951.44,12774.94,8213.76,47445.52,2018,4,5,7,14,2,1,9339,0.2214198516530117,0.3362053993717426,0.26925492649253296,0.17311982248271282,3.17,6.34,5.42,7.13
2018-04-08,6024,2731,4986,1123,19096.08,17314.54,27024.12,8006.99,71441.73000000001,2018,4,6,8,14,2,1,14864,0.2672958787532161,0.24235891264111323,0.3782679954698745,0.1120772131357961,3.1700000000000004,6.340000000000001,5.42,7.13
2018-04-09,5226,1924,4266,1222,16566.42,12198.16,23121.72,8712.86,60599.16,2018,4,0,9,15,2,0,12638,0.27337705671167717,0.20129255917078717,0.38155182349062267,0.143778560626913,3.1699999999999995,6.34,5.42,7.130000000000001
2018-04-10,3595,718,1040,421,11396.15,4552.12,5636.8,3001.73,24586.8,2018,4,1,10,15,2,0,5774,0.4635068410691916,0.1851448744854963,0.22926122960287634,0.12208705484243579,3.17,6.34,5.42,7.13
2018-04-11,6050,1471,1113,1941,19178.5,9326.14,6032.46,13839.33,48376.43,2018,4,2,11,15,2,0,10575,0.3964430612180353,0.19278272497577847,0.12469832933103993,0.28607588447514626,3.17,6.34,5.42,7.13
2018-04-12,1348,349,5857,1705,4273.16,2212.66,31744.94,12156.65,50387.41,2018,4,3,12,15,2,0,9259,0.08480610533464608,0.04391295365250962,0.6300172999564772,0.24126364105636702,3.17,6.34,5.42,7.13
2018-04-13,604,463,896,1456,1914.68,2935.42,4856.32,10381.28,20087.7,2018,4,4,13,15,2,0,3419,0.09531603916824724,0.14613021898973003,0.2417559003768475,0.5167978414651753,3.17,6.34,5.42,7.130000000000001
2018-04-14,6573,1578,1909,1937,20836.41,10004.52,10346.78,13810.81,54998.52,2018,4,5,14,15,2,1,11997,0.37885401279888986,0.18190525854150258,0.18812833508974425,0.2511123935698633,3.17,6.34,5.42,7.13
2018-04-15,2269,1148,1848,1118,7192.73,7278.32,10016.16,7971.34,32458.55,2018,4,6,15,15,2,1,6383,0.2215973911342312,0.22423429265940714,0.30858310060061217,0.2455852156057495,3.17,6.34,5.42,7.13
2018-04-16,5568,1216,4503,544,17650.56,7709.44,24406.26,3878.72,53644.98,2018,4,0,16,16,2,0,11831,0.3290253813124732,0.14371223551579287,0.45495887965658666,0.07230350351514717,3.1700000000000004,6.34,5.42,7.13
2018-04-17,7435,3348,5655,570,23568.95,21226.32,30650.1,4064.1,79509.47,2018,4,1,17,16,2,0,17008,0.2964294693449724,0.26696593500120175,0.38548992969013623,0.051114665963689604,3.17,6.34,5.42,7.13
2018-04-18,4179,3487,3216,1937,13247.43,22107.58,17430.72,13810.81,66596.54000000001,2018,4,2,18,16,2,0,12819,0.19892069467873255,0.3319628917658485,0.26173612022486453,0.20738029333055438,3.17,6.340000000000001,5.42,7.13
2018-04-19,5976,2656,2600,1910,18943.92,16839.04,14092.0,13618.3,63493.26,2018,4,3,19,16,2,0,13142,0.29836111738474286,0.2652098821197715,0.22194481744991515,0.2144841830455705,3.17,6.340000000000001,5.42,7.13
2018-04-20,6482,3518,4904,991,20547.94,22304.12,26579.68,7065.83,76497.56999999999,2018,4,4,20,16,2,0,15895,0.2686090551634516,0.2915663857034936,0.34745783428153343,0.09236672485152143,3.17,6.34,5.42,7.13
2018-04-21,5455,470,3844,654,17292.35,2979.8,20834.48,4663.02,45769.65,2018,4,5,21,16,2,1,10423,0.3778125897838414,0.06510427761628065,0.4552029565443476,0.10188017605553025,3.17,6.340000000000001,5.42,7.130000000000001
2018-04-22,2881,2904,955,427,9132.77,18411.36,5176.1,3044.51,35764.740000000005,2018,4,6,22,16,2,1,7167,0.25535681232409346,0.5147908247061211,0.1447263422018446,0.08512602076794071,3.1700000000000004,6.34,5.420000000000001,7.130000000000001
2018-04-23,2460,1657,5496,1665,7798.2,10505.38,29788.32,11871.45,59963.34999999999,2018,4,0,23,17,2,0,11278,0.13004943853203668,0.1751966826403128,0.4967754470022106,0.1979784318254401,3.17,6.34,5.42,7.130000000000001
2018-04-24,2899,591,3995,836,9189.83,3746.94,21652.9,5960.68,40550.35,2018,4,1,24,17,2,0,8321,0.22662763699943406,0.09240216175692689,0.5339756623555654,0.14699453888807373,3.17,6.34,5.42,7.130000000000001
2018-04-25,733,3576,837,1467,2323.61,22671.84,4536.54,10459.71,39991.7,2018,4,2,25,17,2,0,6613,0.05810230622854243,0.5669136345791752,0.11343703818542349,0.2615470210068589,3.1700000000000004,6.34,5.42,7.129999999999999
2018-04-26,2786,3564,1104,1622,8831.62,22595.76,5983.68,11564.86,48975.92,2018,4,3,26,17,2,0,9076,0.18032576008781462,0.46136468697270006,0.12217595912440236,0.23613359381508303,3.1700000000000004,6.34,5.42,7.130000000000001
2018-04-27,2071,3237,462,785,6565.07,20522.58,2504.04,5597.05,35188.740000000005,2018,4,4,27,17,2,0,6555,0.186567350805968,0.5832144032437648,0.07116026319782975,0.15905798275243727,3.17,6.340000000000001,5.42,7.13
2018-04-28,6061,3965,1259,1788,19213.37,25138.1,6823.78,12748.44,63923.69,2018,4,5,28,17,2,1,13073,0.30056728577464786,0.39325170371109675,0.10674884381674461,0.19943216669751074,3.17,6.34,5.42,7.13
2018-04-29,5665,2708,2015,1385,17958.05,17168.72,10921.3,9875.05,55923.12000000001,2018,4,6,29,17,2,1,11773,0.3211203166060834,0.3070057607658514,0.1952913213711967,0.1765826012568683,3.17,6.340000000000001,5.42,7.13
2018-04-30,7089,2339,4209,1296,22472.13,14829.26,22812.78,9240.48,69354.65,2018,4,0,30,18,2,0,14933,0.32401763976892684,0.2138178189926703,0.3289293508077685,0.13323519043063442,3.17,6.34,5.42,7.13
2018-05-01,1526,1243,4093,1334,4837.42,7880.62,22184.06,9511.42,44413.52,2018,5,1,1,18,2,0,8196,0.10891773495998516,0.1774374109505394,0.4994888943727046,0.21415595971677095,3.17,6.34,5.42,7.13
2018-05-02,4661,1471,5539,1205,14775.37,9326.14,30021.38,8591.65,62714.54,2018,5,2,2,18,2,0,12876,0.23559719962866665,0.14870777972699792,0.4786988790797158,0.13699614156461962,3.1700000000000004,6.34,5.42,7.13
2018-05-03,6551,1940,5788,602,20766.67,12299.6,31370.96,4292.26,68729.48999999999,2018,5,3,3,18,2,0,14881,0.3021507943678907,0.1789566603797002,0.4564410415383557,0.06245150371405347,3.17,6.34,5.42,7.130000000000001
2018-05-04,7362,2781,4759,1067,23337.54,17631.54,25793.78,7607.71,74370.57,2018,5,4,4,18,2,0,15969,0.31380074134163555,0.23707684370309384,0.34682778416247173,0.10229463079279881,3.17,6.340000000000001,5.42,7.13
2018-05-05,7507,727,3169,1747,23797.19,4609.18,17175.98,12456.11,58038.46,2018,5,5,5,18,2,1,13150,0.4100244906567128,0.07941595969293466,0.29594134647955855,0.214618203170794,3.17,6.340000000000001,5.42,7.13
2018-05-06,1107,1296,1553,1188,3509.19,8216.64,8417.26,8470.44,28613.53,2018,5,6,6,18,2,1,5144,0.12264093245398244,0.2871592564776174,0.29417062487571444,0.2960291861926858,3.17,6.34,5.42,7.130000000000001
2018-05-07,7170,2336,3558,532,22728.9,14810.24,19284.36,3793.16,60616.66,2018,5,0,7,19,2,0,13596,0.374961273022961,0.24432622978567275,0.31813630114229324,0.06257619604907297,3.1700000000000004,6.34,5.42,7.13
2018-05-08,7017,2608,285,421,22243.89,16534.72,1544.7,3001.73,43325.04,2018,5,1,8,19,2,0,10331,0.5134187989209011,0.38164350223335053,0.03565374665551376,0.06928395219023456,3.17,6.340000000000001,5.42,7.13
2018-05-09,2034,606,345,251,6447.78,3842.04,1869.9,1789.63,13949.35,2018,5,2,9,19,2,0,3236,0.46222798911777246,0.2754278873209146,0.1340492567754053,0.1282948667859076,3.17,6.34,5.42,7.130000000000001
2018-05-10,2640,445,849,831,8368.8,2821.3,4601.58,5925.03,21716.71,2018,5,3,10,19,2,0,4765,0.38536223949207776,0.1299137852833141,0.21189121188246288,0.2728327633421453,3.17,6.340000000000001,5.42,7.13
2018-05-11,7990,3664,3091,526,25328.3,23229.76,16753.22,3750.38,69061.66,2018,5,4,11,19,2,0,15271,0.3667490761154597,0.3363626069804867,0.24258351160397826,0.05430480530007532,3.17,6.34,5.420000000000001,7.13
2018-05-12,6691,3329,5245,1075,21210.47,21105.86,28427.9,7664.75,78408.98000000001,2018,5,5,12,19,2,1,16340,0.2705107246644453,0.26917656625554875,0.3625592374750953,0.09775347160491055,3.1700000000000004,6.34,5.42,7.13
2018-05-13,7426,959,2329,1412,23540.42,6080.06,12623.18,10067.56,52311.22,2018,5,6,13,19,2,1,12126,0.45000709216875456,0.11622860258277287,0.24130922582191736,0.19245507942655513,3.17,6.340000000000001,5.42,7.13
2018-05-14,6590,2825,5138,979,20890.3,17910.5,27847.96,6980.27,73629.03000000001,2018,5,0,14,20,2,0,15532,0.2837236888765205,0.24325323856636433,0.37821984073401477,0.0948032318231002,3.17,6.34,5.42,7.130000000000001
2018-05-15,542,2551,5605,652,1718.14,16173.34,30379.1,4648.76,52919.34,2018,5,1,15,20,2,0,9350,0.03246714717152557,0.3056224813083459,0.5740642268025262,0.08784614471760231,3.1700000000000004,6.34,5.42,7.13
2018-05-16,4705,1566,5453,1162,14914.85,9928.44,29555.26,8285.06,62683.61,2018,5,2,16,20,2,0,12886,0.237938593517508,0.15838972898976303,0.4714990090711112,0.1321726684216177,3.17,6.340000000000001,5.42,7.13
2018-05-17,3842,598,2696,1322,12179.14,3791.32,14612.32,9425.86,40008.64,2018,5,3,17,20,2,0,8458,0.3044127468466811,0.09476253129324066,0.36522911051212936,0.23559561134794887,3.17,6.34,5.42,7.130000000000001
2018-05-18,7941,3845,5784,1037,25172.97,24377.3,31349.28,7393.81,88293.36,2018,5,4,18,20,2,0,18607,0.2851060374188954,0.2760943744807084,0.35505818331072686,0.08374140478966935,3.17,6.34,5.42,7.130000000000001
2018-05-19,7843,1946,2819,307,24862.31,12337.64,15278.98,2188.91,54667.84,2018,5,5,19,20,2,1,12915,0.4547885923424083,0.2256836926426945,0.27948753782845637,0.04004017718644087,3.1700000000000004,6.34,5.42,7.13
2018-05-20,3360,654,4640,739,10651.2,4146.36,25148.8,5269.07,45215.43,2018,5,6,20,20,2,1,9393,0.23556560227338325,0.09170232374213846,0.5561995097691208,0.11653256421535745,3.1700000000000004,6.34,5.42,7.13
2018-05-21,4416,1093,5762,1798,13998.72,6929.62,31230.04,12819.74,64978.12,2018,5,0,21,21,2,0,13069,0.21543744263453604,0.10664543695631698,0.48062393925832264,0.1972931811508243,3.17,6.34,5.42,7.13
2018-05-22,3535,1781,4711,1403,11205.95,11291.54,25533.62,10003.39,58034.5,2018,5,1,22,21,2,0,11430,0.19309117852311988,0.19456599091919463,0.4399731194375759,0.17236971112010957,3.1700000000000004,6.340000000000001,5.42,7.13
2018-05-23,6589,1990,4953,371,20887.13,12616.6,26845.26,2645.23,62994.22000000001,2018,5,2,23,21,2,0,13903,0.33157216646225635,0.2002818671300319,0.4261543360644833,0.04199163034322831,3.1700000000000004,6.34,5.42,7.13
2018-05-24,6254,2937,973,1953,19825.18,18620.58,5273.66,13924.89,57644.31,2018,5,3,24,21,2,0,12117,0.34392258316562385,0.32302546426525014,0.09148621954187673,0.24156573302724935,3.17,6.340000000000001,5.42,7.13
2018-05-25,3926,3014,941,725,12445.42,19108.76,5100.22,5169.25,41823.65,2018,5,4,25,21,2,0,8606,0.29756895918935816,0.45688886551030333,0.12194583686502733,0.12359633843531112,3.17,6.34,5.42,7.13
2018-05-26,4332,268,5822,1064,13732.44,1699.12,31555.24,7586.32,54573.12,2018,5,5,26,21,2,1,11486,0.2516337713511707,0.031134741792296278,0.5782194604230068,0.13901202643352623,3.17,6.34,5.42,7.13
2018-05-27,6243,3328,347,544,19790.31,21099.52,1880.74,3878.72,46649.29,2018,5,6,27,21,2,1,10462,0.42423603874785665,0.4523009889325218,0.040316583596449164,0.08314638872317241,3.1700000000000004,6.34,5.42,7.13
2018-05-28,907,1988,2156,1544,2875.19,12603.92,11685.52,11008.72,38173.35,2018,5,0,28,22,2,0,6595,0.07531929998284144,0.3301758949633711,0.3061172257609039,0.28838757929288367,3.17,6.34,5.42,7.13
2018-05-29,1821,3621,1380,857,5772.57,22957.14,7479.6,6110.41,42319.72,2018,5,1,29,22,2,0,7679,0.13640378528024286,0.5424690900601421,0.17674029979404401,0.14438682486557095,3.17,6.34,5.42,7.13
2018-05-30,4304,512,1991,1846,13643.68,3246.08,10791.22,13161.98,40842.96000000001,2018,5,2,30,22,2,0,8653,0.3340521842687209,0.07947709960296706,0.2642124860685905,0.3222582300597214,3.17,6.34,5.42,7.13
2018-05-31,7728,3410,2764,936,24497.76,21619.4,14980.88,6673.68,67771.72,2018,5,3,31,22,2,0,14838,0.3614746681949344,0.31900326566892506,0.2210491337684804,0.09847293236766014,3.17,6.340000000000001,5.42,7.13
2018-06-01,4581,2430,1369,639,14521.77,15406.2,7419.98,4556.07,41904.02,2018,6,4,1,22,2,0,9019,0.3465483741178054,0.36765446370061877,0.17707083950418123,0.10872632267739468,3.17,6.34,5.42,7.13
2018-06-02,3613,325,738,874,11453.21,2060.5,3999.96,6231.62,23745.29,2018,6,5,2,22,2,1,5550,0.4823360759123177,0.08677510361002118,0.16845277526616856,0.26243604521149244,3.17,6.34,5.42,7.13
2018-06-03,3032,967,4679,929,9611.44,6130.78,25360.18,6623.77,47726.17,2018,6,6,3,22,2,1,9607,0.20138720538438348,0.1284574060730203,0.5313684295220003,0.13878695902059604,3.1700000000000004,6.34,5.42,7.130000000000001
2018-06-04,7384,3040,5870,364,23407.28,19273.6,31815.4,2595.32,77091.6,2018,6,0,4,23,2,0,16658,0.3036294486039983,0.2500090801073009,0.41269606545979065,0.033665405828910026,3.17,6.34,5.42,7.130000000000001
2018-06-05,6030,329,5291,1459,19115.1,2085.86,28677.22,10402.67,60280.85,2018,6,1,5,23,2,0,13109,0.3171007044525749,0.03460236542782658,0.4757268684831087,0.17257006163648986,3.17,6.340000000000001,5.42,7.13
2018-06-06,794,2478,3893,1623,2516.98,15710.52,21100.06,11571.99,50899.55,2018,6,2,6,23,2,0,8788,0.04944994602113378,0.30865734569362596,0.4145431541143291,0.22734955417091113,3.17,6.34,5.42,7.13
2018-06-07,6775,2350,5782,422,21476.75,14899.0,31338.44,3008.86,70723.05,2018,6,3,7,23,2,0,15329,0.30367397899270465,0.2106668193750128,0.44311493918885,0.04254426244343252,3.17,6.34,5.42,7.13
2018-06-08,4001,3520,4459,1073,12683.17,22316.8,24167.78,7650.49,66818.24,2018,6,4,8,23,2,0,13053,0.18981598437791836,0.33399263434654963,0.361694351721925,0.11449702955360691,3.17,6.34,5.42,7.13
2018-06-09,5410,2647,672,1414,17149.7,16781.98,3642.24,10081.82,47655.74,2018,6,5,9,23,2,1,10143,0.3598664085375655,0.35215023415857144,0.07642814905402791,0.21155520824983517,3.17,6.34,5.42,7.13
2018-06-10,2557,889,1195,702,8105.69,5636.26,6476.9,5005.26,25224.11,2018,6,6,10,23,2,1,5343,0.32134691769105034,0.22344732876600998,0.2567741735981963,0.19843157994474334,3.17,6.34,5.42,7.13
2018-06-11,3956,863,1513,1685,12540.52,5471.42,8200.46,12014.05,38226.45,2018,6,0,11,24,2,0,8017,0.32805871327313946,0.14313178440582372,0.21452319009481655,0.31428631222622033,3.17,6.34,5.419999999999999,7.13
2018-06-12,1977,2441,4899,1481,6267.09,15475.94,26552.58,10559.53,58855.14,2018,6,1,12,24,2,0,10798,0.10648330799994699,0.26294967610305575,0.4511514202497862,0.1794155956472111,3.17,6.34,5.42,7.130000000000001
2018-06-13,5830,3644,1349,1136,18481.1,23102.96,7311.58,8099.68,56995.32,2018,6,2,13,24,2,0,11959,0.3242564477223744,0.40534836895380183,0.12828386611391954,0.14211131720990425,3.17,6.34,5.42,7.13
2018-06-14,6520,2166,2171,422,20668.4,13732.44,11766.82,3008.86,49176.52,2018,6,3,14,24,2,0,11279,0.42029000832104435,0.27924790123416626,0.23927719976932083,0.06118489067546871,3.1700000000000004,6.34,5.42,7.13
2018-06-15,6594,636,5675,354,20902.98,4032.24,30758.5,2524.02,58217.74,2018,6,4,15,24,2,0,13259,0.3590482900916456,0.06926136260184611,0.5283355210971776,0.0433548262093307,3.17,6.34,5.42,7.13
2018-06-16,7106,2640,2710,758,22526.02,16737.6,14688.2,5404.54,59356.35999999999,2018,6,5,16,24,2,1,13214,0.3795047405198028,0.2819849465162621,0.24745789667695262,0.09105241628698257,3.17,6.34,5.42,7.13
2018-06-17,7673,1585,1626,446,24323.41,10048.9,8812.92,3179.98,46365.21,2018,6,6,17,24,2,1,11330,0.5246047629246152,0.21673362419797085,0.1900761368275912,0.06858547604982271,3.17,6.34,5.42,7.13
2018-06-18,4651,1570,457,1740,14743.67,9953.8,2476.94,12406.2,39580.61,2018,6,0,18,25,2,0,8418,0.3724972909715136,0.25148172299517363,0.06257963179445693,0.3134413542388559,3.17,6.34,5.42,7.130000000000001
2018-06-19,5348,3046,5813,386,16953.16,19311.64,31506.46,2752.18,70523.44,2018,6,1,19,25,2,0,14593,0.24039042905451008,0.2738329270381592,0.4467516048564846,0.03902503905084607,3.17,6.34,5.42,7.13
2018-06-20,862,3379,4801,1239,2732.54,21422.86,26021.42,8834.07,59010.89,2018,6,2,20,25,2,0,10281,0.04630569035647488,0.36303231488289706,0.44095962626559265,0.1497023684950354,3.17,6.34,5.42,7.13
2018-06-21,6643,426,3429,1603,21058.31,2700.84,18585.18,11429.39,53773.72,2018,6,3,21,25,2,0,12101,0.39160969335950724,0.0502260211865573,0.345618268551999,0.21254601690193647,3.1700000000000004,6.340000000000001,5.42,7.13
2018-06-22,2778,1185,1068,1341,8806.26,7512.9,5788.56,9561.33,31669.050000000003,2018,6,4,22,25,2,0,6372,0.27807149251398444,0.23723161888342084,0.18278287476258365,0.301914013840011,3.17,6.34,5.420000000000001,7.13
2018-06-23,805,1354,878,675,2551.85,8584.36,4758.76,4812.75,20707.72,2018,6,5,23,25,2,1,3712,0.12323181885789453,0.4145487769778614,0.22980608198295127,0.23241332218129276,3.17,6.340000000000001,5.42,7.13
2018-06-24,4974,274,648,637,15767.58,1737.16,3512.16,4541.81,25558.710000000003,2018,6,6,24,25,2,1,6533,0.6169161119633971,0.06796743654120259,0.13741538598779043,0.17770106550760972,3.17,6.34,5.42,7.130000000000001
2018-06-25,4595,3551,3275,258,14566.15,22513.34,17750.5,1839.54,56669.53,2018,6,0,25,26,2,0,11679,0.25703671796819205,0.39727416126443965,0.3132282904057966,0.03246083036157173,3.17,6.34,5.42,7.13
2018-06-26,2803,1485,1012,1659,8885.51,9414.9,5485.04,11828.67,35614.12,2018,6,1,26,26,2,0,6959,0.24949402091080727,0.26435863079025956,0.15401307122006663,0.33213427707886645,3.17,6.34,5.42,7.13
2018-06-27,3317,2679,3377,1259,10514.89,16984.86,18303.34,8976.67,54779.76,2018,6,2,27,26,2,0,10632,0.19194844957334606,0.31005721821344234,0.3341259618516036,0.163868370361608,3.17,6.34,5.42,7.13
2018-06-28,6755,674,1224,268,21413.35,4273.16,6634.08,1910.84,34231.42999999999,2018,6,3,28,26,2,0,8921,0.6255464641705007,0.12483147797214433,0.19380084326012678,0.055821214597228344,3.17,6.34,5.42,7.13
2018-06-29,3750,2112,3149,390,11887.5,13390.08,17067.58,2780.7,45125.86,2018,6,4,29,26,2,0,9401,0.2634298825551469,0.29672741971011746,0.37822171145325545,0.06162098628148028,3.17,6.34,5.420000000000001,7.13
2018-06-30,1670,3042,2799,252,5293.9,19286.28,15170.58,1796.76,41547.52,2018,6,5,30,26,2,1,7763,0.12741795418836072,0.4641981037616686,0.36513803952678764,0.0432459025231831,3.17,6.34,5.42,7.13
2018-07-01,3864,3664,4251,719,12248.88,23229.76,23040.42,5126.47,63645.53,2018,7,6,1,26,3,1,12498,0.19245467827827029,0.36498651201427657,0.3620115976722953,0.08054721203515786,3.17,6.34,5.42,7.130000000000001
2018-07-02,2476,1868,1312,1265,7848.92,11843.12,7111.04,9019.45,35822.53,2018,7,0,2,27,3,0,6921,0.21910568572348185,0.33060534808680464,0.19850747560264448,0.2517814905870691,3.17,6.340000000000001,5.42,7.130000000000001
2018-07-03,4387,3112,2090,1813,13906.79,19730.08,11327.8,12926.69,57891.36,2018,7,1,3,27,3,0,11402,0.24022220241500633,0.3408121695534533,0.19567341309653113,0.2232922149350093,3.1700000000000004,6.340000000000001,5.42,7.13
2018-07-04,1333,2497,502,1276,4225.61,15830.98,2720.84,9097.88,31875.31,2018,7,2,4,27,3,0,5608,0.13256686758497405,0.4966533658809906,0.08535885611779148,0.28542091041624373,3.17,6.34,5.42,7.129999999999999
2018-07-05,3238,448,869,1618,10264.46,2840.32,4709.98,11536.34,29351.1,2018,7,3,5,27,3,0,6173,0.3497129579470616,0.09677047878955133,0.16047030605326545,0.3930462572101216,3.17,6.340000000000001,5.42,7.13
2018-07-06,7994,905,3440,820,25340.98,5737.7,18644.8,5846.6,55570.08,2018,7,4,6,27,3,0,13159,0.4560184185446557,0.10325160590015346,0.335518681995779,0.10521129355941183,3.17,6.34,5.42,7.130000000000001
2018-07-07,7515,580,3652,825,23822.55,3677.2,19793.84,5882.25,53175.84,2018,7,5,7,27,3,1,12572,0.4479957439318307,0.06915170498482018,0.37223370613421436,0.1106188449491348,3.17,6.34,5.42,7.13
2018-07-08,2709,1143,2307,1765,8587.53,7246.62,12503.94,12584.45,40922.54000000001,2018,7,6,8,27,3,1,7924,0.20984841116900366,0.17708138351138514,0.30555141494149674,0.3075187903781143,3.1700000000000004,6.34,5.42,7.130000000000001
2018-07-09,4719,3489,4906,1402,14959.23,22120.26,26590.52,9996.26,73666.26999999999,2018,7,0,9,28,3,0,14516,0.2030675640289647,0.3002766394986471,0.36095922869448943,0.13569656777789893,3.17,6.34,5.42,7.13
2018-07-10,7897,780,3613,1466,25033.49,4945.2,19582.46,10452.58,60013.73,2018,7,1,10,28,3,0,13756,0.4171293802268248,0.08240114387157738,0.32629966509330444,0.17416981080829336,3.1700000000000004,6.34,5.42,7.13
2018-07-11,4616,1790,5255,576,14632.72,11348.6,28482.1,4106.88,58570.3,2018,7,2,11,28,3,0,12237,0.2498317406603688,0.19376031879638655,0.48628912605877034,0.07011881448447421,3.17,6.34,5.42,7.13
2018-07-12,444,641,641,1328,1407.48,4063.94,3474.22,9468.64,18414.28,2018,7,3,12,28,3,0,3054,0.07643415870726415,0.22069502581692035,0.18866988011478047,0.5142009353610351,3.17,6.34,5.42,7.13
2018-07-13,2324,3413,4863,365,7367.08,21638.42,26357.46,2602.45,57965.41,2018,7,4,13,28,3,0,10965,0.127094417170516,0.37329883459808183,0.4547101452400664,0.04489660299133569,3.17,6.34,5.42,7.13
2018-07-14,2517,811,3957,483,7978.89,5141.74,21446.94,3443.79,38011.36,2018,7,5,14,28,3,1,7768,0.20990803801810828,0.1352685092035644,0.5642244844699058,0.09059896830842148,3.17,6.34,5.42,7.13
2018-07-15,423,3893,1186,554,1340.91,24681.62,6428.12,3950.02,36400.67,2018,7,6,15,28,3,1,6056,0.036837508760140955,0.6780540028521453,0.1765934528128191,0.10851503557489464,3.1700000000000004,6.34,5.42,7.13
2018-07-16,3822,2587,3161,381,12115.74,16401.58,17132.62,2716.53,48366.47,2018,7,0,16,29,3,0,9951,0.25049874427470104,0.3391105449705137,0.35422514812431005,0.05616556263047521,3.17,6.340000000000001,5.42,7.130000000000001
2018-07-17,3067,516,2554,1860,9722.39,3271.44,13842.68,13261.8,40098.31,2018,7,1,17,29,3,0,7997,0.24246383451073125,0.08158548327847234,0.3452185391354399,0.33073214307535653,3.17,6.34,5.42,7.13
2018-07-18,3310,1261,5757,321,10492.7,7994.74,31202.94,2288.73,51979.11000000001,2018,7,2,18,29,3,0,10649,0.20186378720220488,0.15380678891962557,0.6002976965169275,0.04403172736124185,3.1700000000000004,6.34,5.42,7.13
2018-07-19,2744,847,2493,1649,8698.48,5369.98,13512.06,11757.37,39337.89,2018,7,3,19,29,3,0,7733,0.22112218016777208,0.13650910102194092,0.3434871570386719,0.2988815617716151,3.17,6.34,5.42,7.130000000000001
2018-07-20,3573,2682,5966,1888,11326.41,17003.88,32335.72,13461.44,74127.45,2018,7,4,20,29,3,0,14109,0.15279643370977958,0.22938708939805702,0.43621789229226154,0.18159858459990194,3.17,6.340000000000001,5.42,7.13
2018-07-21,1754,1356,3827,1207,5560.18,8597.04,20742.34,8605.91,43505.47,2018,7,5,21,29,3,1,8144,0.12780415887933172,0.19760825477807734,0.47677544915616354,0.19781213718642734,3.1700000000000004,6.340000000000001,5.42,7.13
2018-07-22,6222,1471,602,1702,19723.74,9326.14,3262.84,12135.26,44447.98,2018,7,6,22,29,3,1,9997,0.4437488497790001,0.20982145870296015,0.07340806038879608,0.27302163112924366,3.1700000000000004,6.34,5.42,7.13
2018-07-23,5450,2569,624,1954,17276.5,16287.46,3382.08,13932.02,50878.06,2018,7,0,23,30,3,0,10597,0.33956679952026475,0.32012737907066424,0.0664742327046275,0.2738315887044436,3.17,6.34,5.42,7.13
2018-07-24,4004,257,3788,681,12692.68,1629.38,20530.96,4855.53,39708.55,2018,7,1,24,30,3,0,8730,0.31964602081919385,0.04103348019507134,0.5170412921146704,0.12227920687106428,3.17,6.340000000000001,5.42,7.13
2018-07-25,1838,3832,3152,1354,5826.46,24294.88,17083.84,9654.02,56859.2,2018,7,2,25,30,3,0,10176,0.1024717196161747,0.4272814249936686,0.30045867687199257,0.1697881785181642,3.17,6.34,5.42,7.13
2018-07-26,6114,2409,2565,1247,19381.38,15273.06,13902.3,8891.11,57447.850000000006,2018,7,3,26,30,3,0,12335,0.3373734613218771,0.26585955784246057,0.24199861265478165,0.15476836818088058,3.1700000000000004,6.34,5.42,7.130000000000001
2018-07-27,4556,3915,2502,1760,14442.52,24821.1,13560.84,12548.8,65373.26,2018,7,4,27,30,3,0,12733,0.22092396799547706,0.37968276325824957,0.20743710807752283,0.1919561606687505,3.17,6.34,5.42,7.13
2018-07-28,7710,2766,5526,1274,24440.7,17536.44,29950.92,9083.62,81011.68,2018,7,5,28,30,3,1,17276,0.30169353357441797,0.2164680451016446,0.36971113301193115,0.11212728831200638,3.17,6.34,5.42,7.130000000000001
2018-07-29,3250,1667,435,1538,10302.5,10568.78,2357.7,10965.94,34194.92,2018,7,6,29,30,3,1,6890,0.3012874426961666,0.30907456429200597,0.0689488380145355,0.320689154997292,3.17,6.340000000000001,5.42,7.13
2018-07-30,1839,1417,422,1445,5829.63,8983.78,2287.24,10302.85,27403.5,2018,7,0,30,31,3,0,5123,0.2127330450489901,0.3278333059645666,0.08346525078913276,0.3759683981973106,3.17,6.340000000000001,5.419999999999999,7.13
2018-07-31,1377,3283,3420,1587,4365.09,20814.22,18536.4,11315.31,55031.02,2018,7,1,31,31,3,0,9667,0.07932053594499976,0.37822704358378245,0.3368354793351096,0.20561694113610832,3.17,6.340000000000001,5.420000000000001,7.13
2018-08-01,6344,1748,2464,502,20110.48,11082.32,13354.88,3579.26,48126.94,2018,8,2,1,31,3,0,11058,0.4178632591226452,0.23027269134501382,0.27749281379618146,0.07437123573615942,3.17,6.34,5.42,7.130000000000001
2018-08-02,2402,2857,4199,556,7614.34,18113.38,22758.58,3964.28,52450.58,2018,8,3,2,31,3,0,10014,0.14517170258174455,0.3453418436936255,0.4339052113437068,0.07558124238092315,3.17,6.340000000000001,5.420000000000001,7.130000000000001
2018-08-03,5837,3799,2894,374,18503.29,24085.66,15685.48,2666.62,60941.05,2018,8,4,3,31,3,0,12904,0.3036260451698814,0.395228831797286,0.25738775423134325,0.0437573688014893,3.17,6.34,5.42,7.13
2018-08-04,4776,788,4444,963,15139.92,4995.92,24086.48,6866.19,51088.51,2018,8,5,4,31,3,1,10971,0.2963468693841335,0.09778950296260353,0.471465697472876,0.13439793018038693,3.17,6.34,5.42,7.13
2018-08-05,2010,921,5799,1886,6371.7,5839.14,31430.58,13447.18,57088.6,2018,8,6,5,31,3,1,10616,0.11161072438280147,0.10228206682244792,0.5505579047305417,0.235549304064209,3.17,6.340000000000001,5.42,7.13
2018-08-06,4853,3340,3940,470,15384.01,21175.6,21354.8,3351.1,61265.51,2018,8,0,6,32,3,0,12603,0.251103924540904,0.3456365579916008,0.3485615316023648,0.05469798586513031,3.17,6.34,5.42,7.13
2018-08-07,7896,989,2098,975,25030.32,6270.26,11371.16,6951.75,49623.490000000005,2018,8,1,7,32,3,0,11958,0.5044046680312085,0.12635669115574094,0.22914873581039943,0.14008990500265095,3.17,6.34,5.42,7.13
2018-08-08,6098,1811,2313,1113,19330.66,11481.74,12536.46,7935.69,51284.55,2018,8,2,8,32,3,0,11335,0.3769295041099122,0.22388302129978715,0.24444905921958948,0.15473841537071104,3.17,6.34,5.42,7.13
2018-08-09,1459,540,4533,1255,4625.03,3423.6,24568.86,8948.15,41565.64,2018,8,3,9,32,3,0,7787,0.11127051093162525,0.08236610816049025,0.5910858102990836,0.21527757060880093,3.17,6.34,5.42,7.13
2018-08-10,2883,3987,5230,924,9139.11,25277.58,28346.6,6588.12,69351.41,2018,8,4,10,32,3,0,13024,0.13177972877552166,0.364485451701703,0.40873862550163,0.09499619402114534,3.1700000000000004,6.340000000000001,5.42,7.13
2018-08-11,7708,416,676,588,24434.36,2637.44,3663.92,4192.44,34928.16,2018,8,5,11,32,3,1,9388,0.6995604692603331,0.07551041910023316,0.10489874072954314,0.12003037090989045,3.17,6.34,5.42,7.129999999999999
2018-08-12,4522,3655,1465,492,14334.74,23172.7,7940.3,3507.96,48955.7,2018,8,6,12,32,3,1,10134,0.29281043882530533,0.47334018306346354,0.16219357500760892,0.07165580310362225,3.17,6.34,5.42,7.13
2018-08-13,3463,738,2375,1718,10977.71,4678.92,12872.5,12249.34,40778.47,2018,8,0,13,33,3,0,8294,0.2692035772798734,0.11473995959142165,0.31566902828870236,0.3003874348400026,3.17,6.34,5.42,7.13
2018-08-14,2302,2091,2405,1559,7297.34,13256.94,13035.1,11115.67,44705.05,2018,8,1,14,33,3,0,8357,0.163233012825173,0.2965423369395627,0.29158003402300187,0.24864461621226236,3.17,6.34,5.42,7.13
2018-08-15,1979,843,3083,1414,6273.43,5344.62,16709.86,10081.82,38409.73,2018,8,2,15,33,3,0,7319,0.16332918768239194,0.139147554538915,0.4350423707742804,0.26248088700441263,3.17,6.34,5.42,7.13
2018-08-16,3981,2545,5153,1871,12619.77,16135.3,27929.26,13340.23,70024.56,2018,8,3,16,33,3,0,13550,0.18021919737874828,0.23042344000447842,0.398849489379155,0.19050787323761834,3.17,6.34,5.42,7.13
2018-08-17,2560,445,2940,1769,8115.2,2821.3,15934.8,12612.97,39484.27,2018,8,4,17,33,3,0,7714,0.20552994901513946,0.07145377133729458,0.40357337238348334,0.31944290726408264,3.17,6.340000000000001,5.42,7.13
2018-08-18,3733,1386,5910,1185,11833.61,8787.24,32032.2,8449.05,61102.100000000006,2018,8,5,18,33,3,1,12214,0.19366944834956573,0.1438124057929269,0.5242405743828772,0.13827757147463016,3.1700000000000004,6.34,5.42,7.129999999999999
2018-08-19,6188,3188,3391,439,19615.96,20211.92,18379.22,3130.07,61337.17,2018,8,6,19,33,3,1,13206,0.31980542956253116,0.3295215609067063,0.299642451714026,0.05103055781673658,3.17,6.34,5.42,7.130000000000001
2018-08-20,3047,3768,5824,1721,9658.99,23889.12,31566.08,12270.73,77384.92,2018,8,0,20,34,3,0,14360,0.12481747089743066,0.30870510688645797,0.40790996488721576,0.1585674573288956,3.17,6.34,5.42,7.13
2018-08-21,1632,1060,3872,1427,5173.44,6720.4,20986.24,10174.51,43054.59,2018,8,1,21,34,3,0,7991,0.120160010814178,0.15609021012626065,0.48743327947148035,0.2363164995880811,3.17,6.34,5.420000000000001,7.13
2018-08-22,7938,3021,4468,859,25163.46,19153.14,24216.56,6124.67,74657.83,2018,8,2,22,34,3,0,16286,0.3370505143264946,0.2565456295742858,0.3243673168641521,0.08203653923506751,3.17,6.34,5.42,7.13
2018-08-23,2377,2468,2397,1560,7535.09,15647.12,12991.74,11122.8,47296.75,2018,8,3,23,34,3,0,8802,0.1593151749327385,0.3308286510172475,0.27468568136288435,0.23517049268712964,3.17,6.340000000000001,5.42,7.13
2018-08-24,940,3025,574,1272,2979.8,19178.5,3111.08,9069.36,34338.74,2018,8,4,24,34,3,0,5811,0.08677662604976188,0.5585091357458078,0.09059971332669749,0.2641145248777329,3.1700000000000004,6.34,5.42,7.130000000000001
2018-08-25,6321,772,603,485,20037.57,4894.48,3268.26,3458.05,31658.36,2018,8,5,25,34,3,1,8181,0.632931396319961,0.1546030811450751,0.1032352907731165,0.10923023176184743,3.17,6.34,5.42,7.130000000000001
2018-08-26,4103,2555,2839,684,13006.51,16198.7,15387.38,4876.92,49469.51,2018,8,6,26,34,3,1,10181,0.2629197257057933,0.3274481594824772,0.3110477544653262,0.09858436034640326,3.17,6.34,5.42,7.13
2018-08-27,3871,1767,359,443,12271.07,11202.78,1945.78,3158.59,28578.22,2018,8,0,27,35,3,0,6440,0.4293853850939631,0.39200412062052853,0.06808611593024337,0.11052437835526495,3.17,6.340000000000001,5.42,7.13
2018-08-28,4407,1856,3943,585,13970.19,11767.04,21371.06,4171.05,51279.34000000001,2018,8,1,28,35,3,0,10791,0.2724331085384484,0.22946941204781493,0.4167577039798093,0.08133977543392718,3.17,6.340000000000001,5.42,7.13
2018-08-29,6683,2879,1350,1127,21185.11,18252.86,7317.0,8035.51,54790.48,2018,8,2,29,35,3,0,12039,0.3866567695701881,0.3331392606890832,0.13354509761549815,0.14665887212523052,3.17,6.34,5.42,7.13
2018-08-31,4837,2976,1093,1203,15333.29,18867.84,5924.06,8577.39,48702.58,2018,8,4,31,35,3,0,10109,0.31483527156056207,0.3874094555154983,0.12163749846517372,0.1761177744587658,3.1700000000000004,6.34,5.42,7.13
2018-09-01,745,2657,1256,1827,2361.65,16845.38,6807.52,13026.51,39041.060000000005,2018,9,5,1,35,3,1,6485,0.06049144157458839,0.43147855104343985,0.17436821643674633,0.3336617909452253,3.17,6.340000000000001,5.42,7.13
2018-09-02,1207,1836,4913,831,3826.19,11640.24,26628.46,5925.03,48019.92,2018,9,6,2,35,3,1,8787,0.0796792247883795,0.24240440217309817,0.5545294536100851,0.1233869194284372,3.17,6.34,5.42,7.13
2018-09-03,1969,1835,3555,1433,6241.73,11633.9,19268.1,10217.29,47361.02,2018,9,0,3,36,3,0,8792,0.13179044708074278,0.2456429358996069,0.4068345656406893,0.21573205137896104,3.17,6.34,5.42,7.130000000000001
2018-09-04,5953,3505,2363,1915,18871.01,22221.7,12807.46,13653.95,67554.12,2018,9,1,4,36,3,0,13736,0.2793465446667057,0.3289466282737456,0.1895881405900928,0.2021186864694559,3.17,6.34,5.42,7.130000000000001
2018-09-05,4477,3936,4562,1600,14192.09,24954.24,24726.04,11408.0,75280.37,2018,9,2,5,36,3,0,14575,0.1885231169825547,0.33148402432134705,0.32845268959225365,0.15154016910384474,3.17,6.340000000000001,5.42,7.13
2018-09-06,2784,1727,5486,1820,8825.28,10949.18,29734.12,12976.6,62485.18,2018,9,3,6,36,3,0,11817,0.14123797034752883,0.17522843016536083,0.4758587556281345,0.20767484385897583,3.1700000000000004,6.34,5.42,7.13
2018-09-07,6731,917,792,844,21337.27,5813.78,4292.64,6017.72,37461.41,2018,9,4,7,36,3,0,9284,0.5695800024611993,0.15519383813903426,0.11458831901949232,0.16063784038027398,3.17,6.34,5.420000000000001,7.13
2018-09-08,2448,3525,1875,472,7760.16,22348.5,10162.5,3365.36,43636.52,2018,9,5,8,36,3,1,8320,0.17783636275303347,0.5121512897912116,0.2328897904782508,0.07712255697750417,3.17,6.34,5.42,7.13
2018-09-09,2191,2935,4439,1348,6945.47,18607.9,24059.38,9611.24,59223.99,2018,9,6,9,36,3,1,10913,0.11727460442972519,0.3141953117309388,0.4062438211272155,0.16228626271212054,3.17,6.340000000000001,5.42,7.13
2018-09-10,3133,1437,3205,1421,9931.61,9110.58,17371.1,10131.73,46545.02,2018,9,0,10,37,3,0,9196,0.213376425662724,0.19573694457538102,0.3732107108343707,0.21767591892752436,3.1700000000000004,6.34,5.42,7.13
2018-09-11,2374,3755,3070,841,7525.58,23806.7,16639.4,5996.33,53968.01,2018,9,1,11,37,3,0,10040,0.13944520096257024,0.44112614120846777,0.30831968790400094,0.1111089699249611,3.17,6.34,5.420000000000001,7.13
2018-09-12,6927,2956,5746,263,21958.59,18741.04,31143.32,1875.19,73718.14000000001,2018,9,2,12,37,3,0,15892,0.29787227404272537,0.25422562207890753,0.422464809882615,0.025437293995751925,3.17,6.34,5.42,7.13
2018-09-13,2461,2862,4458,1824,7801.37,18145.08,24162.36,13005.12,63113.93,2018,9,3,13,37,3,0,11605,0.12360773604178982,0.2874972292170683,0.38283719616255873,0.20605783857858323,3.17,6.340000000000001,5.42,7.130000000000001
2018-09-14,5941,2705,5397,893,18832.97,17149.7,29251.74,6367.09,71601.5,2018,9,4,14,37,3,0,14936,0.263024796966544,0.23951593192880039,0.40853529604826716,0.08892397505638848,3.1700000000000004,6.34,5.42,7.13
2018-09-15,4032,2376,5932,797,12781.44,15063.84,32151.44,5682.61,65679.33,2018,9,5,15,37,3,1,13137,0.19460369038478317,0.22935434938206586,0.48952143695741107,0.08652052327573986,3.17,6.34,5.42,7.13
2018-09-16,2830,2182,2809,517,8971.1,13833.88,15224.78,3686.21,41715.97,2018,9,6,16,37,3,1,8338,0.2150519333483076,0.33162071983463404,0.36496286673904504,0.08836448007801329,3.17,6.34,5.42,7.13
2018-09-17,6859,1766,5381,962,21743.03,11196.44,29165.02,6859.06,68963.55,2018,9,0,17,38,3,0,14968,0.3152829284455339,0.16235301111964218,0.42290485336094213,0.09945920707388178,3.17,6.34,5.42,7.130000000000001
2018-09-18,1695,2581,5537,1502,5373.15,16363.54,30010.54,10709.26,62456.490000000005,2018,9,1,18,38,3,0,11315,0.08603029084727623,0.2619990332469852,0.48050314707086483,0.17146752883487368,3.17,6.340000000000001,5.42,7.13
2018-09-19,3865,268,1634,511,12252.05,1699.12,8856.28,3643.43,26450.88,2018,9,2,19,38,3,0,6278,0.46320009012932645,0.06423680421974617,0.3348198623259415,0.13774324332498578,3.17,6.34,5.420000000000001,7.13
2018-09-20,7689,1171,5998,324,24374.13,7424.14,32509.16,2310.12,66617.55,2018,9,3,20,38,3,0,15182,0.3658815132048537,0.11144420651915299,0.487996931739459,0.034677348536534286,3.17,6.34,5.42,7.13
2018-09-21,3660,2155,3347,940,11602.2,13662.7,18140.74,6702.2,50107.84,2018,9,4,21,38,3,0,10102,0.23154460459680565,0.2726659141563476,0.3620339651439775,0.13375551610286934,3.1700000000000004,6.340000000000001,5.420000000000001,7.13
2018-09-22,292,1293,5786,958,925.64,8197.62,31360.12,6830.54,47313.92,2018,9,5,22,38,3,1,8329,0.019563798560761823,0.17326021602099342,0.6628095917649605,0.14436639365328427,3.17,6.340000000000001,5.42,7.13
2018-09-23,3044,2045,1447,1498,9649.48,12965.3,7842.74,10680.74,41138.26,2018,9,6,23,38,3,1,8034,0.23456218128817308,0.31516403464803805,0.1906434545359964,0.25963032952779236,3.17,6.34,5.42,7.13
2018-09-24,3414,1274,3616,1925,10822.38,8077.16,19598.72,13725.25,52223.51,2018,9,0,24,39,3,0,10229,0.2072319535779958,0.15466520729839875,0.37528538392000077,0.26281745520360467,3.17,6.34,5.42,7.13
2018-09-25,6850,867,4210,606,21714.5,5496.78,22818.2,4320.78,54350.26,2018,9,1,25,39,3,0,12533,0.3995289074974066,0.1011362227154019,0.4198360780610801,0.07949879172611134,3.17,6.34,5.42,7.13
2018-09-26,2425,1256,5820,780,7687.25,7963.04,31544.4,5561.4,52756.09,2018,9,2,26,39,3,0,10281,0.14571303521546045,0.150940678128345,0.5979290732122112,0.10541721344398343,3.17,6.34,5.42,7.13
2018-09-27,6899,3933,4515,1447,21869.83,24935.22,24471.3,10317.11,81593.46,2018,9,3,27,39,3,0,16794,0.26803410469417527,0.3056031696658041,0.29991741985203224,0.1264453057879884,3.1700000000000004,6.34,5.42,7.130000000000001
2018-09-28,1855,3035,4569,577,5880.35,19241.9,24763.98,4114.01,54000.24,2018,9,4,28,39,3,0,10036,0.10889488639309752,0.3563298977930469,0.4585901840436265,0.07618503177022917,3.1700000000000004,6.340000000000001,5.42,7.130000000000001
2018-09-29,2651,1569,4894,1429,8403.67,9947.46,26525.48,10188.77,55065.380000000005,2018,9,5,29,39,3,1,10543,0.15261258525774268,0.18064816768721106,0.4817088341168262,0.18503041293821998,3.17,6.34,5.42,7.13
2018-09-30,6651,2724,5515,562,21083.67,17270.16,29891.3,4007.06,72252.19,2018,9,6,30,39,3,1,15452,0.29180665665635874,0.2390261111808514,0.4137078751522964,0.055459357010493385,3.17,6.34,5.42,7.13
2018-10-01,5017,1581,1476,1292,15903.89,10023.54,7999.92,9211.96,43139.31,2018,10,0,1,40,4,0,9366,0.3686635228982568,0.23235281231897315,0.18544385619519646,0.2135398085875736,3.17,6.340000000000001,5.42,7.129999999999999
2018-10-02,1101,1787,672,615,3490.17,11329.58,3642.24,4384.95,22846.94,2018,10,1,2,40,4,0,4175,0.15276312714087753,0.49589047811216735,0.1594191607278699,0.19192723401908526,3.17,6.34,5.42,7.13
2018-10-03,4886,1670,4187,1628,15488.62,10587.8,22693.54,11607.64,60377.6,2018,10,2,3,40,4,0,12371,0.2565292426330295,0.17535973606105576,0.37586025280898877,0.19225076849692602,3.1700000000000004,6.34,5.42,7.13
2018-10-04,3575,3562,917,276,11332.75,22583.08,4970.14,1967.88,40853.85,2018,10,3,4,40,4,0,8330,0.2773973566750747,0.5527772780288762,0.12165658805718434,0.04816877723886488,3.17,6.340000000000001,5.42,7.130000000000001
2018-10-05,2579,1313,2825,938,8175.43,8324.42,15311.5,6687.94,38499.29,2018,10,4,5,40,4,0,7655,0.21235274728443043,0.21622268878205286,0.3977086330682981,0.17371593086521853,3.17,6.34,5.42,7.13
2018-10-06,1710,2679,4738,1367,5420.7,16984.86,25679.96,9746.71,57832.23,2018,10,5,6,40,4,1,10494,0.0937314711882976,0.2936919430566658,0.44404236184563517,0.16853422390940137,3.17,6.34,5.42,7.129999999999999
2018-10-07,6193,2584,1208,1005,19631.81,16382.56,6547.36,7165.65,49727.380000000005,2018,10,6,7,40,4,1,10990,0.3947887461595604,0.32944747943688163,0.1316650907407549,0.14409868366280304,3.1700000000000004,6.34,5.42,7.13
2018-10-08,611,3897,2370,1784,1936.87,24706.98,12845.4,12719.92,52209.17,2018,10,0,8,41,4,0,8662,0.037098272200075194,0.47323066043762047,0.24603723828591798,0.2436338290763864,3.17,6.34,5.42,7.13
2018-10-09,7177,497,4586,336,22751.09,3150.98,24856.12,2395.68,53153.87,2018,10,1,9,41,4,0,12596,0.4280232088463173,0.059280349671623156,0.4676257815282311,0.04507065995382838,3.17,6.34,5.42,7.13
2018-10-10,5868,3489,2692,1847,18601.56,22120.26,14590.64,13169.11,68481.57,2018,10,2,10,41,4,0,13896,0.2716287024377508,0.32301040995409414,0.21305936765176378,0.19230151995639116,3.1700000000000004,6.34,5.42,7.13
2018-10-11,4780,2813,586,425,15152.6,17834.42,3176.12,3030.25,39193.39,2018,10,3,11,41,4,0,8604,0.3866111096794638,0.45503642323361154,0.08103713406775989,0.07731533301916471,3.17,6.339999999999999,5.42,7.13
2018-10-12,494,1004,623,1608,1565.98,6365.36,3376.66,11465.04,22773.04,2018,10,4,12,41,4,0,3729,0.0687646445094726,0.2795129679656295,0.14827445084187266,0.5034479366830252,3.17,6.34,5.42,7.130000000000001
2018-10-13,527,863,5328,1669,1670.59,5471.42,28877.76,11899.97,47919.74,2018,10,5,13,41,4,1,8387,0.0348622509220626,0.11417883319066423,0.6026276436391349,0.24833127224813825,3.17,6.34,5.42,7.13
2018-10-14,831,3544,4737,1539,2634.27,22468.96,25674.54,10973.07,61750.84,2018,10,6,14,41,4,1,10651,0.04265966260539938,0.36386484783041007,0.4157763683862439,0.17769912117794673,3.17,6.34,5.42,7.13
2018-10-15,4025,1460,3050,754,12759.25,9256.4,16531.0,5376.02,43922.67,2018,10,0,15,42,4,0,9289,0.2904934968661969,0.2107431082855391,0.37636600871486187,0.1223973861334022,3.17,6.34,5.42,7.130000000000001
2018-10-16,7711,536,5333,1025,24443.87,3398.24,28904.86,7308.25,64055.22,2018,10,1,16,42,4,0,14605,0.3816062141383637,0.053051726307395394,0.4512490941409615,0.11409296541327936,3.17,6.34,5.42,7.13
2018-10-17,1288,2965,4365,758,4082.96,18798.1,23658.3,5404.54,51943.9,2018,10,2,17,42,4,0,9376,0.07860326236574458,0.36189234924601343,0.45545867753480196,0.10404571085343996,3.17,6.34,5.42,7.13
2018-10-18,4637,1640,1430,1362,14699.29,10397.6,7750.6,9711.06,42558.55,2018,10,3,18,42,4,0,9069,0.34538982178669153,0.24431283490626443,0.1821161670216678,0.22818117628537624,3.1700000000000004,6.34,5.42,7.13
2018-10-19,4561,931,3532,1110,14458.37,5902.54,19143.44,7914.3,47418.65,2018,10,4,19,42,4,0,10134,0.30490893351033826,0.12447718355541543,0.40371119802018823,0.16690268491405807,3.1700000000000004,6.34,5.42,7.13
2018-10-20,4286,1267,1827,1659,13586.62,8032.78,9902.34,11828.67,43350.41,2018,10,5,20,42,4,1,9039,0.31341387543970173,0.18529882416337007,0.22842552123497792,0.27286177916195026,3.1700000000000004,6.34,5.42,7.13
2018-10-21,7863,3450,4906,1064,24925.71,21873.0,26590.52,7586.32,80975.54999999999,2018,10,6,21,42,4,1,17283,0.3078177301666985,0.2701185728284649,0.3283771459409662,0.09368655106387053,3.17,6.34,5.42,7.13
2018-10-22,7384,1433,3271,838,23407.28,9085.22,17728.82,5974.94,56196.26,2018,10,0,22,43,4,0,12926,0.4165273632088683,0.16166947764851253,0.3154804252097915,0.10632273393282755,3.17,6.34,5.42,7.13
2018-10-23,3089,2988,2621,1450,9792.13,18943.92,14205.82,10338.5,53280.37,2018,10,1,23,43,4,0,10148,0.1837849474393665,0.3555515849458252,0.2666238991958952,0.194039568418913,3.17,6.34,5.42,7.13
2018-10-24,1874,3945,2496,1141,5940.58,25011.3,13528.32,8135.33,52615.53,2018,10,2,24,43,4,0,9456,0.11290544825833741,0.47535965141850706,0.2571164825290176,0.15461841779413796,3.17,6.34,5.42,7.13
2018-10-25,3135,2781,5631,1666,9937.95,17631.54,30520.02,11878.58,69968.09,2018,10,3,25,43,4,0,13213,0.14203546216568155,0.2519940161293527,0.4361991302034971,0.16977139150146875,3.1700000000000004,6.340000000000001,5.42,7.13
2018-10-26,7904,1276,770,1771,25055.68,8089.84,4173.4,12627.23,49946.15000000001,2018,10,4,26,43,4,0,11721,0.5016538812300847,0.16197124302874194,0.08355799195733803,0.25281688378383516,3.17,6.34,5.42,7.13
2018-10-27,2980,861,997,943,9446.6,5458.74,5403.74,6723.59,27032.67,2018,10,5,27,43,4,1,5781,0.34945123807600215,0.20193121878083076,0.19989664357978698,0.24872089956338017,3.17,6.34,5.42,7.13
2018-10-28,7553,1324,3261,1011,23943.01,8394.16,17674.62,7208.43,57220.22,2018,10,6,28,43,4,1,13149,0.4184361751842268,0.14669919129985867,0.30888766243820803,0.12597697107770645,3.17,6.34,5.42,7.13
2018-10-29,2060,3426,1900,516,6530.2,21720.84,10298.0,3679.08,42228.12,2018,10,0,29,44,4,0,7902,0.15464103066866342,0.51436909812703,0.2438659357792864,0.0871239354250201,3.17,6.34,5.42,7.13
2018-10-30,1144,1067,478,677,3626.48,6764.78,2590.76,4827.01,17809.03,2018,10,1,30,44,4,0,3366,0.20363152849986776,0.3798511204709072,0.14547451489497185,0.2710428361342533,3.17,6.34,5.420000000000001,7.13
2018-11-01,1534,3236,556,732,4862.78,20516.24,3013.52,5219.16,33611.7,2018,11,3,1,44,4,0,6058,0.14467521726065627,0.6103898344921561,0.08965687543325689,0.15527807281393088,3.17,6.340000000000001,5.42,7.13
2018-11-02,1293,695,2985,1096,4098.81,4406.3,16178.7,7814.48,32498.29,2018,11,4,2,44,4,0,6069,0.12612386682499296,0.13558559542671322,0.49783234748659083,0.24045819026170298,3.1700000000000004,6.34,5.42,7.13
2018-11-03,1802,1195,4155,1413,5712.34,7576.3,22520.1,10074.69,45883.43,2018,11,5,3,44,4,1,8565,0.12449679546625002,0.16512061107898865,0.4908111708300796,0.21957142262468174,3.17,6.34,5.42,7.130000000000001
2018-11-04,7553,387,1828,741,23943.01,2453.58,9907.76,5283.33,41587.68,2018,11,6,4,44,4,1,10509,0.5757236277666847,0.058997760875336154,0.23823786275166106,0.12704074860631803,3.17,6.34,5.42,7.13
2018-11-05,1506,3800,2609,1534,4774.02,24092.0,14140.78,10937.42,53944.22,2018,11,0,5,45,4,0,9449,0.08849919416760499,0.44660947919906896,0.26213707418514903,0.20275425244817702,3.1700000000000004,6.34,5.42,7.13
2018-11-06,7791,1374,5732,754,24697.47,8711.16,31067.44,5376.02,69852.09000000001,2018,11,1,6,45,4,0,15651,0.3535680893728448,0.12470865223932452,0.44476035004822323,0.0769629083396073,3.17,6.34,5.42,7.130000000000001
2018-11-07,2027,1854,5124,1648,6425.59,11754.36,27772.08,11750.24,57702.27,2018,11,2,7,45,4,0,10653,0.11135766409189796,0.20370706386421195,0.48129960918348624,0.20363566286040394,3.17,6.340000000000001,5.42,7.13
2018-11-08,7482,1684,3709,369,23717.94,10676.56,20102.78,2630.97,57128.25,2018,11,3,8,45,4,0,13244,0.4151700778511507,0.18688757313588286,0.3518886015237645,0.04605374748920192,3.17,6.34,5.42,7.13
2018-11-09,4797,1663,4898,1057,15206.49,10543.42,26547.16,7536.41,59833.48,2018,11,4,9,45,4,0,12415,0.2541468422027266,0.17621271569027908,0.44368403776614695,0.1259564043408473,3.17,6.34,5.42,7.13
2018-11-10,4456,1527,1943,1274,14125.52,9681.18,10531.06,9083.62,43421.380000000005,2018,11,5,10,45,4,1,9200,0.32531255340111254,0.22295882811647164,0.24253167448846624,0.20919694399394953,3.17,6.34,5.42,7.130000000000001
2018-11-11,5090,312,3142,777,16135.3,1978.08,17029.64,5540.01,40683.03,2018,11,6,11,45,4,1,9321,0.39661008533533515,0.04862174720024541,0.4185932070448047,0.13617496041961477,3.17,6.34,5.42,7.13
2018-11-12,4628,330,4181,889,14670.76,2092.2,22661.02,6338.57,45762.55,2018,11,0,12,46,4,0,10028,0.32058440799299864,0.04571860615284768,0.4951870033466229,0.13850998250753072,3.17,6.34,5.42,7.13
2018-11-13,4971,1333,3053,1996,15758.07,8451.22,16547.26,14231.48,54988.03,2018,11,1,13,46,4,0,11353,0.2865727322837352,0.15369199442133133,0.3009247648988334,0.25881050839610004,3.17,6.34,5.419999999999999,7.13
2018-11-14,5822,1935,5498,413,18455.74,12267.9,29799.16,2944.69,63467.490000000005,2018,11,2,14,46,4,0,13668,0.290790450354977,0.19329423615145327,0.46951848891456077,0.04639682457900887,3.1700000000000004,6.34,5.42,7.13
2018-11-15,1990,1965,303,910,6308.3,12458.1,1642.26,6488.3,26896.96,2018,11,3,15,46,4,0,5168,0.23453579884120734,0.4631787384150477,0.06105745779448681,0.24122800494925822,3.17,6.34,5.42,7.13
2018-11-16,6128,261,1186,691,19425.76,1654.74,6428.12,4926.83,32435.45,2018,11,4,16,46,4,0,8266,0.5989052101944015,0.05101640334880509,0.1981819274898298,0.1518964589669636,3.17,6.34,5.42,7.13
2018-11-17,6732,1280,3394,1343,21340.44,8115.2,18395.48,9575.59,57426.70999999999,2018,11,5,17,46,4,1,12749,0.3716117465200427,0.14131403313893484,0.3203296863079916,0.166744534033031,3.17,6.34,5.42,7.13
2018-11-18,1793,3019,3117,1191,5683.81,19140.46,16894.14,8491.83,50210.240000000005,2018,11,6,18,46,4,1,9120,0.11320021573288636,0.38120630373405895,0.3364680192725627,0.16912546126049186,3.1700000000000004,6.34,5.42,7.13
2018-11-19,5898,1691,3306,1430,18696.66,10720.94,17918.52,10195.9,57532.02,2018,11,0,19,47,4,0,12325,0.3249783338043754,0.18634735926185106,0.3114529960880915,0.1772213108456821,3.17,6.34,5.42,7.13
2018-11-20,6457,3579,2973,1150,20468.69,22690.86,16113.66,8199.5,67472.71,2018,11,1,20,47,4,0,14159,0.30336250018711264,0.3362968524607949,0.23881744189613843,0.12152320545595396,3.17,6.34,5.42,7.13
2018-11-21,3891,2133,2291,1190,12334.47,13523.22,12417.22,8484.7,46759.61,2018,11,2,21,47,4,0,9505,0.2637847065020431,0.28920728808473806,0.2655543961979152,0.18145360921530357,3.17,6.34,5.42,7.130000000000001
2018-11-22,1548,334,3804,488,4907.16,2117.56,20617.68,3479.44,31121.84,2018,11,3,22,47,4,0,6174,0.15767576724255378,0.06804096415893147,0.6624826809725903,0.11180058762592443,3.17,6.34,5.42,7.13
2018-11-23,1899,1248,283,986,6019.83,7912.32,1533.86,7030.18,22496.19,2018,11,4,23,47,4,0,4416,0.26759331246757784,0.3517182242859791,0.06818310122736339,0.3125053620190797,3.17,6.34,5.42,7.13
2018-11-24,5353,1858,2611,537,16969.01,11779.72,14151.62,3828.81,46729.16,2018,11,5,24,47,4,1,10359,0.3631353527433405,0.2520849936099857,0.30284344935795976,0.08193620428871394,3.1699999999999995,6.34,5.42,7.13
2018-11-25,3226,1609,4446,1548,10226.42,10201.06,24097.32,11037.24,55562.04,2018,11,6,25,47,4,1,10829,0.18405407720810826,0.1835976504822357,0.4337011384031256,0.1986471339065304,3.17,6.34,5.42,7.13
2018-11-26,2008,2833,5594,382,6365.36,17961.22,30319.48,2723.66,57369.72,2018,11,0,26,48,4,0,10817,0.11095330428665155,0.31307839745426685,0.5284927310086226,0.04747556725045895,3.17,6.340000000000001,5.42,7.13
2018-11-27,3517,1529,2695,1408,11148.89,9693.86,14606.9,10039.04,45488.69,2018,11,1,27,48,4,0,9149,0.24509147218792185,0.21310483990635914,0.32111058814839466,0.2206930997573243,3.17,6.340000000000001,5.42,7.130000000000001
2018-11-28,1302,3736,2165,1446,4127.34,23686.24,11734.3,10309.98,49857.86,2018,11,2,28,48,4,0,8649,0.08278213304782837,0.475075344188459,0.23535506738556367,0.206787455378149,3.17,6.340000000000001,5.42,7.13
2018-11-29,2974,2012,1272,1869,9427.58,12756.08,6894.24,13325.97,42403.87,2018,11,3,29,48,4,0,8127,0.22232829220540481,0.3008234861582209,0.1625851602695697,0.31426306136680443,3.17,6.34,5.42,7.13
2018-11-30,3926,1204,5793,825,12445.42,7633.36,31398.06,5882.25,57359.09,2018,11,4,30,48,4,0,11748,0.21697380484941448,0.13308021448736373,0.5473946675234911,0.10255131313973077,3.17,6.34,5.42,7.13
2018-12-01,614,1868,2293,1863,1946.38,11843.12,12428.06,13283.19,39500.75,2018,12,5,1,48,4,1,6638,0.049274507446061155,0.2998201299975317,0.3146284564217135,0.33627690613469363,3.1700000000000004,6.340000000000001,5.42,7.13
2018-12-02,3984,2829,3021,1491,12629.28,17935.86,16373.82,10630.83,57569.79,2018,12,6,2,48,4,1,11325,0.21937339010616508,0.31154985974414706,0.2844168790610492,0.18465987108863868,3.1700000000000004,6.34,5.42,7.13
2018-12-03,4878,3561,2961,1967,15463.26,22576.74,16048.62,14024.71,68113.33,2018,12,0,3,49,4,0,13367,0.22702252261047873,0.3314584678212033,0.2356164351383202,0.20590257442999776,3.17,6.340000000000001,5.42,7.13
2018-12-04,6815,2668,4458,628,21603.55,16915.12,24162.36,4477.64,67158.67,2018,12,1,4,49,4,0,14569,0.32167924111659746,0.2518680015551231,0.35978020410469713,0.06667255322358231,3.17,6.34,5.42,7.130000000000001
2018-12-05,3313,3555,3034,1035,10502.21,22538.7,16444.28,7379.55,56864.740000000005,2018,12,2,5,49,4,0,10937,0.18468755858199648,0.39635633610564297,0.28918236502971784,0.12977374028264263,3.17,6.34,5.42,7.13
2018-12-06,7316,2680,1026,579,23191.72,16991.2,5560.92,4128.27,49872.11,2018,12,3,6,49,4,0,11601,0.46502383797276675,0.34069543077283077,0.11150360391810173,0.0827771273363008,3.1700000000000004,6.34,5.42,7.130000000000001
2018-12-07,5463,730,522,295,17317.71,4628.2,2829.24,2103.35,26878.5,2018,12,4,7,49,4,0,7010,0.6442959986606395,0.172189668322265,0.10526033818851498,0.07825399482858046,3.17,6.34,5.42,7.13
2018-12-08,5996,656,3667,575,19007.32,4159.04,19875.14,4099.75,47141.25,2018,12,5,8,49,4,1,10894,0.40319932118897994,0.08822506827884284,0.4216082517964627,0.08696735873571447,3.17,6.34,5.42,7.13
2018-12-09,6753,793,2289,865,21407.01,5027.62,12406.38,6167.45,45008.45999999999,2018,12,6,9,49,4,1,10700,0.47562191641304774,0.11170388855784004,0.27564551197708165,0.13702868305203067,3.17,6.34,5.42,7.13
2018-12-10,492,734,5228,625,1559.64,4653.56,28335.76,4456.25,39005.21,2018,12,0,10,50,4,0,7079,0.03998542758775046,0.11930611320897902,0.7264609009924571,0.11424755821081338,3.1700000000000004,6.340000000000001,5.42,7.13
2018-12-11,1430,2726,3925,1996,4533.1,17282.84,21273.5,14231.48,57320.92,2018,12,1,11,50,4,0,10077,0.07908282002452159,0.3015101641774068,0.3711297725158633,0.24827724328220832,3.1700000000000004,6.34,5.42,7.13
2018-12-12,3452,2213,3608,701,10942.84,14030.42,19555.36,4998.13,49526.75,2018,12,2,12,50,4,0,9974,0.22094807351582732,0.2832897373641517,0.39484440226746154,0.10091778685255948,3.17,6.34,5.42,7.13
2018-12-13,6188,1808,475,1026,19615.96,11462.72,2574.5,7315.38,40968.56,2018,12,3,13,50,4,0,9497,0.4788052106298098,0.2797930901159328,0.06284087114606908,0.17856082810818835,3.17,6.34,5.42,7.13
2018-12-14,1161,2814,959,1011,3680.37,17840.76,5197.78,7208.43,33927.34,2018,12,4,14,50,4,0,5945,0.10847800033837018,0.525852011976182,0.15320328678876682,0.212466700896681,3.17,6.34,5.42,7.13
2018-12-15,7316,663,2453,1915,23191.72,4203.42,13295.26,13653.95,54344.350000000006,2018,12,5,15,50,4,1,12347,0.42675494324617,0.07734787517009588,0.24464843171369238,0.2512487498700417,3.1700000000000004,6.34,5.42,7.130000000000001
2018-12-16,5331,757,3479,1908,16899.27,4799.38,18856.18,13604.04,54158.87,2018,12,6,16,50,4,1,11475,0.3120314364018304,0.0886166938121124,0.34816420652794267,0.25118766325811454,3.17,6.34,5.42,7.130000000000001
2018-12-17,2670,338,4092,1451,8463.9,2142.92,22178.64,10345.63,43131.09,2018,12,0,17,51,4,0,8551,0.1962366358003009,0.04968388232247319,0.5142146882909753,0.23986479358625065,3.17,6.34,5.42,7.129999999999999
2018-12-18,2252,2929,4778,290,7138.84,18569.86,25896.76,2067.7,53673.16,2018,12,1,18,51,4,0,10249,0.13300577048193174,0.34598037454847075,0.48248994469489026,0.03852391027470713,3.17,6.34,5.42,7.129999999999999
2018-12-19,3405,978,4791,1964,10793.85,6200.52,25967.22,14003.32,56964.91,2018,12,2,19,51,4,0,11138,0.18948243752162516,0.10884806102563842,0.45584588828455974,0.24582361316817666,3.17,6.340000000000001,5.42,7.13
2018-12-20,2703,1978,3370,1822,8568.51,12540.52,18265.4,12990.86,52365.29,2018,12,3,20,51,4,0,9873,0.1636295721841701,0.2394815344286263,0.34880738748892637,0.2480815058982773,3.17,6.34,5.420000000000001,7.13
2018-12-21,7968,2656,704,1188,25258.56,16839.04,3815.68,8470.44,54383.72000000001,2018,12,4,21,51,4,0,12516,0.4644507584254993,0.3096338389503329,0.07016217353281459,0.15575322909135306,3.1700000000000004,6.340000000000001,5.42,7.130000000000001
2018-12-22,6252,580,3130,1119,19818.84,3677.2,16964.6,7978.47,48439.11,2018,12,5,22,51,4,1,11081,0.4091495487840301,0.07591386381789425,0.3502252621899948,0.16471132520808082,3.17,6.34,5.42,7.13
2018-12-23,3139,752,823,1247,9950.63,4767.68,4460.66,8891.11,28070.08,2018,12,6,23,51,4,1,5961,0.35449239902415663,0.16984917748720346,0.15891155279927952,0.31674687068936036,3.17,6.340000000000001,5.42,7.130000000000001
2018-12-24,4631,885,5663,1323,14680.27,5610.9,30693.46,9432.99,60417.62,2018,12,0,24,52,4,0,12502,0.24297994525438107,0.09286860356300032,0.5080216665270826,0.1561297846555359,3.17,6.34,5.42,7.13
2018-12-25,7998,3917,2182,433,25353.66,24833.78,11826.44,3087.29,65101.170000000006,2018,12,1,25,52,4,0,14530,0.38945014352276613,0.3814644191494561,0.18166248010596428,0.04742295722181337,3.17,6.34,5.42,7.13
2018-12-26,5099,3448,2711,1647,16163.83,21860.32,14693.62,11743.11,64460.880000000005,2018,12,2,26,52,4,0,12905,0.2507541007817454,0.3391253734047689,0.22794631410554742,0.1821742117079382,3.17,6.34,5.42,7.130000000000001
2018-12-27,2378,1436,1348,1007,7538.26,9104.24,7306.16,7179.91,31128.57,2018,12,3,27,52,4,0,6169,0.2421653162994638,0.2924721566072582,0.2347091434010621,0.23065338369221586,3.17,6.34,5.42,7.13
2018-12-28,2531,1169,1524,607,8023.27,7411.46,8260.08,4327.91,28022.72,2018,12,4,28,52,4,0,5831,0.2863130345662377,0.26448039305249454,0.2947636774731361,0.15444289490813168,3.1700000000000004,6.34,5.42,7.13
2018-12-29,7702,2514,5793,1452,24415.34,15938.76,31398.06,10352.76,82104.92,2018,12,5,29,52,4,1,17461,0.29736756335673914,0.1941267344271208,0.3824138675246258,0.12609183469151422,3.17,6.34,5.42,7.13
2018-12-30,3173,2006,3391,1722,10058.41,12718.04,18379.22,12277.86,53433.53,2018,12,6,30,52,4,1,10292,0.1882415404709365,0.23801609214289232,0.34396417380622246,0.22977819357994878,3.17,6.340000000000001,5.42,7.130000000000001
2019-01-01,1661,1142,5748,991,5265.37,7240.28,31154.16,7065.83,50725.64,2019,1,1,1,1,1,0,9542,0.10380095746450907,0.14273412814505643,0.6141698754318329,0.1392950389586016,3.17,6.34,5.42,7.13
2019-01-02,3157,715,4730,1623,10007.69,4533.1,25636.6,11571.99,51749.38,2019,1,2,2,1,1,0,10225,0.19338763092427388,0.08759718473921814,0.4953991719321082,0.22361601240439982,3.1700000000000004,6.340000000000001,5.42,7.13
2019-01-03,4156,879,1243,1287,13174.52,5572.86,6737.06,9176.31,34660.75,2019,1,3,3,1,1,0,7565,0.3800991034527528,0.16078301825551955,0.1943714432030467,0.264746435088681,3.17,6.34,5.42,7.13
2019-01-04,893,1264,3553,1240,2830.81,8013.76,19257.26,8841.2,38943.03,2019,1,4,4,1,1,0,6950,0.07269105665378374,0.20578162510724,0.49449824525723857,0.22702907298173772,3.17,6.34,5.42,7.130000000000001
2019-01-05,2496,939,4443,1768,7912.32,5953.26,24081.06,12605.84,50552.48,2019,1,5,5,1,1,1,9646,0.1565169503058999,0.11776395539842952,0.47635763863612623,0.2493614556595443,3.17,6.34,5.42,7.13
2019-01-06,4875,1090,5158,1477,15453.75,6910.6,27956.36,10531.01,60851.72,2019,1,6,6,1,1,1,12600,0.2539574887940719,0.11356457960432344,0.4594177452995577,0.173060186302047,3.17,6.340000000000001,5.42,7.13
2019-01-07,6313,2269,2375,1472,20012.21,14385.46,12872.5,10495.36,57765.53,2019,1,0,7,2,1,0,12429,0.34643861140025894,0.24903190535947647,0.22284050713288703,0.18168897610737755,3.17,6.34,5.42,7.130000000000001
2019-01-08,455,3179,1594,938,1442.35,20154.86,8639.48,6687.94,36924.63,2019,1,1,8,2,1,0,6166,0.03906200278784107,0.545837832362843,0.23397607504800996,0.18112408980130607,3.17,6.34,5.42,7.13
2019-01-09,3050,2494,830,313,9668.5,15811.96,4498.6,2231.69,32210.75,2019,1,2,9,2,1,0,6687,0.30016376520261095,0.49089077404282727,0.13966144842948397,0.0692840123250778,3.17,6.34,5.420000000000001,7.13
2019-01-10,6158,3060,3674,1722,19520.86,19400.4,19913.08,12277.86,71112.20000000001,2019,1,3,10,2,1,0,14614,0.274507890347929,0.27281394753642835,0.280023399641693,0.1726547624739496,3.17,6.340000000000001,5.420000000000001,7.130000000000001
2019-01-11,1402,831,1979,1242,4444.34,5268.54,10726.18,8855.46,29294.52,2019,1,4,11,2,1,0,5454,0.15171233391091576,0.17984728884446646,0.3661497099116149,0.30229066733300286,3.17,6.34,5.42,7.129999999999999
2019-01-12,7722,884,2307,1506,24478.74,5604.56,12503.94,10737.78,53325.02,2019,1,5,12,2,1,1,12419,0.4590479290959479,0.1051018827559746,0.2344854254156867,0.20136476273239093,3.1700000000000004,6.340000000000001,5.42,7.130000000000001
2019-01-13,6853,1162,349,601,21724.01,7367.08,1891.58,4285.13,35267.8,2019,1,6,13,2,1,1,8965,0.6159729271460085,0.20888969541621533,0.05363476031961165,0.12150261711816444,3.17,6.34,5.42,7.13
2019-01-14,3333,3368,5154,818,10565.61,21353.12,27934.68,5832.34,65685.75,2019,1,0,14,3,1,0,12673,0.16085086948082347,0.3250799450413522,0.42527762870942326,0.08879155676840106,3.1700000000000004,6.34,5.42,7.13
2019-01-15,7483,1578,3247,502,23721.11,10004.52,17598.74,3579.26,54903.63000000001,2019,1,1,15,3,1,0,12810,0.4320499391388146,0.1822196455862754,0.32053873304916264,0.06519168222574717,3.17,6.34,5.420000000000001,7.130000000000001
2019-01-16,2998,3277,4393,1629,9503.66,20776.18,23810.06,11614.77,65704.67,2019,1,2,16,3,1,0,12297,0.14464207795275436,0.3162055299874423,0.36238002565114474,0.17677236640865862,3.17,6.34,5.42,7.13
2019-01-17,5835,3147,1128,1471,18496.95,19951.98,6113.76,10488.23,55050.92,2019,1,3,17,3,1,0,11581,0.3359971095850896,0.3624277305447393,0.11105645464235657,0.19051870522781453,3.17,6.34,5.42,7.13
2019-01-18,6222,2782,1901,540,19723.74,17637.88,10303.42,3850.2,51515.24,2019,1,4,18,3,1,0,11445,0.38287194236113437,0.34238178837951644,0.2000072211640672,0.07473904809528209,3.1700000000000004,6.340000000000001,5.42,7.13
2019-01-19,4085,1612,1595,1338,12949.45,10220.08,8644.9,9539.94,41354.37,2019,1,5,19,3,1,1,8630,0.31313377522133695,0.24713422063980178,0.20904441296046825,0.230687591178393,3.1700000000000004,6.34,5.42,7.130000000000001
2019-01-20,2464,1084,1934,512,7810.88,6872.56,10482.28,3650.56,28816.28,2019,1,6,20,3,1,1,5994,0.2710578881104709,0.23849573921408318,0.3637624287381994,0.12668394393724658,3.17,6.340000000000001,5.42,7.13
2019-01-21,5027,2903,3780,840,15935.59,18405.02,20487.6,5989.2,60817.41,2019,1,0,21,4,1,0,12550,0.26202348965534705,0.30262748775391785,0.3368706427978435,0.09847837979289153,3.17,6.34,5.42,7.13
2019-01-22,2973,3253,3122,304,9424.41,20624.02,16921.24,2167.52,49137.19,2019,1,1,22,4,1,0,9652,0.19179790297328764,0.41972322796643435,0.34436727049308274,0.04411159856719523,3.17,6.34,5.420000000000001,7.13
2019-01-23,2018,3385,533,410,6397.06,21460.9,2888.86,2923.3,33670.12,2019,1,2,23,4,1,0,6346,0.18999219486001237,0.6373870957394865,0.08579892201156396,0.08682178738893713,3.1700000000000004,6.340000000000001,5.42,7.130000000000001
2019-01-24,4523,2920,5523,931,14337.91,18512.8,29934.66,6638.03,69423.4,2019,1,3,24,4,1,0,13897,0.20652849039372892,0.26666513020105614,0.4311897717484307,0.09561660765678431,3.17,6.34,5.42,7.13
2019-01-25,6081,2381,1455,1079,19276.77,15095.54,7886.1,7693.27,49951.67999999999,2019,1,4,25,4,1,0,10996,0.3859083418215364,0.3022028488331124,0.15787456998443297,0.15401423936091843,3.17,6.340000000000001,5.42,7.130000000000001
2019-01-26,5269,865,1742,489,16702.73,5484.1,9441.64,3486.57,35115.04,2019,1,5,26,4,1,1,8365,0.47565743909162567,0.15617524570668295,0.26887738131581224,0.0992899338858791,3.17,6.340000000000001,5.42,7.13
2019-01-27,2118,2435,1148,613,6714.06,15437.9,6222.16,4370.69,32744.81,2019,1,6,27,4,1,1,6314,0.2050419593211871,0.4714609735100005,0.19001973137116995,0.13347733579764243,3.1700000000000004,6.34,5.42,7.129999999999999
2019-01-28,3517,2174,2616,1978,11148.89,13783.16,14178.72,14103.14,53213.91,2019,1,0,28,5,1,0,10285,0.20951082151264583,0.25901423142933866,0.2664476261939782,0.2650273208640372,3.17,6.34,5.42,7.13
2019-01-29,1059,3708,5665,1585,3357.03,23508.72,30704.3,11301.05,68871.1,2019,1,1,29,5,1,0,12017,0.04874366751801554,0.34134375667006916,0.4458227035723256,0.1640898722395896,3.1700000000000004,6.340000000000001,5.42,7.13
2019-01-30,2180,2494,1070,1838,6910.6,15811.96,5799.4,13104.94,41626.9,2019,1,2,30,5,1,0,7582,0.16601284265703187,0.37984956842810774,0.1393185656390459,0.31481902327581446,3.1700000000000004,6.34,5.42,7.13
2019-01-31,5835,1870,4416,682,18496.95,11855.8,23934.72,4862.66,59150.130000000005,2019,1,3,31,5,1,0,12803,0.31271190781829217,0.20043573868730294,0.4046435739025426,0.08220877959186226,3.17,6.34,5.42,7.13
2019-02-01,5119,1871,2037,431,16227.23,11862.14,11040.54,3073.03,42202.94,2019,2,4,1,5,1,0,9458,0.384504728817471,0.28107378301132574,0.2616059449886667,0.07281554318253658,3.17,6.34,5.420000000000001,7.130000000000001
2019-02-02,3892,979,1086,624,12337.64,6206.86,5886.12,4449.12,28879.74,2019,2,5,2,5,1,1,6581,0.42720744715845776,0.21492090995279042,0.20381485428885437,0.15405678859989735,3.17,6.34,5.42,7.13
2019-02-03,593,3179,1165,927,1879.81,20154.86,6314.3,6609.51,34958.48,2019,2,6,3,5,1,1,5864,0.05377264686565319,0.5765370805595667,0.18062284172538393,0.1890674308493962,3.17,6.34,5.42,7.13
2019-02-04,2090,488,802,1514,6625.3,3093.92,4346.84,10794.82,24860.88,2019,2,0,4,6,1,0,4894,0.2664949913277406,0.124449335663098,0.1748465862833496,0.43420908672581177,3.17,6.34,5.42,7.13
2019-02-05,4140,2106,5060,1454,13123.8,13352.04,27425.2,10367.02,64268.06,2019,2,1,5,6,1,0,12760,0.20420407897795576,0.20775545426452893,0.42673141215091914,0.1613090546065962,3.17,6.340000000000001,5.42,7.13
2019-02-06,5353,3372,5759,419,16969.01,21378.48,31213.78,2987.47,72548.73999999999,2019,2,2,6,6,1,0,14903,0.2338980663206556,0.29467748164888874,0.430245652784597,0.04117879924585872,3.1699999999999995,6.34,5.42,7.13
2019-02-07,3873,2873,3182,817,12277.41,18214.82,17246.44,5825.21,53563.88,2019,2,3,7,6,1,0,10745,0.22921061730404893,0.3400578897570527,0.32197891564240677,0.1087525772964916,3.17,6.34,5.42,7.13
2019-02-08,2005,263,4269,1973,6355.85,1667.42,23137.98,14067.49,45228.74,2019,2,4,8,6,1,0,8510,0.140526797783887,0.036866381862506015,0.511576930951426,0.311029889402181,3.1700000000000004,6.34,5.42,7.13
2019-02-09,5889,2852,4628,686,18668.13,18081.68,25083.76,4891.18,66724.75,2019,2,5,9,6,1,1,14055,0.2797781932491317,0.2709891007459751,0.37592887197029584,0.07330383403459736,3.1700000000000004,6.34,5.42,7.130000000000001
2019-02-10,825,1926,3587,782,2615.25,12210.84,19441.54,5575.66,39843.29000000001,2019,2,6,10,6,1,1,7120,0.06563840486064278,0.3064716794220557,0.4879501667658468,0.13993974895145453,3.17,6.34,5.42,7.13
2019-02-11,7438,1268,5734,406,23578.46,8039.12,31078.28,2894.78,65590.64,2019,2,0,11,7,1,0,14846,0.35947903542334697,0.12256504891551599,0.4738218745845444,0.04413404107659264,3.17,6.34,5.42,7.130000000000001
2019-02-12,6393,1843,1984,1358,20265.81,11684.62,10753.28,9682.54,52386.25,2019,2,1,12,7,1,0,11578,0.3868536113961202,0.22304745997279823,0.20526913073564151,0.18482979789544013,3.1700000000000004,6.340000000000001,5.42,7.130000000000001
2019-02-13,7576,3743,5097,1630,24015.92,23730.62,27625.74,11621.9,86994.18,2019,2,2,13,7,1,0,18046,0.276063525169155,0.27278399543509696,0.31755848494692407,0.13359399444882405,3.17,6.34,5.42,7.13
2019-02-14,6843,1055,4979,353,21692.31,6688.7,26986.18,2516.89,57884.08,2019,2,3,14,7,1,0,13230,0.37475433659824947,0.1155533611314199,0.46621074395585105,0.04348155831447956,3.1700000000000004,6.34,5.42,7.13
2019-02-15,4525,3234,5416,637,14344.25,20503.56,29354.72,4541.81,68744.34,2019,2,4,15,7,1,0,13812,0.20866081483944715,0.29825815478045176,0.4270129002620434,0.06606813011805773,3.17,6.340000000000001,5.42,7.130000000000001
2019-02-16,7046,2678,5906,1781,22335.82,16978.52,32010.52,12698.53,84023.39,2019,2,5,16,7,1,1,17411,0.2658285984414578,0.20206897150900482,0.38097153661617317,0.15113089343336422,3.17,6.34,5.42,7.130000000000001
2019-02-17,6564,3254,2775,882,20807.88,20630.36,15040.5,6288.66,62767.40000000001,2019,2,6,17,7,1,1,13475,0.3315077572115461,0.3286795374669016,0.23962279782179918,0.10018990749975304,3.1700000000000004,6.34,5.42,7.13
2019-02-18,4610,2570,5175,581,14613.7,16293.8,28048.5,4142.53,63098.53,2019,2,0,18,8,1,0,12936,0.23160127502177943,0.2582278858160404,0.4445190719973984,0.06565176716478181,3.1700000000000004,6.34,5.42,7.13
2019-02-19,4981,1683,2308,1520,15789.77,10670.22,12509.36,10837.6,49806.95,2019,2,1,19,8,1,0,10492,0.3170194119495372,0.21423154800685446,0.25115691685598096,0.21759212318762744,3.17,6.34,5.42,7.13
2019-02-20,4368,1779,2596,1406,13846.56,11278.86,14070.32,10024.78,49220.52,2019,2,2,20,8,1,0,10149,0.28131681664476527,0.22914954982190358,0.28586288808001215,0.2036707454533191,3.17,6.340000000000001,5.42,7.130000000000001
2019-02-21,4352,739,2717,1561,13795.84,4685.26,14726.14,11129.93,44337.17,2019,2,3,21,8,1,0,9369,0.3111574329168957,0.10567341127094942,0.3321398275983785,0.2510293282137764,3.17,6.34,5.42,7.13
2019-02-22,546,550,5406,1996,1730.82,3487.0,29300.52,14231.48,48749.81999999999,2019,2,4,22,8,1,0,8498,0.035504131092176344,0.0715284692333223,0.6010385269114841,0.29192887276301743,3.17,6.34,5.42,7.13
2019-02-23,6790,1391,2562,1929,21524.3,8818.94,13886.04,13753.77,57983.05,2019,2,5,23,8,1,1,12672,0.3712171056886452,0.15209513814813122,0.2394844700304658,0.23720328613275776,3.17,6.340000000000001,5.42,7.13
2019-02-24,7396,966,2724,1105,23445.32,6124.44,14764.08,7878.65,52212.49,2019,2,6,24,8,1,1,12191,0.4490366193989216,0.11729837056229266,0.28276912286696154,0.1508958871718242,3.17,6.34,5.42,7.13
2019-02-25,626,1737,4916,360,1984.42,11012.58,26644.72,2566.8,42208.52,2019,2,0,25,9,1,0,7639,0.04701467855305043,0.2609089349733182,0.6312640196813346,0.06081236679229692,3.17,6.34,5.42,7.130000000000001
2019-02-26,4608,1347,702,1228,14607.36,8539.98,3804.84,8755.64,35707.82,2019,2,1,26,9,1,0,7885,0.4090801398685218,0.2391627380220915,0.10655481068292603,0.24520231142646062,3.17,6.34,5.42,7.13
2019-02-27,1784,3761,4338,1276,5655.28,23844.74,23511.96,9097.88,62109.85999999999,2019,2,2,27,9,1,0,11159,0.0910528537658916,0.38391231279542415,0.3785543873388219,0.1464804460998624,3.17,6.340000000000001,5.42,7.129999999999999
2019-02-28,6592,828,5025,1339,20896.64,5249.52,27235.5,9547.07,62928.73,2019,2,3,28,9,1,0,13784,0.3320683573305865,0.08342008491193133,0.4327991364198832,0.15171242133759888,3.17,6.340000000000001,5.42,7.13
2019-03-01,6676,2532,942,1910,21162.92,16052.88,5105.64,13618.3,55939.73999999999,2019,3,4,1,9,1,0,12060,0.3783163811630158,0.2869673688150857,0.09127035627981112,0.2434458937420875,3.17,6.34,5.42,7.13
2019-03-02,2007,2656,1021,604,6362.19,16839.04,5533.82,4306.52,33041.57,2019,3,5,2,9,1,1,6288,0.19255108035120605,0.5096319575613387,0.16748054042226201,0.1303364216651933,3.17,6.340000000000001,5.42,7.130000000000001
2019-03-03,4176,591,4495,1897,13237.92,3746.94,24362.9,13525.61,54873.37,2019,3,6,3,9,1,1,11159,0.24124488800305138,0.06828339502385218,0.4439840308696186,0.24648768610347788,3.17,6.34,5.42,7.13
2019-03-04,3445,3518,4905,435,10920.65,22304.12,26585.1,3101.55,62911.42,2019,3,0,4,10,1,0,12303,0.17358772063959135,0.35453213422936564,0.4225798750052057,0.04930027012583725,3.17,6.34,5.42,7.130000000000001
2019-03-05,1453,3743,5770,1098,4606.01,23730.62,31273.4,7828.74,67438.77,2019,3,1,5,10,1,0,12064,0.06829914009404382,0.35188393857124023,0.4637302845232794,0.1160866368114365,3.17,6.34,5.42,7.13
2019-03-06,6807,845,5435,1491,21578.19,5357.3,29457.7,10630.83,67024.02,2019,3,2,6,10,1,0,14578,0.32194711686944466,0.07993104561618357,0.439509596708762,0.15861224080560968,3.17,6.34,5.42,7.13
2019-03-07,7563,3242,3721,583,23974.71,20554.28,20167.82,4156.79,68853.59999999999,2019,3,3,7,10,1,0,15109,0.34819835128446447,0.2985215006913219,0.2929087222745071,0.06037142574970663,3.17,6.34,5.42,7.13
2019-03-08,2619,817,5641,323,8302.23,5179.78,30574.22,2302.99,46359.22,2019,3,4,8,10,1,0,9400,0.17908476458404604,0.11173138806045485,0.6595067820381793,0.04967706531731983,3.17,6.34,5.42,7.129999999999999
2019-03-09,6642,2546,4595,1503,21055.14,16141.64,24904.9,10716.39,72818.07,2019,3,5,9,10,1,1,15286,0.2891471855818205,0.2216708023159636,0.3420153816216222,0.1471666304805936,3.17,6.34,5.42,7.13
2019-03-10,7264,3600,3717,1514,23026.88,22824.0,20146.14,10794.82,76791.84,2019,3,6,10,10,1,1,16095,0.2998610269007749,0.2972190795271998,0.26234740566185155,0.1405724879101738,3.17,6.34,5.42,7.13
2019-03-11,6366,3098,1999,707,20180.22,19641.32,10834.58,5040.91,55697.03,2019,3,0,11,11,1,0,12170,0.362321294331134,0.352645733533727,0.19452706903761297,0.09050590309752603,3.1700000000000004,6.34,5.42,7.13
2019-03-12,1750,1090,3323,1634,5547.5,6910.6,18010.66,11650.42,42119.18,2019,3,1,12,11,1,0,7797,0.13170959168720758,0.16407251993035002,0.4276118385970477,0.27660604978539466,3.17,6.340000000000001,5.42,7.13
2019-03-13,2578,3964,1202,568,8172.26,25131.76,6514.84,4049.84,43868.7,2019,3,2,13,11,1,0,8312,0.1862890853843401,0.572885907264177,0.1485077059498002,0.09231730140168276,3.17,6.34,5.42,7.13
2019-03-14,3783,381,2002,1383,11992.11,2415.54,10850.84,9860.79,35119.28,2019,3,3,14,11,1,0,7549,0.34146799137112155,0.06878102284557086,0.3089710267408671,0.2807799590424405,3.1700000000000004,6.34,5.42,7.130000000000001
2019-03-15,5053,3634,1061,934,16018.01,23039.56,5750.62,6659.42,51467.61,2019,3,4,15,11,1,0,10682,0.3112250597997459,0.44765163954572595,0.1117327966074197,0.12939050404710847,3.17,6.340000000000001,5.42,7.13
2019-03-16,4903,3473,3496,478,15542.51,22018.82,18948.32,3408.14,59917.79,2019,3,5,16,11,1,1,12350,0.2593972507998042,0.36748384745164997,0.31623863296693683,0.056880268781608935,3.17,6.34,5.42,7.13
2019-03-17,2313,3022,4730,1926,7332.21,19159.48,25636.6,13732.38,65860.67,2019,3,6,17,11,1,1,11991,0.1113291134147284,0.2909092786332116,0.38925507438658,0.20850653356547996,3.17,6.34,5.42,7.13
2019-03-18,5481,3648,3540,1829,17374.77,23128.32,19186.8,13040.77,72730.66,2019,3,0,18,12,1,0,14498,0.23889196110691144,0.31799958916913446,0.263806213225619,0.1793022364983351,3.17,6.34,5.42,7.13
2019-03-19,4093,1639,1631,806,12974.81,10391.26,8840.02,5746.78,37952.87,2019,3,1,19,12,1,0,8169,0.34186637268802067,0.2737937868730349,0.23292098858399904,0.15141885185494533,3.17,6.34,5.42,7.13
2019-03-20,1065,2535,519,1796,3376.05,16071.9,2812.98,12805.48,35066.41,2019,3,2,20,12,1,0,5915,0.09627589479504745,0.4583274991651554,0.08021864798820295,0.36517795805159403,3.1700000000000004,6.34,5.42,7.13
2019-03-21,2636,2268,4352,295,8356.12,14379.12,23587.84,2103.35,48426.43,2019,3,3,21,12,1,0,9551,0.17255288073062583,0.29692711190975674,0.48708608088599553,0.043433926473621945,3.1700000000000004,6.340000000000001,5.42,7.13
2019-03-22,7849,986,4678,698,24881.33,6251.24,25354.76,4976.74,61464.07,2019,3,4,22,12,1,0,14211,0.4048109733052172,0.10170559808356329,0.41251352212764303,0.08096990648357649,3.1700000000000004,6.34,5.42,7.13
2019-03-23,6737,2794,1898,1095,21356.29,17713.96,10287.16,7807.35,57164.76,2019,3,5,23,12,1,1,12524,0.37359187723345644,0.3098755247113781,0.17995632274149317,0.13657627531367228,3.17,6.34,5.42,7.13
2019-03-24,6883,3713,1358,1399,21819.11,23540.42,7360.36,9974.87,62694.76,2019,3,6,24,12,1,1,13353,0.3480212700391548,0.3754766746056608,0.11739992305577052,0.15910213229941386,3.17,6.34,5.42,7.130000000000001
2019-03-25,4192,2183,3189,1747,13288.64,13840.22,17284.38,12456.11,56869.350000000006,2019,3,0,25,13,1,0,11311,0.23366963047757708,0.24336870388003376,0.3039313795568263,0.21903028608556277,3.17,6.34,5.42,7.13
2019-03-26,4662,821,2636,820,14778.54,5205.14,14287.12,5846.6,40117.4,2019,3,1,26,13,1,0,8939,0.3683822979555006,0.12974769052829943,0.35613275037764164,0.14573726113855834,3.1700000000000004,6.340000000000001,5.42,7.130000000000001
2019-03-27,7480,3112,4723,1013,23711.6,19730.08,25598.66,7222.69,76263.03,2019,3,2,27,13,1,0,16328,0.31091867186499145,0.2587109376587844,0.33566277133232186,0.09470761914390236,3.17,6.340000000000001,5.42,7.13
2019-03-28,531,983,838,1961,1683.27,6232.22,4541.96,13981.93,26439.38,2019,3,3,28,13,1,0,4313,0.06366525992666999,0.2357173277134335,0.1717876894238821,0.5288297229360144,3.17,6.34,5.42,7.13
2019-03-29,2777,883,5610,566,8803.09,5598.22,30406.2,4035.58,48843.09,2019,3,4,29,13,1,0,9836,0.18023204510607335,0.1146164175935634,0.622528181570822,0.08262335572954127,3.17,6.34,5.42,7.13
2019-03-30,3472,2983,3032,904,11006.24,18912.22,16433.44,6445.52,52797.42,2019,3,5,30,13,1,1,10391,0.2084617013482856,0.3582034879734654,0.31125460297113,0.12208020770711904,3.17,6.340000000000001,5.42,7.130000000000001
2019-03-31,3857,2109,1553,268,12226.69,13371.06,8417.26,1910.84,35925.85,2019,3,6,31,13,1,1,7787,0.34033126564855115,0.3721849309062973,0.23429536113968077,0.05318844230547085,3.17,6.34,5.42,7.13
2019-04-01,6020,3294,5847,294,19083.4,20883.96,31690.74,2096.22,73754.32,2019,4,0,1,14,2,0,15455,0.25874280991269394,0.28315575277488825,0.4296797801132191,0.028421657199198633,3.1700000000000004,6.34,5.42,7.129999999999999
2019-04-02,2296,1220,957,1015,7278.32,7734.8,5186.94,7236.95,27437.01,2019,4,1,2,14,2,0,5488,0.2652738035230515,0.28191118492867845,0.18904902538578366,0.26376598616248637,3.17,6.34,5.42,7.13
2019-04-03,3317,2754,3889,1297,10514.89,17460.36,21078.38,9247.61,58301.240000000005,2019,4,2,3,14,2,0,11257,0.18035448302643303,0.2994852253571279,0.36154256753372654,0.15861772408271246,3.17,6.34,5.42,7.130000000000001
2019-04-04,6566,680,4340,808,20814.22,4311.2,23522.8,5761.04,54409.26,2019,4,3,4,14,2,0,12394,0.3825492204819547,0.07923651231426415,0.4323308201581863,0.10588344704559481,3.1700000000000004,6.34,5.42,7.13
2019-04-05,6682,537,3510,1286,21181.94,3404.58,19024.2,9169.18,52779.9,2019,4,4,5,14,2,0,12015,0.40132588352763077,0.06450523778938573,0.36044403267152836,0.17372484601145513,3.17,6.34,5.42,7.13
2019-04-06,7475,3229,5488,1624,23695.75,20471.86,29744.96,11579.12,85491.69,2019,4,5,6,14,2,1,17816,0.2771702138535336,0.23946023291854449,0.34792808517412627,0.13544146805379564,3.17,6.34,5.42,7.130000000000001
2019-04-07,3539,3253,5044,948,11218.63,20624.02,27338.48,6759.24,65940.37000000001,2019,4,6,7,14,2,1,12784,0.1701329549712869,0.3127677324224902,0.4145939733125549,0.10250533929366788,3.17,6.34,5.42,7.13
2019-04-08,7945,1312,5386,927,25185.65,8318.08,29192.12,6609.51,69305.36,2019,4,0,8,15,2,0,15570,0.3634011857091573,0.12002073144126225,0.4212101343965315,0.09536794845304894,3.1700000000000004,6.34,5.42,7.13
2019-04-09,6341,3703,4162,539,20100.97,23477.02,22558.04,3843.07,69979.1,2019,4,1,9,15,2,0,14745,0.2872424766823237,0.3354861665840229,0.3223539599680476,0.05491739676560573,3.1700000000000004,6.34,5.42,7.13
2019-04-10,7548,3509,2487,707,23927.16,22247.06,13479.54,5040.91,64694.67,2019,4,2,10,15,2,0,14251,0.3698474696601745,0.34387778776829686,0.20835626798931042,0.07791847458221829,3.17,6.340000000000001,5.42,7.13
2019-04-11,351,2158,5563,426,1112.67,13681.72,30151.46,3037.38,47983.23,2019,4,3,11,15,2,0,8498,0.023188726561342368,0.2851354525320617,0.628374955166628,0.0633008657399679,3.1700000000000004,6.34,5.42,7.13
2019-04-12,2513,413,2151,545,7966.21,2618.42,11658.42,3885.85,26128.9,2019,4,4,12,15,2,0,5622,0.3048811852010609,0.10021164304658826,0.4461887029304716,0.14871846882187922,3.17,6.34,5.42,7.13
2019-04-13,2665,3569,3341,1929,8448.05,22627.46,18108.22,13753.77,62937.5,2019,4,5,13,15,2,1,11504,0.13422919563058588,0.3595227010923535,0.28771749751737835,0.21853060575968222,3.17,6.34,5.42,7.13
2019-04-14,4530,2700,1573,862,14360.1,17118.0,8525.66,6146.06,46149.81999999999,2019,4,6,14,15,2,1,9665,0.3111626437546236,0.37092235679359103,0.18473874871017917,0.13317625074160638,3.17,6.34,5.42,7.130000000000001
2019-04-15,5557,825,1313,1048,17615.69,5230.5,7116.46,7472.24,37434.89,2019,4,0,15,16,2,0,8743,0.47056876619645466,0.13972259568546883,0.19010233501420734,0.19960630310386915,3.17,6.34,5.42,7.13
2019-04-16,1176,2874,1114,1164,3727.92,18221.16,6037.88,8299.32,36286.28,2019,4,1,16,16,2,0,6328,0.10273635103956648,0.5021501239586974,0.16639567351627116,0.22871785148546503,3.17,6.34,5.42,7.13
2019-04-17,1584,3780,1827,1737,5021.28,23965.2,9902.34,12384.81,51273.63,2019,4,2,17,16,2,0,8928,0.09793104174602033,0.4673981537878243,0.19312734440686177,0.24154346005929364,3.17,6.34,5.42,7.13
2019-04-18,5741,3907,1305,731,18198.97,24770.38,7073.1,5212.03,55254.48,2019,4,3,18,16,2,0,11684,0.32936641517574683,0.44829631914009505,0.12800952972501053,0.09432773595914756,3.1700000000000004,6.34,5.42,7.13
2019-04-19,7314,1974,440,1015,23185.38,12515.16,2384.8,7236.95,45322.29,2019,4,4,19,16,2,0,10743,0.5115668250655472,0.2761369736613044,0.052618700423125137,0.15967750085002325,3.17,6.34,5.420000000000001,7.13
2019-04-20,5288,2650,4967,860,16762.96,16801.0,26921.14,6131.8,66616.9,2019,4,5,20,16,2,1,13765,0.25163224346975016,0.2522032697408616,0.40411877466528767,0.09204571212410065,3.17,6.34,5.42,7.13
2019-04-21,6528,955,4293,878,20693.76,6054.7,23268.06,6260.14,56276.66,2019,4,6,21,16,2,1,12654,0.36771478620088677,0.10758811912434035,0.4134584390758087,0.11123865559896412,3.17,6.34,5.42,7.130000000000001
2019-04-22,7992,2357,4528,1320,25334.64,14943.38,24541.76,9411.6,74231.38,2019,4,0,22,17,2,0,16197,0.3412928602432017,0.20130812602433093,0.3306116631537767,0.12678735057869056,3.17,6.34,5.42,7.13
2019-04-23,2928,1503,3278,463,9281.76,9529.02,17766.76,3301.19,39878.73,2019,4,1,23,17,2,0,8172,0.2327496387171808,0.2389499364698926,0.4455197043637046,0.08278072044922193,3.17,6.34,5.42,7.13
2019-04-24,3424,883,254,1243,10854.08,5598.22,1376.68,8862.59,26691.57,2019,4,2,24,17,2,0,5804,0.40664824137358724,0.20973738150284904,0.0515773332179411,0.33203704390562266,3.17,6.34,5.42,7.13
2019-04-25,2600,2645,3437,633,8242.0,16769.3,18628.54,4513.29,48153.13,2019,4,3,25,17,2,0,9315,0.17116228996952015,0.34824942843798523,0.38686041800398024,0.0937278635885144,3.17,6.34,5.42,7.13
2019-04-26,5923,978,5570,1896,18775.91,6200.52,30189.4,13518.48,68684.31,2019,4,4,26,17,2,0,14367,0.27336534355517295,0.09027563937091311,0.43953852051509296,0.19682049655882108,3.17,6.340000000000001,5.42,7.13
2019-04-27,6383,3149,947,1973,20234.11,19964.66,5132.74,14067.49,59399.0,2019,4,5,27,17,2,1,12452,0.34064731729490394,0.336111045640499,0.08641121904409164,0.2368304180205054,3.17,6.34,5.42,7.13
2019-04-28,1951,369,5591,1252,6184.67,2339.46,30303.22,8926.76,47754.11000000001,2019,4,6,28,17,2,1,9163,0.12951073740040384,0.048989709995642255,0.6345677890342841,0.18693176356966967,3.17,6.34,5.42,7.13
2019-04-29,2344,3379,3037,1489,7430.48,21422.86,16460.54,10616.57,55930.45,2019,4,0,29,18,2,0,10249,0.1328521404708884,0.3830267770060853,0.29430372900629265,0.18981735351673373,3.17,6.34,5.42,7.13
2019-04-30,4006,1004,2546,1054,12699.02,6365.36,13799.32,7515.02,40378.72,2019,4,1,30,18,2,0,8610,0.3144978345029263,0.15764145074435246,0.3417473362206627,0.18611337853205848,3.17,6.34,5.42,7.130000000000001
2019-05-01,4426,2760,4875,861,14030.42,17498.4,26422.5,6138.93,64090.25,2019,5,2,1,18,2,0,12922,0.21891660587998954,0.27302748858055637,0.41227019710486384,0.09578570843459029,3.17,6.340000000000001,5.42,7.130000000000001
2019-05-02,5730,1936,4169,722,18164.1,12274.24,22595.98,5147.86,58182.17999999999,2019,5,3,2,18,2,0,12557,0.3121935272965021,0.21096218807889291,0.3883659910989929,0.08847829352561214,3.17,6.34,5.42,7.13
2019-05-03,7729,3732,4364,1939,24500.93,23660.88,23652.88,13825.07,85639.76000000001,2019,5,4,3,18,2,0,17764,0.28609293160092925,0.2762838195716569,0.27619040501748254,0.16143284380993125,3.17,6.34,5.42,7.13
2019-05-04,1609,2682,3943,542,5100.53,17003.88,21371.06,3864.46,47339.93,2019,5,5,4,18,2,1,8776,0.10774266037148766,0.359186842904077,0.45143835235920293,0.08163214436523247,3.17,6.340000000000001,5.42,7.13
2019-05-05,5188,2347,5744,1351,16445.96,14879.98,31132.48,9632.63,72091.05,2019,5,6,5,18,2,1,14630,0.22812762471901848,0.20640537209542653,0.4318494459437059,0.133617557241849,3.17,6.34,5.42,7.129999999999999
2019-05-06,788,3469,5886,1218,2497.96,21993.46,31902.12,8684.34,65077.87999999999,2019,5,0,6,19,2,0,11361,0.03838416371277,0.3379559997959368,0.4902144937726921,0.13344534271860117,3.17,6.34,5.42,7.13
2019-05-07,1003,1612,5562,1081,3179.51,10220.08,30146.04,7707.53,51253.16,2019,5,1,7,19,2,0,9258,0.062035394500553724,0.19940390016927736,0.5881791483686079,0.150381556961561,3.1700000000000004,6.34,5.42,7.13
2019-05-08,4297,1162,5939,1359,13621.49,7367.08,32189.38,9689.67,62867.62,2019,5,2,8,19,2,0,12757,0.2166694078764235,0.11718401301019507,0.512018428564657,0.15412815054872445,3.17,6.34,5.42,7.13
2019-05-09,5726,475,815,1072,18151.42,3011.5,4417.3,7643.36,33223.579999999994,2019,5,3,9,19,2,0,8088,0.5463414839701201,0.09064345263213659,0.13295677347233503,0.23005828992540842,3.1699999999999995,6.34,5.42,7.13
2019-05-10,6113,2072,922,1984,19378.21,13136.48,4997.24,14145.92,51657.85,2019,5,4,10,19,2,0,11091,0.375126142493348,0.25429784630990254,0.09673728194262828,0.2738387292541211,3.17,6.34,5.42,7.13
2019-05-11,3426,2837,2572,1260,10860.42,17986.58,13940.24,8983.8,51771.03999999999,2019,5,5,11,19,2,1,10095,0.2097778989952684,0.34742551047844517,0.26926714240239336,0.1735294481238932,3.17,6.340000000000001,5.42,7.129999999999999
2019-05-12,3858,1415,4907,770,12229.86,8971.1,26595.94,5490.1,53286.99999999999,2019,5,6,12,19,2,1,10950,0.22950926117064205,0.16835438287011845,0.4991074746185749,0.10302888134066472,3.17,6.34,5.42,7.130000000000001
2019-05-13,619,3987,3717,865,1962.23,25277.58,20146.14,6167.45,53553.4,2019,5,0,13,20,2,0,9188,0.03664062412470543,0.47200700609111657,0.3761878797611356,0.11516449002304241,3.17,6.340000000000001,5.42,7.13
2019-05-14,422,3804,5189,565,1337.74,24117.36,28124.38,4028.45,57607.93,2019,5,1,14,20,2,0,9980,0.02322145579610307,0.41864653008709046,0.4882032734035054,0.0699287407133011,3.17,6.34,5.42,7.13
2019-05-15,7097,2546,1414,833,22497.49,16141.64,7663.88,5939.29,52242.3,2019,5,2,15,20,2,0,11890,0.43063743365050927,0.30897644246137707,0.14669874794945859,0.11368737593865506,3.1700000000000004,6.34,5.42,7.13
2019-05-16,6958,533,419,1251,22056.86,3379.22,2270.98,8919.63,36626.69,2019,5,3,16,20,2,0,9161,0.6022072974653183,0.09226113525410021,0.0620034188183535,0.24352814846222792,3.17,6.34,5.42,7.129999999999999
2019-05-17,1226,1862,2656,1203,3886.42,11805.08,14395.52,8577.39,38664.41,2019,5,4,17,20,2,0,6947,0.10051672843320252,0.3053216123044422,0.37231966038017905,0.2218419988821761,3.17,6.34,5.42,7.13
2019-05-18,5151,2068,1767,1343,16328.67,13111.12,9577.14,9575.59,48592.52,2019,5,5,18,20,2,1,10329,0.33603258279257797,0.26981765917882017,0.19709082797105398,0.19705893005754796,3.17,6.340000000000001,5.42,7.13
2019-05-19,1825,1188,4548,363,5785.25,7531.92,24650.16,2588.19,40555.52,2019,5,6,19,20,2,1,7924,0.14265012506312336,0.1857187381643732,0.607812697260447,0.06381843951205657,3.17,6.34,5.42,7.13
2019-05-20,5848,693,299,1427,18538.16,4393.62,1620.58,10174.51,34726.87,2019,5,0,20,21,2,0,8267,0.5338275519792022,0.12651932062981777,0.046666457414676295,0.2929866699763036,3.17,6.34,5.42,7.13
2019-05-21,7848,1591,5489,1205,24878.16,10086.94,29750.38,8591.65,73307.12999999999,2019,5,1,21,21,2,0,16133,0.3393688990416076,0.13759834820978534,0.4058320111563501,0.11720074159225713,3.17,6.340000000000001,5.42,7.13
2019-05-22,7740,2607,5643,668,24535.8,16528.38,30585.06,4762.84,76412.08,2019,5,2,22,21,2,0,16658,0.3210984441203537,0.21630585111673442,0.40026472254125267,0.06233098222165919,3.17,6.340000000000001,5.42,7.13
2019-05-23,3381,685,438,1208,10717.77,4342.9,2373.96,8613.04,26047.67,2019,5,3,23,21,2,0,5712,0.4114675132171131,0.16672892431453562,0.09113905389618343,0.33066450857216795,3.17,6.34,5.42,7.130000000000001
2019-05-24,1948,2067,498,361,6175.16,13104.78,2699.16,2573.93,24553.03,2019,5,4,24,21,2,0,4874,0.2515029713237022,0.5337337184046125,0.10993184955176612,0.10483146071991929,3.17,6.340000000000001,5.42,7.13
2019-05-25,2352,3061,3826,919,7455.84,19406.74,20736.92,6552.47,54151.97,2019,5,5,25,21,2,1,10158,0.13768363367020628,0.35837551246981414,0.3829393464355959,0.12100150742438363,3.17,6.340000000000001,5.42,7.13
2019-05-26,4913,3497,1064,896,15574.21,22170.98,5766.88,6388.48,49900.55,2019,5,6,26,21,2,1,10370,0.3121049767988529,0.4443033193020918,0.11556746368527,0.1280242402137852,3.17,6.34,5.42,7.13
2019-05-27,3986,1718,389,1717,12635.62,10892.12,2108.38,12242.21,37878.33,2019,5,0,27,22,2,0,7810,0.33358440036823167,0.2875554439702067,0.05566190484110572,0.3231982508204559,3.1700000000000004,6.340000000000001,5.42,7.13
2019-05-28,1915,2474,269,1322,6070.55,15685.16,1457.98,9425.86,32639.55,2019,5,1,28,22,2,0,5980,0.18598755191171448,0.48055687042253953,0.04466912074461811,0.2887864569211279,3.17,6.34,5.42,7.130000000000001
2019-05-29,4714,2907,4164,1290,14943.38,18430.38,22568.88,9197.7,65140.34,2019,5,2,29,22,2,0,13075,0.2294028554348964,0.2829334326471124,0.346465492811367,0.14119821910662428,3.17,6.340000000000001,5.42,7.130000000000001
2019-05-30,1131,1112,3846,1427,3585.27,7050.08,20845.32,10174.51,41655.18,2019,5,3,30,22,2,0,7516,0.08607020783489593,0.16924857844810656,0.5004256373397018,0.2442555763772957,3.17,6.34,5.42,7.13
2019-05-31,4078,3771,5252,1377,12927.26,23908.14,28465.84,9818.01,75119.25,2019,5,4,31,22,2,0,14478,0.1720898438150008,0.3182691520482433,0.3789420155286428,0.1306989886081131,3.17,6.34,5.42,7.13
2019-06-01,2550,715,427,348,8083.5,4533.1,2314.34,2481.24,17412.18,2019,6,5,1,22,2,1,4040,0.4642439947209367,0.2603407499807606,0.13291500547318028,0.1425002498251224,3.17,6.340000000000001,5.42,7.129999999999999
2019-06-02,904,2419,3747,1343,2865.68,15336.46,20308.74,9575.59,48086.47,2019,6,6,2,22,2,1,8413,0.05959431000029738,0.31893503515645877,0.4223379258240416,0.1991327290192023,3.17,6.34,5.420000000000001,7.13
2019-06-03,4380,2774,4988,751,13884.6,17587.16,27034.96,5354.63,63861.35,2019,6,0,3,23,2,0,12893,0.21741789047679075,0.27539599460393493,0.4233383728969087,0.08384774202236564,3.17,6.34,5.42,7.13
2019-06-04,5195,2541,3902,1011,16468.15,16109.94,21148.84,7208.43,60935.36000000001,2019,6,1,4,23,2,0,12649,0.2702560549408422,0.2643775305504062,0.3470700755686025,0.11829633894014903,3.1700000000000004,6.34,5.42,7.13
2019-06-05,2746,2946,2071,1908,8704.82,18677.64,11224.82,13604.04,52211.32,2019,6,2,5,23,2,0,9671,0.16672284860830947,0.35773161835402745,0.21498824392871124,0.2605572891089519,3.17,6.34,5.42,7.130000000000001
2019-06-06,6290,3519,4623,1099,19939.3,22310.46,25056.66,7835.87,75142.29,2019,6,3,6,23,2,0,15531,0.26535390390684127,0.29690950329035753,0.33345616696004343,0.10428042584275779,3.17,6.34,5.42,7.13
2019-06-07,7668,3854,5382,531,24307.56,24434.36,29170.44,3786.03,81698.39,2019,6,4,7,23,2,0,17435,0.2975280173819827,0.2990800675509028,0.3570503653743972,0.046341549692717324,3.1700000000000004,6.34,5.42,7.130000000000001
2019-06-08,1637,3016,5175,296,5189.29,19121.44,28048.5,2110.48,54469.71,2019,6,5,8,23,2,1,10124,0.09526927901764118,0.35104721504851044,0.514937568053878,0.038745937879970355,3.17,6.34,5.42,7.13
2019-06-09,3013,1553,4007,1227,9551.21,9846.02,21717.94,8748.51,49863.68,2019,6,6,9,23,2,1,9800,0.19154643219273024,0.1974587515401992,0.4355462733596878,0.17544854290738268,3.17,6.34,5.42,7.13
2019-06-10,3619,489,274,1307,11472.23,3100.26,1485.08,9318.91,25376.48,2019,6,0,10,24,2,0,5689,0.4520812185141517,0.12217060837436872,0.05852190689961728,0.36722626621186233,3.17,6.340000000000001,5.42,7.13
2019-06-11,3689,1533,3475,1061,11694.13,9719.22,18834.5,7564.93,47812.78,2019,6,1,11,24,2,0,9758,0.24458167878964576,0.20327661349120466,0.3939218761176405,0.15821983160150907,3.17,6.34,5.42,7.13
2019-06-12,6477,1828,1147,867,20532.09,11589.52,6216.74,6181.71,44520.06,2019,6,2,12,24,2,0,10319,0.4611873838444962,0.26032130235224304,0.13963907505964726,0.13885223874361355,3.17,6.34,5.42,7.13
2019-06-13,5900,2830,1799,563,18703.0,17942.2,9750.58,4014.19,50409.97,2019,6,3,13,24,2,0,11092,0.37101787602730174,0.3559256234431403,0.19342562592280851,0.07963087460674942,3.17,6.34,5.42,7.13
2019-06-14,7580,3195,2521,1497,24028.6,20256.3,13663.82,10673.61,68622.32999999999,2019,6,4,14,24,2,0,14793,0.3501571572985062,0.29518525529517875,0.1991162351963275,0.15554135220998766,3.17,6.34,5.42,7.130000000000001
2019-06-15,309,573,3811,666,979.53,3632.82,20655.62,4748.58,30016.550000000003,2019,6,5,15,24,2,1,5359,0.03263299746306621,0.12102723330962419,0.6881410421917241,0.15819872703558535,3.17,6.34,5.42,7.13
2019-06-16,6790,2467,2203,1328,21524.3,15640.78,11940.26,9468.64,58573.98,2019,6,6,16,24,2,1,12788,0.3674720413398577,0.2670260754007155,0.20384921769017572,0.16165266556925104,3.17,6.34,5.42,7.13
2019-06-17,534,747,2018,1516,1692.78,4735.98,10937.56,10809.08,28175.4,2019,6,0,17,25,2,0,4815,0.06008006984816542,0.16808918418194593,0.38819537610823623,0.38363536986165236,3.17,6.34,5.42,7.13
2019-06-18,662,3127,960,1649,2098.54,19825.18,5203.2,11757.37,38884.29,2019,6,1,18,25,2,0,6398,0.05396883934360123,0.5098506363366799,0.1338123957001658,0.30236812861955303,3.17,6.34,5.42,7.130000000000001
2019-06-19,5561,3088,2099,1902,17628.37,19577.92,11376.58,13561.26,62144.13,2019,6,2,19,25,2,0,12650,0.2836691092143377,0.3150405356065005,0.18306765256831176,0.21822270261084997,3.17,6.34,5.42,7.13
2019-06-20,370,1239,423,1492,1172.9,7855.26,2292.66,10637.96,21958.78,2019,6,3,20,25,2,0,3524,0.053413714240955104,0.35772752402455876,0.10440743975758215,0.484451321976904,3.1700000000000004,6.34,5.42,7.129999999999999
2019-06-21,1005,3805,3758,488,3185.85,24123.7,20368.36,3479.44,51157.350000000006,2019,6,4,21,25,2,0,9056,0.06227550879785602,0.4715588278126212,0.39815119430541257,0.0680144690841101,3.17,6.34,5.42,7.13
2019-06-22,5310,2885,4124,1905,16832.7,18290.9,22352.08,13582.65,71058.33,2019,6,5,22,25,2,1,14224,0.2368856684360581,0.25740683745311776,0.3145596019495533,0.19114789216127087,3.17,6.340000000000001,5.420000000000001,7.13
2019-06-23,2957,3184,2202,1016,9373.69,20186.56,11934.84,7244.08,48739.17,2019,6,6,23,25,2,1,9359,0.19232354592825443,0.4141752926855341,0.24487162994363673,0.14862953144257485,3.1700000000000004,6.340000000000001,5.42,7.13
2019-06-24,1136,706,1812,882,3601.12,4476.04,9821.04,6288.66,24186.86,2019,6,0,24,26,2,0,4536,0.1488874537662185,0.1850608140122364,0.40604857348163426,0.2600031587399108,3.17,6.34,5.420000000000001,7.13
2019-06-25,2905,1274,5255,1798,9208.85,8077.16,28482.1,12819.74,58587.85,2019,6,1,25,26,2,0,11232,0.15718020033163874,0.1378640793270277,0.4861434580719381,0.21881226226939546,3.17,6.34,5.42,7.13
2019-06-26,3622,1170,5385,1233,11481.74,7417.8,29186.7,8791.29,56877.530000000006,2019,6,2,26,26,2,0,11410,0.20186776746458573,0.13041705573360868,0.5131499205397984,0.15456525626200715,3.17,6.34,5.42,7.130000000000001
2019-06-27,2261,852,1936,1972,7167.37,5401.68,10493.12,14060.36,37122.53,2019,6,3,27,26,2,0,7021,0.19307331693179317,0.14550947901449607,0.282661769011972,0.3787554350417388,3.17,6.340000000000001,5.420000000000001,7.13
2019-06-28,1167,1536,1351,1216,3699.39,9738.24,7322.42,8670.08,29430.13,2019,6,4,28,26,2,0,5270,0.12570076992524326,0.3308935434535967,0.2488069199830242,0.2945987666381358,3.17,6.34,5.42,7.13
2019-06-29,2249,3504,5322,747,7129.33,22215.36,28845.24,5326.11,63516.04000000001,2019,6,5,29,26,2,1,11822,0.11224456058658568,0.34975984019154843,0.4541410327218132,0.08385456650005257,3.17,6.34,5.42,7.13
2019-06-30,7848,1132,5723,1014,24878.16,7176.88,31018.66,7229.82,70303.51999999999,2019,6,6,30,26,2,1,15717,0.3538679144372857,0.10208421996508854,0.4412106250156465,0.1028372405819794,3.17,6.34,5.42,7.13
2019-07-01,1637,3547,3917,681,5189.29,22487.98,21230.14,4855.53,53762.94,2019,7,0,1,27,3,0,9782,0.09652169319609381,0.4182803246995049,0.394884282741978,0.09031369936242326,3.17,6.34,5.42,7.13
2019-07-02,5174,878,1747,496,16401.58,5566.52,9468.74,3536.48,34973.32000000001,2019,7,1,2,27,3,0,8295,0.46897406365766814,0.15916475759235896,0.2707418111863557,0.10111936756361704,3.1700000000000004,6.340000000000001,5.42,7.13
2019-07-03,6538,463,5383,901,20725.46,2935.42,29175.86,6424.13,59260.87,2019,7,2,3,27,3,0,13285,0.3497326313299146,0.04953386610760186,0.4923292553754273,0.10840424718705614,3.17,6.34,5.42,7.13
2019-07-04,4039,3163,4331,923,12803.63,20053.42,23474.02,6580.99,62912.05999999999,2019,7,3,4,27,3,0,12456,0.20351630514085856,0.3187531929490149,0.3731243262420592,0.10460617566806747,3.17,6.34,5.42,7.13
2019-07-05,3714,2469,3836,349,11773.38,15653.46,20791.12,2488.37,50706.33,2019,7,4,5,27,3,0,10368,0.23218757894724384,0.3087082027036861,0.4100300692240988,0.04907414912497118,3.17,6.34,5.42,7.13
2019-07-06,5094,1013,5312,1540,16147.98,6422.42,28791.04,10980.2,62341.64,2019,7,5,6,27,3,1,12959,0.2590239846112486,0.10301974731495675,0.4618267982683805,0.1761294698054142,3.17,6.34,5.42,7.130000000000001
2019-07-07,3107,1965,2012,619,9849.19,12458.1,10905.04,4413.47,37625.8,2019,7,6,7,27,3,1,7703,0.26176692588596123,0.3311052522471283,0.2898287876935507,0.11729903417335977,3.1700000000000004,6.34,5.420000000000001,7.130000000000001
2019-07-08,1954,1366,1466,1195,6194.18,8660.44,7945.72,8520.35,31320.69,2019,7,0,8,28,3,0,5981,0.1977663965896026,0.2765085954364352,0.25368917479148767,0.2720358331824746,3.17,6.340000000000001,5.42,7.13
2019-07-09,4300,2642,1692,1056,13631.0,16750.28,9170.64,7529.28,47081.2,2019,7,1,9,28,3,0,9690,0.2895210827251642,0.3557742793301785,0.19478348045504362,0.1599211574896137,3.17,6.34,5.42,7.13
2019-07-10,3446,2955,1646,1026,10923.82,18734.7,8921.32,7315.38,45895.22,2019,7,2,10,28,3,0,9073,0.2380165080372204,0.4082059090249486,0.19438451324560596,0.15939306969222503,3.17,6.34,5.42,7.13
2019-07-11,2046,3430,5124,1313,6485.82,21746.2,27772.08,9361.69,65365.79000000001,2019,7,3,11,28,3,0,11913,0.09922346230344647,0.3326847269802751,0.4248717869087178,0.1432200238075605,3.17,6.34,5.42,7.130000000000001
2019-07-12,5887,3104,2345,290,18661.79,19679.36,12709.9,2067.7,53118.75,2019,7,4,12,28,3,0,11626,0.35132208495117073,0.37047859748205675,0.23927332627367925,0.0389259912930933,3.17,6.34,5.42,7.129999999999999
2019-07-13,7072,3705,2183,1609,22418.24,23489.7,11831.86,11472.17,69211.97,2019,7,5,13,28,3,1,14569,0.3239069773624418,0.3393878255452056,0.1709510652564867,0.16575413183586596,3.1700000000000004,6.34,5.42,7.13
2019-07-14,7181,2037,2891,1648,22763.77,12914.58,15669.22,11750.24,63097.81,2019,7,6,14,28,3,1,13757,0.360769573460632,0.20467556639445966,0.24833223213293773,0.18622262801197062,3.17,6.34,5.42,7.13
2019-07-15,3291,360,3546,633,10432.47,2282.4,19219.32,4513.29,36447.48,2019,7,0,15,29,3,0,7830,0.2862329576695014,0.06262161334610787,0.5273154687237636,0.12382996026062706,3.17,6.34,5.42,7.13
2019-07-16,3603,2121,3316,280,11421.51,13447.14,17972.72,1996.4,44837.77,2019,7,1,16,29,3,0,9320,0.25472966206838565,0.2999065296958346,0.40083884635654277,0.04452496187923709,3.17,6.34,5.42,7.13
2019-07-17,1686,1077,695,1603,5344.62,6828.18,3766.9,11429.39,27369.09,2019,7,2,17,29,3,0,5061,0.19527941922804157,0.2494850943162524,0.13763336669213336,0.4176021197635727,3.17,6.34,5.42,7.13
2019-07-18,3618,776,439,304,11469.06,4919.84,2379.38,2167.52,20935.800000000003,2019,7,3,18,29,3,0,5137,0.5478204797523858,0.23499651314972436,0.11365125765435281,0.1035317494435369,3.17,6.34,5.42,7.13
2019-07-19,4891,356,2308,632,15504.47,2257.04,12509.36,4506.16,34777.03,2019,7,4,19,29,3,0,8187,0.44582501725995577,0.06490030919834155,0.35970179167111166,0.12957288187059102,3.17,6.34,5.42,7.13
2019-07-20,406,2920,2016,768,1287.02,18512.8,10926.72,5475.84,36202.380000000005,2019,7,5,20,29,3,1,6110,0.03555070136272808,0.5113696944786502,0.30182325029459384,0.15125635386402772,3.17,6.34,5.42,7.13
2019-07-21,1250,304,1085,1065,3962.5,1927.36,5880.7,7593.45,19364.01,2019,7,6,21,29,3,1,3704,0.20463220169789215,0.09953310290585474,0.30369226208827615,0.39214243330797705,3.17,6.34,5.42,7.13
2019-07-22,1605,2271,2421,467,5087.85,14398.14,13121.82,3329.71,35937.52,2019,7,0,22,30,3,0,6764,0.14157487773224198,0.40064367268526047,0.36512870114576634,0.09265274843673131,3.1700000000000004,6.34,5.42,7.13
2019-07-23,6697,3116,5842,880,21229.49,19755.44,31663.64,6274.4,78922.97,2019,7,1,23,30,3,0,16535,0.2689900037973736,0.250312931710502,0.40119676185526215,0.07950030263686224,3.1700000000000004,6.34,5.42,7.13
2019-07-24,4258,1290,683,654,13497.86,8178.6,3701.86,4663.02,30041.34,2019,7,2,24,30,3,0,6885,0.44930951815065506,0.2722448466013833,0.12322552855498457,0.1552201066929771,3.17,6.34,5.42,7.130000000000001
2019-07-25,6097,3341,3985,432,19327.49,21181.94,21598.7,3080.16,65188.29000000001,2019,7,3,25,30,3,0,13855,0.2964871451605802,0.3249347390459237,0.33132791180747334,0.047250203986022636,3.1700000000000004,6.34,5.42,7.13
2019-07-26,5447,3158,580,792,17266.99,20021.72,3143.6,5646.96,46079.27,2019,7,4,26,30,3,0,9977,0.374723601307052,0.4345060153947752,0.06822156687812111,0.1225488164200518,3.1700000000000004,6.340000000000001,5.42,7.13
2019-07-27,4997,1060,3840,1836,15840.49,6720.4,20812.8,13090.68,56464.37,2019,7,5,27,30,3,1,11733,0.2805395685810361,0.11902018919187445,0.36860058830019704,0.2318396539268923,3.17,6.34,5.42,7.13
2019-07-28,7085,3409,5874,1304,22459.45,21613.06,31837.08,9297.52,85207.11,2019,7,6,28,30,3,1,17672,0.26358657159009385,0.2536532456035653,0.3736434670768672,0.10911671572947375,3.17,6.340000000000001,5.42,7.13
2019-07-29,4750,679,5482,1910,15057.5,4304.86,29712.44,13618.3,62693.100000000006,2019,7,0,29,31,3,0,12821,0.2401779462173668,0.06866561072909139,0.47393477113111326,0.21722167192242844,3.17,6.34,5.42,7.13
2019-07-30,7542,3949,4885,709,23908.14,25036.66,26476.7,5055.17,80476.67,2019,7,1,30,31,3,0,17085,0.29708162626510265,0.3111045722940574,0.32899845383761533,0.06281534760322464,3.17,6.34,5.42,7.13
2019-07-31,6192,996,352,1048,19628.64,6314.64,1907.84,7472.24,35323.36,2019,7,2,31,31,3,0,8588,0.55568439695431,0.17876668584189048,0.05401071698728546,0.21153820021651393,3.17,6.340000000000001,5.42,7.13
2019-08-01,3807,2948,1428,725,12068.19,18690.32,7739.76,5169.25,43667.52,2019,8,3,1,31,3,0,8908,0.2763653626310814,0.4280142311722763,0.1772429485347462,0.11837745766189608,3.17,6.34,5.42,7.13
2019-08-02,6995,3017,2410,1067,22174.15,19127.78,13062.2,7607.71,61971.84,2019,8,4,2,31,3,0,13489,0.35781009568216793,0.30865276874141545,0.2107763784325268,0.12276075714388988,3.1700000000000004,6.34,5.42,7.13
2019-08-03,1736,3048,4484,1903,5503.12,19324.32,24303.28,13568.39,62699.11,2019,8,5,3,31,3,1,11171,0.08777030487354605,0.3082072456849866,0.387617623280458,0.21640482616100928,3.17,6.34,5.42,7.13
2019-08-04,1679,2330,2517,381,5322.43,14772.2,13642.14,2716.53,36453.3,2019,8,6,4,31,3,1,6907,0.1460068087114198,0.40523628862133193,0.3742360773921702,0.07452082527507797,3.1700000000000004,6.340000000000001,5.42,7.130000000000001
2019-08-05,4821,1159,2227,687,15282.57,7348.06,12070.34,4898.31,39599.28,2019,8,0,5,32,3,0,8894,0.3859305017666988,0.18556044453333498,0.30481210769488737,0.1236969460050789,3.17,6.340000000000001,5.42,7.130000000000001
2019-08-06,7090,3269,2959,396,22475.3,20725.46,16037.78,2823.48,62062.02,2019,8,1,6,32,3,0,13714,0.36214257931018035,0.33394755762058664,0.25841537223570876,0.045494490833524276,3.17,6.34,5.42,7.13
2019-08-07,1097,1771,2032,1200,3477.49,11228.14,11013.44,8556.0,34275.07,2019,8,2,7,32,3,0,6100,0.10145829023835691,0.3275891194387057,0.3213250913856631,0.24962749893727423,3.17,6.34,5.42,7.13
2019-08-08,3384,2314,401,1580,10727.28,14670.76,2173.42,11265.4,38836.86,2019,8,3,8,32,3,0,7679,0.27621388546859865,0.37775350530398183,0.0559628147074712,0.2900697945199483,3.1700000000000004,6.34,5.42,7.13
2019-08-09,6626,1147,337,1349,21004.42,7271.98,1826.54,9618.37,39721.31,2019,8,4,9,32,3,0,9459,0.528794745188414,0.18307502949927884,0.045983881196264675,0.24214634411604252,3.17,6.34,5.42,7.130000000000001
2019-08-10,5574,1874,4278,1811,17669.58,11881.16,23186.76,12912.43,65649.93,2019,8,5,10,32,3,1,13537,0.2691484971880397,0.18097749685338585,0.35318788611046503,0.19668611984810955,3.1700000000000004,6.34,5.42,7.13
2019-08-11,4480,3505,2428,1386,14201.6,22221.7,13159.76,9882.18,59465.240000000005,2019,8,6,11,32,3,1,11799,0.23882187308081157,0.37369226122689486,0.2213017218126085,0.166184143879685,3.17,6.34,5.42,7.13
2019-08-12,2403,1639,3777,1309,7617.51,10391.26,20471.34,9333.17,47813.28,2019,8,0,12,33,3,0,9128,0.15931787152021365,0.21732999702174793,0.42815176034775276,0.19520037111028568,3.17,6.34,5.42,7.13
2019-08-13,1532,2576,1994,815,4856.44,16331.84,10807.48,5810.95,37806.71,2019,8,1,13,33,3,0,6917,0.12845444631389508,0.43198257663785083,0.2858614251279733,0.15370155192028082,3.17,6.34,5.42,7.13
2019-08-14,1301,3444,1374,1190,4124.17,21834.96,7447.08,8484.7,41890.91,2019,8,2,14,33,3,0,7309,0.0984502365787709,0.5212338428551683,0.17777317322540856,0.2025427473406522,3.17,6.34,5.42,7.130000000000001
2019-08-15,3144,1410,2185,1156,9966.48,8939.4,11842.7,8242.28,38990.86,2019,8,3,15,33,3,0,7895,0.2556106738861364,0.22926911589023682,0.30373015624687427,0.2113900539767525,3.17,6.34,5.42,7.130000000000001
2019-08-16,7580,267,3366,1603,24028.6,1692.78,18243.72,11429.39,55394.49,2019,8,4,16,33,3,0,12816,0.4337723842208855,0.03055863498337109,0.3293417811049439,0.20632719969079957,3.17,6.34,5.42,7.13
2019-08-17,5687,1122,4355,299,18027.79,7113.48,23604.1,2131.87,50877.24,2019,8,5,17,33,3,1,11463,0.3543389932315511,0.13981654665229482,0.4639422264258045,0.04190223369034955,3.1700000000000004,6.34,5.42,7.13
2019-08-18,4705,1509,3513,1172,14914.85,9567.06,19040.46,8356.36,51878.73,2019,8,6,18,33,3,1,10899,0.28749450882857003,0.18441199312319323,0.36701862208269165,0.16107487596554504,3.17,6.34,5.42,7.130000000000001
2019-08-19,4807,1131,1653,962,15238.19,7170.54,8959.26,6859.06,38227.05,2019,8,0,19,34,3,0,8553,0.3986232262233157,0.18757764462599127,0.23436964139267874,0.1794294877580143,3.17,6.34,5.42,7.130000000000001
2019-08-20,5156,1162,1976,900,16344.52,7367.08,10709.92,6417.0,40838.52,2019,8,1,20,34,3,0,9194,0.4002231226792744,0.1803953718205263,0.26225044394361013,0.15713106155658924,3.17,6.34,5.42,7.13
2019-08-21,1701,1843,3638,380,5392.17,11684.62,19717.96,2709.4,39504.15,2019,8,2,21,34,3,0,7562,0.13649629216170958,0.29578208871726136,0.4991364198444973,0.0685851992765317,3.17,6.340000000000001,5.42,7.13
2019-08-22,751,3875,1185,1952,2380.67,24567.5,6422.7,13917.76,47288.63,2019,8,3,22,34,3,0,7763,0.05034339121264456,0.5195223460692349,0.13581911761875953,0.29431514509936113,3.17,6.34,5.42,7.13
2019-08-23,3787,866,2900,932,12004.79,5490.44,15718.0,6645.16,39858.39,2019,8,4,23,34,3,0,8485,0.3011860238208317,0.13774866471024041,0.3943460837229,0.16671922774602788,3.1700000000000004,6.34,5.42,7.13
2019-08-24,701,1949,5633,1306,2222.17,12356.66,30530.86,9311.78,54421.47,2019,8,5,24,34,3,1,9589,0.04083259786992156,0.22705487374743827,0.5610076317306386,0.17110489665200151,3.17,6.34,5.42,7.130000000000001
2019-08-25,6508,3249,2343,1722,20630.36,20598.66,12699.06,12277.86,66205.94,2019,8,6,25,34,3,1,13822,0.31160889793272323,0.3111300889315974,0.1918114900264236,0.18544952310925575,3.17,6.34,5.42,7.130000000000001
2019-08-26,2431,3757,3236,1720,7706.27,23819.38,17539.12,12263.6,61328.37,2019,8,0,26,35,3,0,11144,0.12565587508684806,0.3883908866320758,0.2859870562351486,0.19996618204592753,3.1700000000000004,6.34,5.42,7.13
2019-08-27,5741,1351,3802,1466,18198.97,8565.34,20606.84,10452.58,57823.73,2019,8,1,27,35,3,0,12360,0.3147318583564222,0.14812845867950752,0.3563734127839902,0.18076627018008004,3.1700000000000004,6.34,5.42,7.13
2019-08-28,2685,291,3208,695,8511.45,1844.94,17387.36,4955.35,32699.1,2019,8,2,28,35,3,0,6879,0.26029615494004427,0.056421736378065454,0.5317381823964574,0.15154392628543295,3.1700000000000004,6.34,5.42,7.130000000000001
2019-08-29,3106,2702,3765,1245,9846.02,17130.68,20406.3,8876.85,56259.85,2019,8,3,29,35,3,0,10818,0.1750097094108854,0.30449210227186885,0.3627151512135208,0.15778303710372496,3.17,6.34,5.42,7.13
2019-08-31,1419,3917,2267,1731,4498.23,24833.78,12287.14,12342.03,53961.17999999999,2019,8,5,31,35,3,1,9334,0.08336048248018298,0.46021565873837456,0.22770332301851073,0.22872053576293183,3.1699999999999995,6.34,5.42,7.130000000000001
2019-09-01,1090,804,2065,1036,3455.3,5097.36,11192.3,7386.68,27131.64,2019,9,6,1,35,3,1,4995,0.12735315668348837,0.18787511554775163,0.41251837338251574,0.27225335438624426,3.1700000000000004,6.34,5.42,7.13
2019-09-02,7202,2255,1342,1471,22830.34,14296.7,7273.64,10488.23,54888.91,2019,9,0,2,36,3,0,12270,0.4159372084452032,0.2604660941527168,0.1325156575344637,0.19108103986761624,3.17,6.340000000000001,5.42,7.13
2019-09-03,1066,524,1011,703,3379.22,3322.16,5479.62,5012.39,17193.39,2019,9,1,3,36,3,0,3304,0.1965418105446337,0.193223093293411,0.31870503722651555,0.29153005893543976,3.17,6.34,5.42,7.130000000000001
2019-09-04,2247,2171,5977,823,7122.99,13764.14,32395.34,5867.99,59150.46,2019,9,2,4,36,3,0,11218,0.12042154870815881,0.23269709145119075,0.5476768904248589,0.09920446941579153,3.17,6.34,5.42,7.13
2019-09-05,7132,2597,3628,843,22608.44,16464.98,19663.76,6010.59,64747.76999999999,2019,9,3,5,36,3,0,14200,0.34917712223911346,0.25429416333566396,0.3036978725290462,0.09283084189617652,3.17,6.34,5.42,7.13
2019-09-06,5763,3756,2818,463,18268.71,23813.04,15273.56,3301.19,60656.5,2019,9,4,6,36,3,0,12800,0.3011830554021416,0.3925884282805635,0.2518041759745452,0.05442434034274975,3.17,6.34,5.42,7.13
2019-09-07,255,3954,1421,1898,808.35,25068.36,7701.82,13532.74,47111.27,2019,9,5,7,36,3,1,7528,0.0171583147726648,0.5321096204793461,0.16348147693747164,0.28725058781051754,3.17,6.34,5.42,7.13
2019-09-08,1187,2152,519,779,3762.79,13643.68,2812.98,5554.27,25773.72,2019,9,6,8,36,3,1,4637,0.14599328308059525,0.5293640188533126,0.10914140450039808,0.21550129356569406,3.17,6.34,5.42,7.130000000000001
2019-09-09,5432,2173,5482,706,17219.44,13776.82,29712.44,5033.78,65742.48,2019,9,0,9,37,3,0,13793,0.2619225803468321,0.20955735165451625,0.45195191906359483,0.07656814893505691,3.17,6.34,5.42,7.13
2019-09-10,2530,3245,2393,922,8020.1,20573.3,12970.06,6573.86,48137.32,2019,9,1,10,37,3,0,9090,0.1666087767245871,0.4273877315978538,0.2694387639361726,0.1365647277413865,3.17,6.34,5.42,7.13
2019-09-11,3911,3340,5092,1337,12397.87,21175.6,27598.64,9532.81,70704.92,2019,9,2,11,37,3,0,13680,0.17534663782944668,0.29949259542334533,0.39033549574767923,0.13482527099952873,3.1700000000000004,6.34,5.42,7.13
2019-09-12,1846,3260,1063,1375,5851.82,20668.4,5761.46,9803.75,42085.43,2019,9,3,12,37,3,0,7544,0.1390462209843169,0.49110582926205104,0.13689915963790794,0.23294879011572414,3.17,6.340000000000001,5.42,7.13
2019-09-13,1917,790,2725,1415,6076.89,5008.6,14769.5,10088.95,35943.94,2019,9,4,13,37,3,0,6847,0.1690657729786996,0.139344768547911,0.4109037573510305,0.28068570112235885,3.1700000000000004,6.340000000000001,5.42,7.130000000000001
2019-09-14,3705,2035,5261,1997,11744.85,12901.9,28514.62,14238.61,67399.98,2019,9,5,14,37,3,1,12998,0.17425598642610876,0.19142290546673754,0.42306570417379946,0.2112554039333543,3.17,6.34,5.42,7.13
2019-09-15,2269,3872,4337,674,7192.73,24548.48,23506.54,4805.62,60053.37,2019,9,6,15,37,3,1,11152,0.11977229587615149,0.40877772554645975,0.3914274919126104,0.08002248666477835,3.17,6.34,5.42,7.13
2019-09-16,6818,536,4153,673,21613.06,3398.24,22509.26,4798.49,52319.05,2019,9,0,16,38,3,0,12180,0.41310115531532016,0.0649522497063689,0.4302306712373408,0.09171592374097005,3.1700000000000004,6.34,5.42,7.13
2019-09-17,457,2424,3137,1321,1448.69,15368.16,17002.54,9418.73,43238.12,2019,9,1,17,38,3,0,7339,0.03350492574607777,0.35543080966517504,0.3932303254628092,0.21783393912593793,3.17,6.34,5.42,7.13
2019-09-18,6634,1125,3319,1756,21029.78,7132.5,17988.98,12520.28,58671.53999999999,2019,9,2,18,38,3,0,12834,0.358432384764402,0.12156660622850535,0.3066048717998539,0.21339613720723885,3.17,6.34,5.42,7.130000000000001
2019-09-19,2849,281,2374,1688,9031.33,1781.54,12867.08,12035.44,35715.39,2019,9,3,19,38,3,0,7192,0.2528694212774941,0.0498815776616187,0.3602671005412513,0.33698190051963595,3.17,6.34,5.42,7.13
2019-09-20,1068,1284,5882,795,3385.56,8140.56,31880.44,5668.35,49074.91,2019,9,4,20,38,3,0,9029,0.06898759467923629,0.16588028383546705,0.6496280889766277,0.11550403250866889,3.17,6.340000000000001,5.42,7.130000000000001
2019-09-21,2386,1514,1486,363,7563.62,9598.76,8054.12,2588.19,27804.69,2019,9,5,21,38,3,1,5749,0.2720267695845557,0.3452208961869383,0.28966767836649143,0.09308465586201466,3.17,6.34,5.42,7.13
2019-09-22,1932,2730,4734,1729,6124.44,17308.2,25658.28,12327.77,61418.69,2019,9,6,22,38,3,1,11125,0.09971622644507722,0.28180672691000086,0.4177601313215895,0.20071691532333236,3.17,6.34,5.42,7.13
2019-09-23,4302,3983,3498,1944,13637.34,25252.22,18959.16,13860.72,71709.44,2019,9,0,23,39,3,0,13727,0.19017496162290487,0.352146384074398,0.26438862163754173,0.19329003266515538,3.17,6.34,5.42,7.13
2019-09-24,3833,2579,3320,760,12150.61,16350.86,17994.4,5418.8,51914.670000000006,2019,9,1,24,39,3,0,10492,0.2340496433859639,0.3149564468001048,0.3466149356241694,0.10437897418976178,3.1700000000000004,6.34,5.420000000000001,7.13
2019-09-25,5031,2728,2390,874,15948.27,17295.52,12953.8,6231.62,52429.21,2019,9,2,25,39,3,0,11023,0.3041867310226494,0.32988328452784244,0.24707219506073044,0.11885778938877774,3.17,6.34,5.42,7.13
2019-09-26,3360,1148,2954,1154,10651.2,7278.32,16010.68,8228.02,42168.22,2019,9,3,26,39,3,0,8616,0.2525883236238096,0.17260202114293655,0.37968593409918655,0.1951237211340673,3.1700000000000004,6.34,5.42,7.130000000000001
2019-09-27,5544,683,5361,577,17574.48,4330.22,29056.62,4114.01,55075.33,2019,9,4,27,39,3,0,12165,0.3190989504738328,0.07862358700347324,0.5275795896275156,0.07469787289517829,3.17,6.340000000000001,5.42,7.130000000000001
2019-09-28,6375,3908,3885,1755,20208.75,24776.72,21056.7,12513.15,78555.31999999999,2019,9,5,28,39,3,1,15923,0.2572550146826466,0.3154047364328731,0.2680493186203048,0.15929093026417562,3.17,6.34,5.42,7.13
2019-09-29,4633,1834,5774,1944,14686.61,11627.56,31295.08,13860.72,71469.97,2019,9,6,29,39,3,1,14185,0.2054934401119799,0.16269154723305465,0.43787733505414933,0.1939376776008161,3.17,6.34,5.42,7.13
2019-09-30,1395,1007,5144,1976,4422.15,6384.38,27880.48,14088.88,52775.88999999999,2019,9,0,30,40,3,0,9522,0.08379110233858682,0.12097152696051172,0.528280622079514,0.2669567486213876,3.17,6.34,5.42,7.13
2019-10-01,2116,3483,314,408,6707.72,22082.22,1701.88,2909.04,33400.86,2019,10,1,1,40,4,0,6321,0.2008247691825899,0.6611272883392824,0.050953179049880754,0.08709476342824705,3.17,6.340000000000001,5.42,7.13
2019-10-02,1098,643,4634,1288,3480.66,4076.62,25116.28,9183.44,41857.0,2019,10,2,2,40,4,0,7663,0.08315598346752036,0.09739398427980983,0.6000496930023652,0.2194003392503046,3.17,6.34,5.42,7.130000000000001
2019-10-03,5176,3287,5656,1821,16407.92,20839.58,30655.52,12983.73,80886.75,2019,10,3,3,40,4,0,15940,0.2028505286712595,0.2576389828989297,0.3789930983751974,0.16051739005461338,3.1699999999999995,6.340000000000001,5.42,7.13
2019-10-04,1141,3761,5317,1598,3616.97,23844.74,28818.14,11393.74,67673.59000000001,2019,10,4,4,40,4,0,11817,0.05344729014671749,0.35234926948607276,0.4258402724016857,0.1683631679655239,3.17,6.340000000000001,5.42,7.13
2019-10-05,7076,1819,2082,1251,22430.92,11532.46,11284.44,8919.63,54167.45,2019,10,5,5,40,4,1,12228,0.41410330373683824,0.21290387492857796,0.2083251103753269,0.1646677109592569,3.17,6.34,5.42,7.129999999999999
2019-10-06,4389,1355,4194,932,13913.13,8590.7,22731.48,6645.16,51880.47,2019,10,6,6,40,4,1,10870,0.2681766375670845,0.16558639503458625,0.43815100364356757,0.12808596375476167,3.17,6.340000000000001,5.42,7.13
2019-10-07,410,1492,978,847,1299.7,9459.28,5300.76,6039.11,22098.85,2019,10,0,7,41,4,0,3727,0.05881301515689731,0.4280439932394673,0.23986587537360543,0.2732771162300301,3.17,6.340000000000001,5.42,7.13
2019-10-08,4717,2939,5388,1170,14952.89,18633.26,29202.96,8342.1,71131.20999999999,2019,10,1,8,41,4,0,14214,0.21021560015638707,0.26195617929176235,0.4105505867255738,0.11727763382627684,3.17,6.34,5.42,7.13
2019-10-09,6087,3306,1730,928,19295.79,20960.04,9376.6,6616.64,56249.07,2019,10,2,9,41,4,0,12051,0.3430419382933798,0.37262909413435635,0.1666978671825152,0.11763110038974867,3.17,6.34,5.42,7.130000000000001
2019-10-10,6507,1283,2320,572,20627.19,8134.22,12574.4,4078.36,45414.17,2019,10,3,10,41,4,0,10682,0.45420162913909906,0.17911193797002126,0.2768827438660665,0.08980368902481319,3.17,6.34,5.42,7.13
2019-10-11,6211,1507,4339,1776,19688.87,9554.38,23517.38,12662.88,65423.51,2019,10,4,11,41,4,0,13833,0.30094487440371204,0.14603893921313604,0.35946374628936906,0.19355244009378278,3.17,6.34,5.42,7.13
2019-10-12,7848,3642,829,1945,24878.16,23090.28,4493.18,13867.85,66329.47,2019,10,5,12,41,4,1,14264,0.37506948268997176,0.3481149480012429,0.06774032718790005,0.20907524212088532,3.17,6.34,5.42,7.13
2019-10-13,4063,1986,5245,1241,12879.71,12591.24,28427.9,8848.33,62747.18,2019,10,6,13,41,4,1,12535,0.20526356722326006,0.20066622914368423,0.4530546233312796,0.1410155803017761,3.17,6.34,5.42,7.13
2019-10-14,7333,1351,2051,890,23245.61,8565.34,11116.42,6345.7,49273.07,2019,10,0,14,42,4,0,11625,0.4717710911863215,0.17383410451185607,0.2256084307310261,0.12878637357079636,3.17,6.34,5.42,7.13
2019-10-15,4620,549,5736,1370,14645.4,3480.66,31089.12,9768.1,58983.27999999999,2019,10,1,15,42,4,0,12275,0.24829748362586823,0.059010960394199855,0.5270836074223069,0.16560794855762517,3.17,6.34,5.42,7.13
2019-10-16,508,2805,3639,1369,1610.36,17783.7,19723.38,9760.97,48878.41,2019,10,2,16,42,4,0,8321,0.032946243545974585,0.3638354848285777,0.40351926341302835,0.19969900821241932,3.17,6.34,5.42,7.13
2019-10-17,4983,3290,959,1665,15796.11,20858.6,5197.78,11871.45,53723.94,2019,10,3,17,42,4,0,10897,0.29402366989465034,0.38825521732024865,0.0967497916198998,0.2209713211652012,3.17,6.34,5.42,7.130000000000001
2019-10-18,2032,3376,5671,515,6441.44,21403.84,30736.82,3671.95,62254.05,2019,10,4,18,42,4,0,11594,0.1034702159939795,0.3438144184996799,0.4937320543803977,0.0589833111259428,3.17,6.34,5.42,7.13
2019-10-19,5900,2477,895,910,18703.0,15704.18,4850.9,6488.3,45746.380000000005,2019,10,5,19,42,4,1,10182,0.40884109300014554,0.3432879279191053,0.10603899150052964,0.14183198758021945,3.17,6.34,5.42,7.13
2019-10-20,6176,550,2104,989,19577.92,3487.0,11403.68,7051.57,41520.17,2019,10,6,20,42,4,1,9819,0.4715279344954512,0.0839832784885033,0.27465398142637665,0.16983480558966882,3.17,6.34,5.42,7.13
2019-10-21,6689,562,2571,1134,21204.13,3563.08,13934.82,8085.42,46787.45,2019,10,0,21,43,4,0,10956,0.4532012323817605,0.07615460983661217,0.29783243156017264,0.1728117262214547,3.1700000000000004,6.34,5.42,7.13
2019-10-22,3827,1284,4629,1949,12131.59,8140.56,25089.18,13896.37,59257.7,2019,10,1,22,43,4,0,11689,0.2047259681020357,0.13737556469454604,0.42339105297708146,0.23450741422633686,3.17,6.340000000000001,5.42,7.130000000000001
2019-10-23,5271,1600,1246,1247,16709.07,10144.0,6753.32,8891.11,42497.5,2019,10,2,23,43,4,0,9364,0.3931777163362551,0.23869639390552386,0.1589109947643979,0.20921489499382318,3.17,6.34,5.42,7.130000000000001
2019-10-24,1438,2008,3850,1296,4558.46,12730.72,20867.0,9240.48,47396.66,2019,10,3,24,43,4,0,8592,0.09617681921046757,0.2685995173499567,0.44026309026838595,0.19496057317118967,3.17,6.34,5.42,7.13
2019-10-25,697,3471,3092,1443,2209.49,22006.14,16758.64,10288.59,51262.86,2019,10,4,25,43,4,0,8703,0.04310118475637137,0.4292803795964564,0.32691582170795774,0.20070261393921449,3.1699999999999995,6.34,5.42,7.13
2019-10-26,1249,2174,968,1233,3959.33,13783.16,5246.56,8791.29,31780.34,2019,10,5,26,43,4,1,5624,0.12458425554918544,0.43370083517042296,0.1650882275016567,0.27662668177873495,3.17,6.34,5.420000000000001,7.130000000000001
2019-10-27,2472,1498,4490,793,7836.24,9497.32,24335.8,5654.09,47323.45,2019,10,6,27,43,4,1,9253,0.16558894163464413,0.20068951016884864,0.5142439953131059,0.11947755288340137,3.17,6.34,5.42,7.13
2019-10-28,7670,1811,4128,1290,24313.9,11481.74,22373.76,9197.7,67367.09999999999,2019,10,0,28,44,4,0,14899,0.3609165304725898,0.17043542025706912,0.3321170126070441,0.1365310366632971,3.1700000000000004,6.34,5.42,7.130000000000001
2019-10-29,7164,926,3622,1200,22709.88,5870.84,19631.24,8556.0,56767.96000000001,2019,10,1,29,44,4,0,12912,0.40004749157799574,0.1034181957569023,0.3458154916963724,0.15071882096872952,3.17,6.34,5.420000000000001,7.13
2019-10-30,1195,1124,2487,673,3788.15,7126.16,13479.54,4798.49,29192.34,2019,10,2,30,44,4,0,5479,0.1297652055299438,0.24411061257850517,0.4617492122933619,0.16437496959818912,3.17,6.34,5.42,7.13
2019-11-01,3147,354,3794,373,9975.99,2244.36,20563.48,2659.49,35443.32,2019,11,4,1,44,4,0,7668,0.2814631925000254,0.0633225104194528,0.580179283430559,0.0750350136499628,3.17,6.340000000000001,5.42,7.129999999999999
2019-11-02,1742,3815,1543,1939,5522.14,24187.1,8363.06,13825.07,51897.37,2019,11,5,2,44,4,1,9039,0.10640500665062604,0.4660563724134768,0.1611461235896925,0.2663924973462046,3.1700000000000004,6.34,5.42,7.13
2019-11-03,3680,1810,956,1908,11665.6,11475.4,5181.52,13604.04,41926.56,2019,11,6,3,44,4,1,8354,0.27823890154594133,0.2737023977163879,0.1235856220973054,0.32447307864036545,3.17,6.34,5.420000000000001,7.130000000000001
2019-11-04,5459,3566,1918,1128,17305.03,22608.44,10395.56,8042.64,58351.67,2019,11,0,4,45,4,0,12071,0.29656443423127393,0.3874514645424887,0.1781535986887779,0.13783050253745951,3.17,6.34,5.42,7.13
2019-11-05,4228,1192,721,1339,13402.76,7557.28,3907.82,9547.07,34414.93,2019,11,1,5,45,4,0,7480,0.3894460921466352,0.21959306614890686,0.11355013652504888,0.277410705179409,3.17,6.34,5.42,7.13
2019-11-06,4999,2043,2293,1023,15846.83,12952.62,12428.06,7293.99,48521.5,2019,11,2,6,45,4,0,10358,0.32659398411013674,0.26694599301340644,0.2561351153612316,0.1503249075152252,3.17,6.340000000000001,5.42,7.13
2019-11-07,3611,3943,5419,1808,11446.87,24998.62,29370.98,12891.04,78707.51000000001,2019,11,3,7,45,4,0,14781,0.14543554992401614,0.31761416413757715,0.3731661692766039,0.16378411666180265,3.1700000000000004,6.34,5.42,7.130000000000001
2019-11-08,1918,3539,1269,319,6080.06,22437.26,6877.98,2274.47,37669.77,2019,11,4,8,45,4,0,7045,0.1614042241298527,0.5956303954072456,0.18258619577448973,0.060379184688411955,3.1700000000000004,6.34,5.42,7.129999999999999
2019-11-09,4386,2125,721,1583,13903.62,13472.5,3907.82,11286.79,42570.73,2019,11,5,9,45,4,1,8815,0.3266004599874139,0.3164733139412925,0.09179593584606137,0.2651302902252322,3.1700000000000004,6.34,5.42,7.130000000000001
2019-11-10,7790,460,850,1338,24694.3,2916.4,4607.0,9539.94,41757.64,2019,11,6,10,45,4,1,10438,0.5913720219820852,0.06984111171033612,0.11032711618760065,0.22845975011997807,3.17,6.34,5.42,7.130000000000001
2019-11-11,427,2807,4269,1887,1353.59,17796.38,23137.98,13454.31,55742.26,2019,11,0,11,46,4,0,9390,0.024283012565331937,0.3192619029081347,0.41508865984264004,0.24136642468389333,3.17,6.340000000000001,5.42,7.13
2019-11-12,4515,3173,3931,1486,14312.55,20116.82,21306.02,10595.18,66330.57,2019,11,1,12,46,4,0,13105,0.21577607428972792,0.30328127739592764,0.3212096624527725,0.1597329858615718,3.17,6.34,5.42,7.13
2019-11-13,5929,3445,275,1837,18794.93,21841.3,1490.5,13097.81,55224.53999999999,2019,11,2,13,46,4,0,11486,0.34033656052182604,0.3954998991390422,0.026989812862180475,0.2371737274769514,3.17,6.34,5.42,7.13
2019-11-14,5420,2971,4077,1160,17181.4,18836.14,22097.34,8270.8,66385.68000000001,2019,11,3,14,46,4,0,13628,0.25881184014383823,0.28373799891783885,0.3328630511881478,0.124587109750175,3.1700000000000004,6.34,5.42,7.129999999999999
2019-11-15,4808,2003,5447,1919,15241.36,12699.02,29522.74,13682.47,71145.59,2019,11,4,15,46,4,0,14177,0.2142277546647656,0.17849342453973607,0.4149623328726349,0.19231648792286352,3.17,6.34,5.42,7.13
2019-11-16,4408,2280,601,258,13973.36,14455.2,3257.42,1839.54,33525.520000000004,2019,11,5,16,46,4,1,7547,0.41679771111678504,0.43117004598288106,0.09716240046388541,0.05486984243644841,3.17,6.340000000000001,5.42,7.13
2019-11-17,2170,3645,1871,1544,6878.9,23109.3,10140.82,11008.72,51137.74,2019,11,6,17,46,4,1,9230,0.13451709050888835,0.45190303677870786,0.19830403142571415,0.21527584128668964,3.17,6.34,5.42,7.13
2019-11-18,7059,3917,1865,1911,22377.03,24833.78,10108.3,13625.43,70944.54000000001,2019,11,0,18,47,4,0,14752,0.31541581635457777,0.35004497879611307,0.14248171881867158,0.19205748603063744,3.17,6.34,5.42,7.13
2019-11-19,1071,975,4891,1348,3395.07,6181.5,26509.22,9611.24,45697.03,2019,11,1,19,47,4,0,8285,0.07429520036641331,0.1352713732161587,0.5801081602020963,0.2103252662153317,3.1700000000000004,6.34,5.42,7.13
2019-11-20,6707,706,3463,823,21261.19,4476.04,18769.46,5867.99,50374.68,2019,11,2,20,47,4,0,11699,0.42206104336543676,0.08885495649798669,0.3725971063240501,0.11648689381252644,3.17,6.34,5.42,7.13
2019-11-21,3379,3278,2758,1730,10711.43,20782.52,14948.36,12334.9,58777.21,2019,11,3,21,47,4,0,11145,0.18223780951834903,0.3535812604919492,0.25432238107252797,0.20985854891717384,3.17,6.34,5.42,7.13
2019-11-22,4018,3694,928,1987,12737.06,23419.96,5029.76,14167.31,55354.09,2019,11,4,22,47,4,0,10627,0.23010151553390185,0.423093578089713,0.09086519171392757,0.25593971466245763,3.17,6.34,5.42,7.13
2019-11-23,1785,853,5776,689,5658.45,5408.02,31305.92,4912.57,47284.96,2019,11,5,23,47,4,1,9103,0.11966701462790705,0.11437082742588765,0.6620692922231508,0.10389286572305444,3.17,6.340000000000001,5.42,7.13
2019-11-24,7114,1300,5349,1763,22551.38,8242.0,28991.58,12570.19,72355.15000000001,2019,11,6,24,47,4,1,15526,0.31167622484370494,0.11391034363137938,0.4006844018704957,0.1737290296544199,3.17,6.34,5.42,7.13
2019-11-25,2191,1308,296,1084,6945.47,8292.72,1604.32,7728.92,24571.43,2019,11,0,25,48,4,0,4879,0.2826644603102058,0.33749439898288375,0.06529208922720411,0.3145490514797063,3.17,6.34,5.42,7.13
2019-11-26,3234,2858,3829,1399,10251.78,18119.72,20753.18,9974.87,59099.55,2019,11,1,26,48,4,0,11320,0.1734662954286454,0.3065965815306546,0.3511563116808842,0.16878081135981576,3.1700000000000004,6.340000000000001,5.42,7.130000000000001
2019-11-27,3747,3809,3543,866,11877.99,24149.06,19203.06,6174.58,61404.69,2019,11,2,27,48,4,0,11965,0.19343783023739716,0.39327712590031805,0.3127295325487353,0.10055551131354949,3.17,6.340000000000001,5.42,7.13
2019-11-28,1083,1358,2496,1976,3433.11,8609.72,13528.32,14088.88,39660.03,2019,11,3,28,48,4,0,6913,0.08656347461159258,0.2170880859142063,0.3411071549870235,0.3552412844871776,3.17,6.34,5.42,7.13
2019-11-29,6734,2740,4734,402,21346.78,17371.6,25658.28,2866.26,67242.92,2019,11,4,29,48,4,0,14610,0.3174576594829612,0.2583409524749966,0.38157593394219047,0.0426254540998517,3.17,6.34,5.42,7.130000000000001
2019-11-30,2581,1973,4569,762,8181.77,12508.82,24763.98,5433.06,50887.63,2019,11,5,30,48,4,1,9885,0.1607811171398629,0.2458125874598601,0.4866404664552073,0.10676582894506977,3.1700000000000004,6.34,5.42,7.130000000000001
2019-12-01,5301,2006,2964,909,16804.17,12718.04,16064.88,6481.17,52068.26,2019,12,6,1,48,4,1,11180,0.32273346564682587,0.24425705794662622,0.30853498849395,0.12447448791259781,3.1699999999999995,6.340000000000001,5.42,7.13
2019-12-02,2243,2171,1062,549,7110.31,13764.14,5756.04,3914.37,30544.86,2019,12,0,2,49,4,0,6025,0.23278253689818845,0.4506204971965823,0.1884454536704375,0.1281515122347917,3.1700000000000004,6.34,5.42,7.13
2019-12-03,3294,252,5139,498,10441.98,1597.68,27853.38,3550.74,43443.78,2019,12,1,3,49,4,0,9183,0.24035615685375444,0.03677580542024658,0.6411361994743552,0.08173183825164385,3.17,6.34,5.42,7.13
2019-12-04,3440,1689,5387,1840,10904.8,10708.26,29197.54,13119.2,63929.8,2019,12,2,4,49,4,0,12356,0.1705745990132927,0.1675002893799136,0.45671251904432675,0.20521259256246696,3.17,6.34,5.42,7.130000000000001
2019-12-05,6473,3932,4552,711,20519.41,24928.88,24671.84,5069.43,75189.56,2019,12,3,5,49,4,0,15668,0.2729023816604326,0.3315470924420891,0.3281285327377897,0.06742199315968866,3.17,6.34,5.42,7.130000000000001
2019-12-06,2084,2593,4904,635,6606.28,16439.62,26579.68,4527.55,54153.130000000005,2019,12,4,6,49,4,0,10216,0.12199257919163674,0.30357654303638587,0.49082444541986764,0.08360643235210966,3.17,6.34,5.42,7.13
2019-12-07,3537,3956,1734,1507,11212.29,25081.04,9398.28,10744.91,56436.52,2019,12,5,7,49,4,1,10734,0.19867082520325494,0.44441152643713683,0.1665283401598823,0.190389308199726,3.1700000000000004,6.34,5.420000000000001,7.13
2019-12-08,5910,1224,5705,1473,18734.7,7760.16,30921.1,10502.49,67918.45,2019,12,6,8,49,4,1,14312,0.27584110061404526,0.11425702441678219,0.4552680457224804,0.15463382924669217,3.17,6.34,5.42,7.13
2019-12-09,7202,2162,2483,825,22830.34,13707.08,13457.86,5882.25,55877.53,2019,12,0,9,50,4,0,12672,0.40857818876389135,0.24530576065191143,0.2408456494050471,0.1052704011791502,3.17,6.34,5.42,7.13
2019-12-10,6606,2073,768,357,20941.02,13142.82,4162.56,2545.41,40791.81,2019,12,1,10,50,4,0,9804,0.5133633442595462,0.3221926166061276,0.10204401324677675,0.06240002588754948,3.17,6.34,5.420000000000001,7.13
2019-12-11,1907,1854,5297,1300,6045.19,11754.36,28709.74,9269.0,55778.29,2019,12,2,11,50,4,0,10358,0.10837890512599077,0.21073360262568108,0.5147117274480806,0.16617576480024754,3.17,6.340000000000001,5.42,7.13
2019-12-12,3805,2837,2725,1202,12061.85,17986.58,14769.5,8570.26,53388.19,2019,12,3,12,50,4,0,10569,0.22592730714414555,0.33690185039050774,0.27664357978796433,0.1605272626773824,3.17,6.340000000000001,5.42,7.13
2019-12-13,5068,543,995,1467,16065.56,3442.62,5392.9,10459.71,35360.79,2019,12,4,13,50,4,0,8073,0.45433260965040656,0.09735698778222997,0.1525107329332857,0.2957996696340777,3.17,6.34,5.42,7.129999999999999
2019-12-14,7709,1270,3467,1942,24437.53,8051.8,18791.14,13846.46,65126.93,2019,12,5,14,50,4,1,14388,0.37522926383909083,0.12363242056703733,0.2885310270267614,0.2126072885671104,3.17,6.34,5.42,7.13
2019-12-15,3220,3652,4613,1206,10207.4,23153.68,25002.46,8598.78,66962.32,2019,12,6,15,50,4,1,12691,0.15243498134473235,0.34577177134842396,0.373381029809003,0.12841221749784057,3.17,6.34,5.42,7.130000000000001
2019-12-16,7075,1340,3841,1435,22427.75,8495.6,20818.22,10231.55,61973.12,2019,12,0,16,51,4,0,13691,0.36189480213357017,0.13708523953610857,0.3359233809754939,0.16509657735482736,3.17,6.34,5.42,7.13
2019-12-17,1620,2963,3120,1452,5135.4,18785.42,16910.4,10352.76,51183.98,2019,12,1,17,51,4,0,9155,0.10033217424670765,0.3670175707320923,0.33038462425157245,0.20226563076962753,3.17,6.339999999999999,5.420000000000001,7.13
2019-12-18,1134,934,1262,754,3594.78,5921.56,6840.04,5376.02,21732.4,2019,12,2,18,51,4,0,4084,0.1654110912738584,0.27247611860632054,0.3147392832821041,0.24737350683771697,3.1700000000000004,6.340000000000001,5.42,7.130000000000001
2019-12-19,6986,412,5179,871,22145.62,2612.08,28070.18,6210.23,59038.11,2019,12,3,19,51,4,0,13448,0.37510719770670164,0.044243963771875484,0.47545864865931514,0.10519018986210771,3.17,6.34,5.42,7.13
2019-12-20,7652,1485,2661,899,24256.84,9414.9,14422.62,6409.87,54504.23,2019,12,4,20,51,4,0,12697,0.4450450909956897,0.17273705178478807,0.26461469137349525,0.117603165846027,3.17,6.34,5.42,7.13
2019-12-21,5308,3408,2721,1262,16826.36,21606.72,14747.82,8998.06,62178.96,2019,12,5,21,51,4,1,12699,0.2706117953725826,0.34749246368868186,0.23718344597593785,0.1447122949627977,3.17,6.340000000000001,5.42,7.13
2019-12-22,2579,874,1721,1430,8175.43,5541.16,9327.82,10195.9,33240.31,2019,12,6,22,51,4,1,6604,0.2459492706295459,0.16670000971711757,0.28061771987084355,0.306732999782493,3.17,6.34,5.42,7.13
2019-12-23,643,3448,5912,1991,2038.31,21860.32,32043.04,14195.83,70137.5,2019,12,0,23,52,4,0,11994,0.02906162894314739,0.31167806095170203,0.4568603101051506,0.2024,3.17,6.34,5.42,7.13
2019-12-24,6087,3459,681,1568,19295.79,21930.06,3691.02,11179.84,56096.71000000001,2019,12,1,24,52,4,0,11795,0.3439736483654745,0.3909330868066951,0.0657974415968423,0.19929582323098805,3.17,6.340000000000001,5.42,7.13
2019-12-25,4155,972,2188,308,13171.35,6162.48,11858.96,2196.04,33388.83,2019,12,2,25,52,4,0,7623,0.3944837240478328,0.18456711421154917,0.35517746503845743,0.06577169670216057,3.17,6.34,5.42,7.13
2019-12-26,3504,1416,316,404,11107.68,8977.44,1712.72,2880.52,24678.360000000004,2019,12,3,26,52,4,0,5640,0.4500979805789363,0.3637778199199622,0.06940169443998709,0.11672250506111426,3.17,6.340000000000001,5.42,7.13
2019-12-27,5463,2579,1087,1728,17317.71,16350.86,5891.54,12320.64,51880.75,2019,12,4,27,52,4,0,10857,0.3337983741561176,0.31516236754480226,0.11355926812931579,0.23747999016976432,3.17,6.34,5.42,7.13
2019-12-28,1524,2475,815,882,4831.08,15691.5,4417.3,6288.66,31228.54,2019,12,5,28,52,4,1,5696,0.15470079613071888,0.5024730582985948,0.14145073705014707,0.2013754085205392,3.17,6.34,5.42,7.13
2019-12-29,1833,502,4087,1249,5810.61,3182.68,22151.54,8905.37,40050.2,2019,12,6,29,52,4,1,7671,0.1450831706208708,0.0794672685779347,0.5530943665699548,0.22235519423123984,3.17,6.34,5.42,7.130000000000001
2019-12-30,2749,3718,5518,854,8714.33,23572.12,29907.56,6089.02,68283.03,2019,12,0,30,1,4,0,12839,0.12762072801983157,0.3452119801947863,0.4379940374643598,0.08917325432102238,3.17,6.34,5.42,7.130000000000001
2020-01-01,2498,1079,2247,1529,7918.66,6840.86,12178.74,10901.77,37840.03,2020,1,2,1,1,1,0,7353,0.20926674741008397,0.1807836833110333,0.32184805350312884,0.2881015157757539,3.17,6.34,5.42,7.13
2020-01-02,2434,3491,5493,1418,7715.78,22132.94,29772.06,10110.34,69731.12,2020,1,3,2,1,1,0,12836,0.11065045276771691,0.31740405144790446,0.42695513853785805,0.14499035724652065,3.17,6.34,5.42,7.13
2020-01-03,5435,2164,3695,1589,17228.95,13719.76,20026.9,11329.57,62305.18,2020,1,4,3,1,1,0,12883,0.27652516211332673,0.22020255779696007,0.32143234318559066,0.18183993690412256,3.17,6.34,5.420000000000001,7.13
2020-01-04,4814,3877,3505,837,15260.38,24580.18,18997.1,5967.81,64805.47,2020,1,5,4,1,1,1,13033,0.23547981366387744,0.3792917480576871,0.29314037842793206,0.09208805985050336,3.17,6.34,5.42,7.130000000000001
2020-01-05,7001,1635,2654,404,22193.17,10365.9,14384.68,2880.52,49824.27,2020,1,6,5,1,1,1,11694,0.4454289044275009,0.20804920975259647,0.2887082941706923,0.057813591649210315,3.17,6.34,5.42,7.13
2020-01-06,1770,1713,1131,1013,5610.9,10860.42,6130.02,7222.69,29824.03,2020,1,0,6,2,1,0,5627,0.18813352856740018,0.3641499824135102,0.20553962693841177,0.2421768620806779,3.17,6.34,5.420000000000001,7.13
2020-01-07,2703,2244,5962,306,8568.51,14226.96,32314.04,2181.78,57291.29,2020,1,1,7,2,1,0,11215,0.1495604305645762,0.24832675263552276,0.5640305882447402,0.03808222855516083,3.17,6.34,5.42,7.130000000000001
2020-01-08,7443,1892,5944,1668,23594.31,11995.28,32216.48,11892.84,79698.91,2020,1,2,8,2,1,0,16947,0.296043070099704,0.15050745361511217,0.4042273601985272,0.14922211608665664,3.1700000000000004,6.340000000000001,5.42,7.13
2020-01-09,7778,2210,1810,1321,24656.26,14011.4,9810.2,9418.73,57896.59,2020,1,3,9,2,1,0,13119,0.4258672229228008,0.242007344474001,0.1694434853589823,0.16268194724421595,3.17,6.34,5.420000000000001,7.13
2020-01-10,3383,3487,4651,377,10724.11,22107.58,25208.42,2688.01,60728.12,2020,1,4,10,2,1,0,11898,0.1765921619177409,0.3640418969004804,0.4151029210191259,0.04426302016265282,3.1700000000000004,6.340000000000001,5.42,7.130000000000001
2020-01-11,2107,2175,5681,526,6679.19,13789.5,30791.02,3750.38,55010.09,2020,1,5,11,2,1,1,10489,0.12141754358155023,0.25067219486461484,0.5597340415185651,0.0681762200352699,3.17,6.34,5.42,7.13
2020-01-12,2895,1836,5545,1736,9177.15,11640.24,30053.9,12377.68,63248.97,2020,1,6,12,2,1,1,12012,0.14509564345474715,0.18403841200892282,0.4751682122254323,0.1956977323108977,3.17,6.34,5.42,7.13
2020-01-13,452,712,3102,1568,1432.84,4514.08,16812.84,11179.84,33939.600000000006,2020,1,0,13,3,1,0,5834,0.04221735082322713,0.13300333533689257,0.4953753137927376,0.32940400004714254,3.17,6.34,5.42,7.13
2020-01-14,3093,3147,3389,1937,9804.81,19951.98,18368.38,13810.81,61935.98,2020,1,1,14,3,1,0,11566,0.15830556003150348,0.3221387632842816,0.2965704264306466,0.22298525025356827,3.17,6.34,5.42,7.13
2020-01-15,6286,3640,3703,1148,19926.62,23077.6,20070.26,8185.24,71259.72,2020,1,2,15,3,1,0,14777,0.2796337117238181,0.32385196012558004,0.2816494367364901,0.11486489141411164,3.17,6.34,5.42,7.13
2020-01-16,1061,3803,4851,1657,3363.37,24111.02,26292.42,11814.41,65581.22,2020,1,3,16,3,1,0,11372,0.051285566203251476,0.36765128797542956,0.40091385918102773,0.18014928664029123,3.17,6.34,5.42,7.13
2020-01-17,6606,3959,5693,1732,20941.02,25100.06,30856.06,12349.16,89246.3,2020,1,4,17,3,1,0,17990,0.23464300480804245,0.2812448247154224,0.34574049568441495,0.13837167479212023,3.17,6.340000000000001,5.42,7.13
2020-01-18,3888,1576,893,949,12324.96,9991.84,4840.06,6766.37,33923.23,2020,1,5,18,3,1,1,7306,0.36331917685904314,0.29454270716556175,0.14267686184363929,0.19946125413175572,3.17,6.34,5.420000000000001,7.13
2020-01-19,704,2525,675,1524,2231.68,16008.5,3658.5,10866.12,32764.800000000003,2020,1,6,19,3,1,1,5428,0.0681121203242504,0.48858836312139853,0.11165946381482565,0.33164005273952535,3.17,6.34,5.42,7.130000000000001
2020-01-20,4506,2345,1354,1671,14284.02,14867.3,7338.68,11914.23,48404.23,2020,1,0,20,4,1,0,9876,0.29509858952409734,0.30714877604705204,0.1516123694148218,0.24614026501402872,3.17,6.34,5.42,7.13
2020-01-21,455,742,5525,1078,1442.35,4704.28,29945.5,7686.14,43778.27,2020,1,1,21,4,1,0,7800,0.032946710776830604,0.10745696437981675,0.6840265730007148,0.17556975184263793,3.17,6.34,5.42,7.13
2020-01-22,6780,2331,2966,709,21492.6,14778.54,16075.72,5055.17,57402.03,2020,1,2,22,4,1,0,12786,0.374422298305478,0.25745674848084643,0.28005490398161875,0.08806604923205678,3.17,6.340000000000001,5.42,7.13
2020-01-23,1953,1543,2207,557,6191.01,9782.62,11961.94,3971.41,31906.98,2020,1,3,23,4,1,0,6260,0.19403309244560282,0.3065981174025245,0.3749004136398995,0.12446837651197323,3.17,6.340000000000001,5.42,7.13
2020-01-24,1913,1001,589,1115,6064.21,6346.34,3192.38,7949.95,23552.88,2020,1,4,24,4,1,0,4618,0.25747212230521277,0.2694506998719477,0.1355409614450547,0.33753621637778475,3.17,6.34,5.42,7.13
2020-01-25,6606,3458,4380,1967,20941.02,21923.72,23739.6,14024.71,80629.04999999999,2020,1,5,25,4,1,1,16411,0.259720534968476,0.2719084498701151,0.2944298611976701,0.17394115396373888,3.17,6.340000000000001,5.42,7.13
2020-01-26,1093,1118,5493,1783,3464.81,7088.12,29772.06,12712.79,53037.780000000006,2020,1,6,26,4,1,1,9487,0.06532720638005587,0.13364284855059919,0.5613368432841646,0.2396931017851803,3.17,6.34,5.42,7.130000000000001
2020-01-27,1577,508,342,1614,4999.09,3220.72,1853.64,11507.82,21581.27,2020,1,0,27,5,1,0,4041,0.23164021394477713,0.14923681507158754,0.08589114542378647,0.5332318255598488,3.17,6.34,5.42,7.13
2020-01-28,1239,1393,5235,914,3927.63,8831.62,28373.7,6516.82,47649.77,2020,1,1,28,5,1,0,8781,0.08242705053980325,0.18534444132678923,0.5954635247977064,0.1367649833357013,3.17,6.340000000000001,5.42,7.13
2020-01-29,1121,2911,4972,1878,3553.57,18455.74,26948.24,13390.14,62347.69,2020,1,2,29,5,1,0,10882,0.05699601701362152,0.29601321235798794,0.4322251554147395,0.21476561521365103,3.17,6.340000000000001,5.42,7.13
2020-01-30,2832,674,889,942,8977.44,4273.16,4818.38,6716.46,24785.44,2020,1,3,30,5,1,0,5337,0.36220619847781604,0.1724060577500339,0.19440364988477107,0.27098409388737904,3.1700000000000004,6.34,5.42,7.13
2020-01-31,5632,3152,1933,1873,17853.44,19983.68,10476.86,13354.49,61668.47,2020,1,4,31,5,1,0,12590,0.28950677712613915,0.3240501993968717,0.1698900588907103,0.21655296458627885,3.17,6.34,5.42,7.13
2020-02-01,2619,382,5921,1634,8302.23,2421.88,32091.82,11650.42,54466.35,2020,2,5,1,5,1,1,10556,0.15242860959105942,0.044465619598155565,0.5892045271989036,0.21390124361188148,3.17,6.34,5.42,7.13
2020-02-02,6938,1372,4973,1472,21993.46,8698.48,26953.66,10495.36,68140.95999999999,2020,2,6,2,5,1,1,14755,0.32276416416792486,0.1276542038738521,0.39555738574860116,0.15402424620962196,3.17,6.34,5.42,7.130000000000001
2020-02-03,494,3290,1361,478,1565.98,20858.6,7376.62,3408.14,33209.34,2020,2,0,3,6,1,0,5623,0.047154806449029106,0.6280943854951649,0.2221248600544305,0.10262594800137552,3.17,6.34,5.42,7.13
2020-02-04,4816,979,4012,965,15266.72,6206.86,21745.04,6880.45,50099.06999999999,2020,2,1,4,6,1,0,10772,0.3047306067757346,0.12389172094412133,0.43404079157557224,0.13733688070457198,3.17,6.34,5.42,7.13
2020-02-05,3047,3854,635,1858,9658.99,24434.36,3441.7,13247.54,50782.59,2020,2,2,5,6,1,0,9394,0.19020278406438113,0.4811562387818345,0.06777322700555446,0.26086775014823,3.17,6.34,5.42,7.130000000000001
2020-02-06,3879,2828,3154,1004,12296.43,17929.52,17094.68,7158.52,54479.15000000001,2020,2,3,6,6,1,0,10865,0.22570891799890413,0.3291079247748909,0.3137838971423012,0.13139926008390365,3.17,6.34,5.42,7.130000000000001
2020-02-07,1895,331,5348,1283,6007.15,2098.54,28986.16,9147.79,46239.64,2020,2,4,7,6,1,0,8857,0.12991342493150898,0.04538400385470129,0.6268682022610903,0.19783436895269949,3.17,6.34,5.42,7.130000000000001
2020-02-08,6725,3720,5329,1780,21318.25,23584.8,28883.18,12691.4,86477.63,2020,2,5,8,6,1,1,17554,0.24651750978836953,0.27272717811531144,0.33399597098116585,0.14675934111515312,3.17,6.34,5.42,7.13
2020-02-09,5009,2752,3296,980,15878.53,17447.68,17864.32,6987.4,58177.93,2020,2,6,9,6,1,1,12037,0.2729304738068199,0.2999020418911433,0.3070635204793295,0.12010396382270733,3.17,6.34,5.42,7.13
2020-02-10,1723,3258,1305,480,5461.91,20655.72,7073.1,3422.4,36613.130000000005,2020,2,0,10,7,1,0,6766,0.14917899671511284,0.5641615453254064,0.19318479463514862,0.093474663324332,3.17,6.340000000000001,5.42,7.13
2020-02-11,1172,1773,1394,1411,3715.24,11240.82,7555.48,10060.43,32571.97,2020,2,1,11,7,1,0,5750,0.11406248992615428,0.3451071580871528,0.2319626353579473,0.3088677166287455,3.17,6.34,5.42,7.13
2020-02-12,756,434,3832,485,2396.52,2751.56,20769.44,3458.05,29375.57,2020,2,2,12,7,1,0,5507,0.08158207653502553,0.09366831009577005,0.7070310465465011,0.11771856682270336,3.17,6.34,5.42,7.130000000000001
2020-02-13,7929,2606,4751,604,25134.93,16522.04,25750.42,4306.52,71713.91,2020,2,3,13,7,1,0,15890,0.3504889079398962,0.2303882189661671,0.35907148278485995,0.06005139030907672,3.17,6.340000000000001,5.42,7.130000000000001
2020-02-14,619,1237,259,1688,1962.23,7842.58,1403.78,12035.44,23244.03,2020,2,4,14,7,1,0,3803,0.08441866578213847,0.33740190491924166,0.06039314180888598,0.517786287489734,3.17,6.34,5.42,7.13
2020-02-15,6967,886,5574,1924,22085.39,5617.24,30211.08,13718.12,71631.83,2020,2,5,15,7,1,1,15351,0.3083181038373583,0.0784182115687956,0.4217549656346906,0.19150871895915544,3.17,6.34,5.42,7.130000000000001
2020-02-16,3504,1709,4491,1251,11107.68,10835.06,24341.22,8919.63,55203.59,2020,2,6,16,7,1,1,10955,0.20121300082114227,0.19627455388318044,0.44093545365437287,0.16157699164130448,3.17,6.34,5.42,7.129999999999999
2020-02-17,5156,2546,1817,1564,16344.52,16141.64,9848.14,11151.32,53485.62,2020,2,0,17,8,1,0,11083,0.3055871839945017,0.301794014914663,0.1841268737279291,0.20849192736290612,3.17,6.34,5.42,7.13
2020-02-18,4117,2417,5422,1286,13050.89,15323.78,29387.24,9169.18,66931.09,2020,2,1,18,8,1,0,13242,0.1949899516054497,0.22894860968198788,0.43906710618338957,0.13699433252917292,3.17,6.34,5.42,7.13
2020-02-19,5746,2558,3745,396,18214.82,16217.72,20297.9,2823.48,57553.920000000006,2020,2,2,19,8,1,0,12445,0.316482700048928,0.28178306534116176,0.3526762382127924,0.04905799639711769,3.17,6.34,5.420000000000001,7.13
2020-02-20,1270,889,885,274,4025.9,5636.26,4796.7,1953.62,16412.48,2020,2,3,20,8,1,0,3318,0.24529504377156897,0.34341306128019655,0.29225930511415704,0.11903258983407748,3.17,6.34,5.42,7.13
2020-02-21,5674,3189,3908,790,17986.58,20218.26,21181.36,5632.7,65018.9,2020,2,4,21,8,1,0,13561,0.2766361780959075,0.31095973632282303,0.32577235234677915,0.08663173323449028,3.1700000000000004,6.34,5.42,7.13
2020-02-22,401,390,2803,1736,1271.17,2472.6,15192.26,12377.68,31313.71,2020,2,5,22,8,1,1,5330,0.040594678816403426,0.07896221814662012,0.48516320806445484,0.39527989497252164,3.1700000000000004,6.34,5.42,7.13
2020-02-23,6331,2827,3729,1512,20069.27,17923.18,20211.18,10780.56,68984.19,2020,2,6,23,8,1,1,14399,0.29092564542687244,0.2598157635829311,0.29298278344646794,0.1562758075437285,3.17,6.34,5.42,7.13
2020-02-24,1292,1671,509,1917,4095.64,10594.14,2758.78,13668.21,31116.77,2020,2,0,24,9,1,0,5389,0.13162163039415722,0.3404640006016048,0.08865894499975416,0.4392554240044837,3.17,6.34,5.420000000000001,7.13
2020-02-25,4015,3424,4469,1327,12727.55,21708.16,24221.98,9461.51,68119.2,2020,2,1,25,9,1,0,13235,0.1868423293285887,0.3186790214799939,0.35558227342658166,0.13889637576483577,3.17,6.34,5.42,7.13
2020-02-26,4900,357,3847,853,15533.0,2263.38,20850.74,6081.89,44729.01,2020,2,2,26,9,1,0,9957,0.3472690318878061,0.05060205893222318,0.4661569750817199,0.13597193409825079,3.17,6.340000000000001,5.420000000000001,7.130000000000001
2020-02-27,5431,1357,628,1174,17216.27,8603.38,3403.76,8370.62,37594.030000000006,2020,2,3,27,9,1,0,8590,0.4579522333732244,0.2288496338381386,0.09053990753319077,0.22265822525544612,3.17,6.339999999999999,5.42,7.130000000000001
2020-03-01,5057,483,4923,1214,16030.69,3062.22,26682.66,8655.82,54431.39,2020,3,6,1,9,1,1,11677,0.29451186162984266,0.05625834651659639,0.4902072131540275,0.15902257869953348,3.17,6.34,5.42,7.13
2020-03-02,5879,2713,4782,441,18636.43,17200.42,25918.44,3144.33,64899.62,2020,3,0,2,10,1,0,13815,0.2871577676417828,0.2650311357755253,0.3993619685292456,0.04844912805344623,3.17,6.339999999999999,5.42,7.13
2020-03-03,2149,2217,1400,1740,6812.33,14055.78,7588.0,12406.2,40862.31,2020,3,1,3,10,1,0,7506,0.1667142655420117,0.34397908488286644,0.18569679491932786,0.3036098546557941,3.17,6.34,5.42,7.130000000000001
2020-03-04,5435,3334,3866,822,17228.95,21137.56,20953.72,5860.86,65181.09,2020,3,2,4,10,1,0,13457,0.2643243615594646,0.32428975949926586,0.321469309580432,0.08991656936083763,3.17,6.340000000000001,5.42,7.13
2020-03-05,5942,2524,5800,1611,18836.14,16002.16,31436.0,11486.43,77760.73000000001,2020,3,3,5,10,1,0,15877,0.24223203665912083,0.2057871627491151,0.4042657521347857,0.1477150484569782,3.17,6.34,5.42,7.13
2020-03-06,4756,3370,2475,1131,15076.52,21365.8,13414.5,8064.03,57920.85,2020,3,4,6,10,1,0,11732,0.2602952132090603,0.36887925505236885,0.2316005376302316,0.13922499410833922,3.17,6.34,5.42,7.13
2020-03-07,4536,2333,4023,712,14379.12,14791.22,21804.66,5076.56,56051.56,2020,3,5,7,10,1,1,11604,0.2565338056603599,0.2638859649936594,0.3890107608066573,0.09056946853932345,3.1700000000000004,6.34,5.42,7.130000000000001
2020-03-08,2259,2752,902,1338,7161.03,17447.68,4888.84,9539.94,39037.49,2020,3,6,8,10,1,1,7251,0.1834398164431166,0.4469467683501168,0.1252344861311524,0.24437892907561426,3.17,6.34,5.42,7.130000000000001
2020-03-09,6834,2615,670,1768,21663.78,16579.1,3631.4,12605.84,54480.12,2020,3,0,9,11,1,0,11887,0.39764559989955967,0.30431467478412305,0.06665550663251109,0.23138421868380613,3.17,6.34,5.42,7.13
2020-03-10,4565,3484,3075,860,14471.05,22088.56,16666.5,6131.8,59357.91,2020,3,1,10,11,1,0,11984,0.24379311872672063,0.3721249619469419,0.28077976465141713,0.10330215467492032,3.17,6.340000000000001,5.42,7.13
2020-03-11,551,1257,990,272,1746.67,7969.38,5365.8,1939.36,17021.21,2020,3,2,11,11,1,0,3070,0.10261726399004537,0.46820290684387306,0.31524198338426,0.11393784578182162,3.17,6.34,5.42,7.13
2020-03-12,4901,1452,3896,1986,15536.17,9205.68,21116.32,14160.18,60018.35,2020,3,3,12,11,1,0,12235,0.25885699956763225,0.15338109094968455,0.35183106499928773,0.23593084448339552,3.17,6.34,5.42,7.13
2020-03-13,5877,3652,474,1921,18630.09,23153.68,2569.08,13696.73,58049.58,2020,3,4,13,11,1,0,11924,0.3209341049495965,0.3988604224182156,0.04425665095251335,0.2359488216796745,3.17,6.34,5.42,7.13
2020-03-14,6583,3067,4852,1033,20868.11,19444.78,26297.84,7365.29,73976.01999999999,2020,3,5,14,11,1,1,15535,0.2820928998342977,0.2628524757076685,0.35549141465031514,0.09956320980771878,3.17,6.34,5.42,7.13
2020-03-15,4215,2820,3701,1821,13361.55,17878.8,20059.42,12983.73,64283.5,2020,3,6,15,11,1,1,12557,0.2078534927314163,0.27812424650182394,0.31204617047920535,0.20197609028755434,3.17,6.34,5.42,7.13
2020-03-16,5698,1300,5846,1415,18062.66,8242.0,31685.32,10088.95,68078.93,2020,3,0,16,12,1,0,14259,0.26531938736404936,0.12106535751957324,0.4654203583986999,0.14819489671767758,3.17,6.34,5.42,7.130000000000001
2020-03-17,6546,1356,3042,991,20750.82,8597.04,16487.64,7065.83,52901.33,2020,3,1,17,12,1,0,11935,0.39225516636349217,0.1625108480259381,0.31166777848496435,0.13356620712560535,3.17,6.340000000000001,5.42,7.13
2020-03-18,2397,3264,2155,1376,7598.49,20693.76,11680.1,9810.88,49783.23,2020,3,2,18,12,1,0,9192,0.15263151868611174,0.41567732748558095,0.23461916794069007,0.19707198588761715,3.17,6.34,5.42,7.129999999999999
2020-03-19,6227,3199,3757,1873,19739.59,20281.66,20362.94,13354.49,73738.68000000001,2020,3,3,19,12,1,0,15056,0.2676965467784343,0.27504777682486314,0.2761500477090178,0.18110562868768465,3.17,6.34,5.42,7.13
2020-03-20,5843,723,2891,1811,18522.31,4583.82,15669.22,12912.43,51687.78,2020,3,4,20,12,1,0,11268,0.35834988463424045,0.08868285695380997,0.3031513444763927,0.24981591393555694,3.1700000000000004,6.34,5.42,7.13
2020-03-21,5939,3283,1057,1000,18826.63,20814.22,5728.94,7130.0,52499.79000000001,2020,3,5,21,12,1,1,11279,0.35860391060611857,0.39646291918501003,0.10912310315907928,0.13581006704979198,3.1700000000000004,6.340000000000001,5.42,7.13
2020-03-22,2149,2977,3830,1951,6812.33,18874.18,20758.6,13910.63,60355.74,2020,3,6,22,12,1,1,10907,0.11286962930120649,0.31271557601646505,0.34393746145768406,0.23047733322464442,3.17,6.34,5.42,7.13
2020-03-23,830,1476,2397,988,2631.1,9357.84,12991.74,7044.44,32025.12,2020,3,0,23,13,1,0,5691,0.08215738145555739,0.29220312055036796,0.40567342136422907,0.21996607662984557,3.17,6.34,5.42,7.13
2020-03-24,3369,2113,5638,298,10679.73,13396.42,30557.96,2124.74,56758.85,2020,3,1,24,13,1,0,11418,0.18815973191845853,0.23602345713487854,0.5383822963291187,0.03743451461754422,3.17,6.34,5.42,7.129999999999999
2020-03-25,562,252,2253,1353,1781.54,1597.68,12211.26,9646.89,25237.37,2020,3,2,25,13,1,0,4420,0.07059134925707393,0.06330612104193108,0.4838562813795574,0.3822462483214376,3.17,6.34,5.42,7.13
2020-03-26,2890,1953,3793,387,9161.3,12382.02,20558.06,2759.31,44860.69,2020,3,3,26,13,1,0,9023,0.20421665382320242,0.27601046707039056,0.45826446271780485,0.06150841638860213,3.17,6.34,5.42,7.13
2020-03-27,3482,2856,2013,1166,11037.94,18107.04,10910.46,8313.58,48369.02,2020,3,4,27,13,1,0,9517,0.22820268014526657,0.37435201292066705,0.22556710886431025,0.17187819806975624,3.17,6.340000000000001,5.42,7.13
2020-03-28,5249,2041,3579,1123,16639.33,12939.94,19398.18,8006.99,56984.44,2020,3,5,28,13,1,1,11992,0.29199778044673247,0.2270784796691869,0.34041187383784066,0.14051186604623997,3.1700000000000004,6.34,5.42,7.13
2020-03-29,6818,3562,3150,492,21613.06,22583.08,17073.0,3507.96,64777.1,2020,3,6,29,13,1,1,14022,0.3336527877907471,0.34862752423310095,0.2635653649206278,0.054154323055524256,3.1700000000000004,6.340000000000001,5.42,7.13
2020-03-30,4073,3135,3761,1381,12911.41,19875.9,20384.62,9846.53,63018.45999999999,2020,3,0,30,14,1,0,12350,0.20488298190720627,0.3153980595527089,0.323470614800806,0.15624834373927896,3.17,6.340000000000001,5.42,7.130000000000001
2020-03-31,2045,3308,5141,572,6482.65,20972.72,27864.22,4078.36,59397.95,2020,3,1,31,14,1,0,11066,0.10913928847712757,0.35308827998272674,0.4691108026455459,0.0686616288945999,3.17,6.340000000000001,5.42,7.13
2020-04-01,3083,360,3675,1634,9773.11,2282.4,19918.5,11650.42,43624.43,2020,4,2,1,14,2,0,8752,0.22402837125894826,0.05231930824081828,0.4565904929875301,0.2670618275127033,3.1700000000000004,6.34,5.42,7.13
2020-04-02,2255,3140,5490,681,7148.35,19907.6,29755.8,4855.53,61667.28,2020,4,3,2,14,2,0,11566,0.11591803627466625,0.3228227351684718,0.48252168735186635,0.07873754120499558,3.1700000000000004,6.34,5.42,7.13
2020-04-03,5263,3276,4227,1834,16683.71,20769.84,22910.34,13076.42,73440.31,2020,4,4,3,14,2,0,14600,0.2271737415051761,0.2828125317009147,0.31195865050133914,0.1780550762925701,3.17,6.34,5.42,7.13
2020-04-04,671,513,5396,655,2127.07,3252.42,29246.32,4670.15,39295.96,2020,4,5,4,14,2,1,7235,0.05412948303082556,0.08276728701881822,0.7442576794153903,0.11884555053496593,3.1700000000000004,6.34,5.42,7.129999999999999
2020-04-05,6298,1831,4908,1788,19964.66,11608.54,26601.36,12748.44,70923.0,2020,4,6,5,14,2,1,14825,0.28149768058316765,0.16367807340355034,0.37507381244448207,0.17975043356879997,3.17,6.340000000000001,5.42,7.13
2020-04-06,7463,3772,4952,1253,23657.71,23914.48,26839.84,8933.89,83345.92,2020,4,0,6,15,2,0,17440,0.2838496473492644,0.2869304220290567,0.3220294406732807,0.1071904899483982,3.17,6.34,5.42,7.13
2020-04-07,1427,2026,4561,1087,4523.59,12844.84,24720.62,7750.31,49839.36,2020,4,1,7,15,2,0,9101,0.09076340466651257,0.2577248182962221,0.49600596797390656,0.15550580906335876,3.17,6.34,5.42,7.130000000000001
2020-04-08,1998,2878,5085,1013,6333.66,18246.52,27560.7,7222.69,59363.57000000001,2020,4,2,8,15,2,0,10974,0.10669270732875397,0.30736898067282675,0.46426958486492637,0.12166872713349279,3.17,6.34,5.42,7.13
2020-04-09,471,2196,3111,1589,1493.07,13922.64,16861.62,11329.57,43606.9,2020,4,3,9,15,2,0,7367,0.034239306164850054,0.3192760778684107,0.3866732099736509,0.2598114059930882,3.17,6.34,5.42,7.13
2020-04-10,7131,837,5763,1900,22605.27,5306.58,31235.46,13547.0,72694.31,2020,4,4,10,15,2,0,15631,0.31096340277526535,0.07299856068514854,0.42968232314193505,0.18635571339765108,3.17,6.34,5.42,7.13
2020-04-11,4706,1108,3126,1174,14918.02,7024.72,16942.92,8370.62,47256.280000000006,2020,4,5,11,15,2,1,10114,0.31568333351673045,0.14865156546389177,0.3585326648648602,0.17713243615451746,3.17,6.34,5.419999999999999,7.130000000000001
2020-04-12,7478,3588,2513,503,23705.26,22747.92,13620.46,3586.39,63660.02999999999,2020,4,6,12,15,2,1,14082,0.37237274314825175,0.35733442161431594,0.2139562296781827,0.056336605559249665,3.17,6.34,5.42,7.13
2020-04-13,2106,705,389,1826,6676.02,4469.7,2108.38,13019.38,26273.480000000003,2020,4,0,13,16,2,0,5026,0.2540972874548784,0.17012211553246845,0.08024745865412575,0.4955331383585272,3.1700000000000004,6.34,5.42,7.13
2020-04-14,1420,3558,2410,1412,4501.4,22557.72,13062.2,10067.56,50188.880000000005,2020,4,1,14,16,2,0,8800,0.08968919011541997,0.44945653300093563,0.2602608386558935,0.20059343822775083,3.17,6.340000000000001,5.42,7.13
2020-04-15,6254,1698,2974,1881,19825.18,10765.32,16119.08,13411.53,60121.11,2020,4,2,15,16,2,0,12807,0.32975405810039105,0.17906056624703037,0.26811015298952395,0.22307522266305463,3.17,6.34,5.42,7.130000000000001
2020-04-16,5922,652,3304,892,18772.74,4133.68,17907.68,6359.96,47174.060000000005,2020,4,3,16,16,2,0,10770,0.3979462441858937,0.08762612333981853,0.37960862389202876,0.13481900858225895,3.1700000000000004,6.340000000000001,5.42,7.13
2020-04-17,361,1444,4276,1555,1144.37,9154.96,23175.92,11087.15,44562.4,2020,4,4,17,16,2,0,7636,0.025680169829273104,0.20544135863418483,0.5200779132183185,0.24880055831822342,3.1699999999999995,6.339999999999999,5.42,7.13
2020-04-18,1368,1388,3156,1366,4336.56,8799.92,17105.52,9739.58,39981.58,2020,4,5,18,16,2,1,7278,0.10846394764789186,0.2200993557533244,0.4278350180258009,0.24360167857298284,3.1700000000000004,6.34,5.42,7.13
2020-04-19,4458,1465,3442,674,14131.86,9288.1,18655.64,4805.62,46881.22,2020,4,6,19,16,2,1,10039,0.301439680963934,0.1981198441508135,0.3979341834534169,0.1025062914318356,3.17,6.34,5.42,7.13
2020-04-20,7402,409,5613,844,23464.34,2593.06,30422.46,6017.72,62497.58,2020,4,0,20,17,2,0,14268,0.3754439771907968,0.04149056651473545,0.4867782080522158,0.09628724824225195,3.17,6.34,5.42,7.13
2020-04-21,4245,1637,2674,807,13456.65,10378.58,14493.08,5753.91,44082.22,2020,4,1,21,17,2,0,9363,0.305262529881662,0.2354368722809332,0.32877382309693115,0.13052677474047358,3.17,6.34,5.42,7.13
2020-04-22,3403,846,4319,1598,10787.51,5363.64,23408.98,11393.74,50953.87,2020,4,2,22,17,2,0,10166,0.21171129886699477,0.10526462464970766,0.45941515335341554,0.22360892312988198,3.17,6.340000000000001,5.42,7.13
2020-04-23,4645,3174,3706,415,14724.65,20123.16,20086.52,2958.95,57893.28,2020,4,3,23,17,2,0,11940,0.2543412637874379,0.3475906011889463,0.34695771253589364,0.05111042248772223,3.17,6.34,5.42,7.13
2020-04-24,4015,3412,1557,1875,12727.55,21632.08,8438.94,13368.75,56167.32000000001,2020,4,4,24,17,2,0,10859,0.22660062826568897,0.3851364102827053,0.15024644223722974,0.2380165192143759,3.17,6.340000000000001,5.42,7.13
2020-04-25,3137,2329,4849,564,9944.29,14765.86,26281.58,4021.32,55013.05,2020,4,5,25,17,2,1,10879,0.1807623827437308,0.2684064962767925,0.4777335559471798,0.07309756503229688,3.1700000000000004,6.34,5.42,7.13
2020-04-26,7282,1620,4748,1109,23083.94,10270.8,25734.16,7907.17,66996.06999999999,2020,4,6,26,17,2,1,14759,0.3445566284708939,0.15330451472750567,0.3841144711921162,0.11802438560948428,3.17,6.34,5.42,7.13
2020-04-27,3535,637,1523,494,11205.95,4038.58,8254.66,3522.22,27021.410000000003,2020,4,0,27,18,2,0,6189,0.41470633841831345,0.1494585219646199,0.3054859091364958,0.13034923048057076,3.1700000000000004,6.34,5.42,7.13
2020-04-28,2801,3690,2208,1588,8879.17,23394.6,11967.36,11322.44,55563.57,2020,4,1,28,18,2,0,10287,0.1598020069624756,0.42104206047235626,0.21538140907792644,0.20377452348724173,3.17,6.34,5.42,7.13
2020-04-29,2095,2268,2496,1614,6641.15,14379.12,13528.32,11507.82,46056.41,2020,4,2,29,18,2,0,8473,0.14419599790778306,0.3122067047779017,0.29373370612255706,0.24986359119175808,3.17,6.340000000000001,5.42,7.13
2020-04-30,507,1577,5922,1640,1607.19,9998.18,32097.24,11693.2,55395.81,2020,4,3,30,18,2,0,9646,0.029012844112217155,0.1804862136685067,0.5794163854630884,0.2110845567561879,3.17,6.34,5.42,7.130000000000001
2020-05-01,579,992,4381,1318,1835.43,6289.28,23745.02,9397.34,41267.07,2020,5,4,1,18,2,0,7270,0.04447686739087607,0.15240432625820055,0.5753987380252584,0.227720068325665,3.17,6.34,5.42,7.13
2020-05-02,5498,3216,4058,1568,17428.66,20389.44,21994.36,11179.84,70992.3,2020,5,5,2,18,2,1,14340,0.24550070923184625,0.2872063589994971,0.30981331778235105,0.15747961398630556,3.17,6.34,5.42,7.13
2020-05-03,6344,550,3151,679,20110.48,3487.0,17078.42,4841.27,45517.17,2020,5,6,3,18,2,1,10724,0.44182184437213473,0.07660845346931719,0.375208300516047,0.10636140164250107,3.17,6.34,5.419999999999999,7.130000000000001
2020-05-04,4699,700,2335,544,14895.83,4438.0,12655.7,3878.72,35868.25,2020,5,0,4,19,2,0,8278,0.41529291225526754,0.12373059739463174,0.3528385131697253,0.10813797718037539,3.17,6.34,5.42,7.13
2020-05-05,1034,1321,1440,1865,3277.78,8375.14,7804.8,13297.45,32755.17,2020,5,1,5,19,2,0,5660,0.10006908833017812,0.2556891019036079,0.23827688880869802,0.4059649209575161,3.1700000000000004,6.34,5.42,7.130000000000001
2020-05-06,5082,571,5740,1320,16109.94,3620.14,31110.8,9411.6,60252.48,2020,5,2,6,19,2,0,12713,0.26737389066806877,0.06008283808400915,0.5163405722054926,0.15620269904242945,3.17,6.34,5.42,7.13
2020-05-07,6505,1204,543,993,20620.85,7633.36,2943.06,7080.09,38277.36,2020,5,3,7,19,2,0,9245,0.5387218449757245,0.19942232170661717,0.07688774774435854,0.18496808557329972,3.17,6.34,5.42,7.13
2020-05-08,6307,720,4512,714,19993.19,4564.8,24455.04,5090.82,54103.85,2020,5,4,8,19,2,0,12253,0.3695335914172466,0.08437107525619711,0.45200184460070775,0.09409348872584852,3.17,6.34,5.42,7.13
2020-05-09,270,1084,5517,1139,855.9,6872.56,29902.14,8121.07,45751.67,2020,5,5,9,19,2,1,8010,0.018707513845942672,0.15021440747408785,0.6535748312575257,0.1775032474224438,3.17,6.340000000000001,5.42,7.13
2020-05-10,3719,2498,1328,1852,11789.23,15837.32,7197.76,13204.76,48029.07,2020,5,6,10,19,2,1,9397,0.24546030143827477,0.3297444651749451,0.14986257281267365,0.2749326605741065,3.17,6.34,5.42,7.13
2020-05-11,7152,2351,5906,969,22671.84,14905.34,32010.52,6908.97,76496.67,2020,5,0,11,20,2,0,16378,0.2963768226773793,0.19484952743694595,0.4184563850949329,0.09031726479074188,3.17,6.34,5.42,7.13
2020-05-12,2432,1374,485,1237,7709.44,8711.16,2628.7,8819.81,27869.11,2020,5,1,12,20,2,0,5528,0.2766302906694903,0.3125740290952958,0.09432306952033989,0.3164726107148739,3.17,6.34,5.42,7.13
2020-05-13,723,606,1507,619,2291.91,3842.04,8167.94,4413.47,18715.36,2020,5,2,13,20,2,0,3455,0.12246144343469748,0.20528806285318582,0.43642975609339063,0.23582073761872602,3.17,6.34,5.42,7.130000000000001
2020-05-14,7232,3967,3646,288,22925.44,25150.78,19761.32,2053.44,69890.98000000001,2020,5,3,14,20,2,0,15133,0.3280171489940475,0.3598573091978392,0.28274492645545957,0.029380615352653516,3.17,6.34,5.42,7.13
2020-05-15,5437,1937,2857,1432,17235.29,12280.58,15484.94,10210.16,55210.97,2020,5,4,15,20,2,0,11663,0.31217147606716567,0.22243007141515536,0.280468537321478,0.18492991519620103,3.1700000000000004,6.34,5.42,7.13
2020-05-16,639,1059,4478,1029,2025.63,6714.06,24270.76,7336.77,40347.22,2020,5,5,16,20,2,1,7205,0.050204945966537476,0.1664070040017627,0.6015472689320354,0.18184078109966437,3.1700000000000004,6.340000000000001,5.42,7.130000000000001
2020-05-17,6128,2990,1130,1087,19425.76,18956.6,6124.6,7750.31,52257.27,2020,5,6,17,20,2,1,11335,0.37173315789362893,0.36275526831003607,0.11720091769049552,0.14831065610583946,3.17,6.34,5.42,7.130000000000001
2020-05-18,3964,749,5617,485,12565.88,4748.66,30444.14,3458.05,51216.73,2020,5,0,18,21,2,0,10815,0.24534717464391026,0.0927169696308218,0.5944178786892486,0.06751797703601928,3.17,6.34,5.42,7.130000000000001
2020-05-19,4445,2541,5268,431,14090.65,16109.94,28552.56,3073.03,61826.18,2020,5,1,19,21,2,0,12685,0.22790749808576236,0.26056825765395825,0.461819895714081,0.049704348546198394,3.17,6.34,5.42,7.130000000000001
2020-05-20,1118,3278,2032,1187,3544.06,20782.52,11013.44,8463.31,43803.33,2020,5,2,20,21,2,0,7615,0.08090846061246941,0.4744506867400264,0.2514292863122507,0.1932115663352535,3.17,6.34,5.42,7.13
2020-05-21,1535,1980,5919,1843,4865.95,12553.2,32080.98,13140.59,62640.72,2020,5,3,21,21,2,0,11277,0.0776803012481338,0.2003999954023517,0.5121425807366199,0.2097771226128946,3.17,6.340000000000001,5.42,7.13
2020-05-22,2941,3361,597,1785,9322.97,21308.74,3235.74,12727.05,46594.5,2020,5,4,22,21,2,0,8684,0.20008734936526842,0.45732307461181043,0.06944467694684994,0.2731448990760712,3.17,6.340000000000001,5.42,7.13
2020-05-23,559,1204,2591,947,1772.03,7633.36,14043.22,6752.11,30200.72,2020,5,5,23,21,2,1,5301,0.05867509118987892,0.25275423897178606,0.4649961987661221,0.22357447107221282,3.17,6.34,5.42,7.13
2020-05-24,6802,1033,3736,763,21562.34,6549.22,20249.12,5440.19,53800.87,2020,5,6,24,21,2,1,12334,0.4007805078245017,0.12173074524631293,0.37637160886060017,0.10111713806858512,3.17,6.34,5.42,7.13
2020-05-25,6869,2254,354,1311,21774.73,14290.36,1918.68,9347.43,47331.2,2020,5,0,25,22,2,0,10788,0.4600502417010344,0.30192262186464747,0.040537319991886964,0.19748981644243122,3.17,6.34,5.42,7.13
2020-05-26,274,1328,3849,1989,868.58,8419.52,20861.58,14181.57,44331.25,2020,5,1,26,22,2,0,7440,0.01959295079655999,0.18992290991118005,0.47058406880022563,0.3199000704920344,3.17,6.340000000000001,5.420000000000001,7.13
2020-05-27,2453,1709,5725,1773,7776.01,10835.06,31029.5,12641.49,62282.06,2020,5,2,27,22,2,0,11660,0.12485152225215417,0.17396759195183975,0.49820927567264156,0.2029716101233646,3.17,6.34,5.42,7.13
2020-05-28,3095,3337,1124,1094,9811.15,21156.58,6092.08,7800.22,44860.030000000006,2020,5,3,28,22,2,0,8650,0.2187058278828614,0.47161314872058707,0.13580196000760586,0.17387906338894554,3.17,6.340000000000001,5.42,7.13
2020-05-29,4998,878,3286,1329,15843.66,5566.52,17810.12,9475.77,48696.07000000001,2020,5,4,29,22,2,0,10491,0.32535808331144583,0.11431148345236072,0.36574039753105325,0.19459003570514005,3.17,6.340000000000001,5.42,7.13
2020-05-30,636,812,5787,1930,2016.12,5148.08,31365.54,13760.9,52290.64,2020,5,5,30,22,2,1,9165,0.03855603985722875,0.09845127158512498,0.5998308683925078,0.26316182016513856,3.17,6.34,5.42,7.13
2020-05-31,7869,279,1365,1404,24944.73,1768.86,7398.3,10010.52,44122.41,2020,5,6,31,22,2,1,10917,0.5653528445069069,0.040089831901747884,0.16767669762372453,0.22688062596762051,3.17,6.34,5.42,7.13
2020-06-01,898,2300,2217,1852,2846.66,14582.0,12016.14,13204.76,42649.56,2020,6,0,1,23,2,0,7267,0.06674535446555603,0.34190270661643407,0.28174124187916594,0.30961069703884403,3.17,6.34,5.42,7.13
2020-06-02,7117,1020,2043,1372,22560.89,6466.8,11073.06,9782.36,49883.11,2020,6,1,2,23,2,0,11552,0.4522751287960995,0.12963907021835647,0.22198014518340975,0.19610565580213424,3.17,6.34,5.42,7.130000000000001
2020-06-03,5631,2505,4146,1764,17850.27,15881.7,22471.32,12577.32,68780.61,2020,6,2,3,23,2,0,14046,0.259524741057109,0.2309037387135706,0.32671010041928966,0.18286141981003076,3.17,6.34,5.42,7.13
2020-06-04,6871,2159,5246,851,21781.07,13688.06,28433.32,6067.63,69970.08,2020,6,3,4,23,2,0,15127,0.3112911976090352,0.19562733099633442,0.4063639772885782,0.08671749410605219,3.17,6.34,5.42,7.13
2020-06-05,6182,411,900,813,19596.94,2605.74,4878.0,5796.69,32877.37,2020,6,4,5,23,2,0,8306,0.5960616679497173,0.07925633954297438,0.14836953199115377,0.1763124605161544,3.17,6.34,5.42,7.13
2020-06-06,7236,3753,825,941,22938.12,23794.02,4471.5,6709.33,57912.97,2020,6,5,6,23,2,1,12755,0.3960791511815056,0.4108582239867857,0.07721068354808948,0.1158519412836192,3.17,6.34,5.42,7.13
2020-06-07,3588,561,5425,1013,11373.96,3556.74,29403.5,7222.69,51556.89,2020,6,6,7,23,2,1,10587,0.22060989326547817,0.06898670575358598,0.5703117468877583,0.14009165409317745,3.17,6.34,5.42,7.13
2020-06-08,6745,3781,359,760,21381.65,23971.54,1945.78,5418.8,52717.77,2020,6,0,8,24,2,0,11645,0.40558714831829956,0.4547146057202344,0.036909376098419946,0.1027888698630462,3.1700000000000004,6.34,5.42,7.13
2020-06-09,6072,3920,4722,1517,19248.24,24852.8,25593.24,10816.21,80510.48999999999,2020,6,1,9,24,2,0,16231,0.23907741711670125,0.30869020918888956,0.31788702316927897,0.13434535052513033,3.1700000000000004,6.34,5.42,7.129999999999999
2020-06-10,2335,2035,3490,1459,7401.95,12901.9,18915.8,10402.67,49622.31999999999,2020,6,2,10,24,2,0,9319,0.14916573832098137,0.2600019507350725,0.3811953975549713,0.209636913388975,3.17,6.34,5.42,7.13
2020-06-11,2590,2344,3338,1697,8210.3,14860.96,18091.96,12099.61,53262.83,2020,6,3,11,24,2,0,9969,0.15414689756439903,0.2790118362092288,0.33967327684240584,0.22716798938396626,3.17,6.34,5.42,7.130000000000001
2020-06-12,1270,3585,4562,899,4025.9,22728.9,24726.04,6409.87,57890.71000000001,2020,6,4,12,24,2,0,10316,0.06954310976666203,0.39261739923383215,0.4271158533035784,0.11072363769592736,3.17,6.340000000000001,5.42,7.13
2020-06-13,385,2601,2794,1475,1220.45,16490.34,15143.48,10516.75,43371.02,2020,6,5,13,24,2,1,7255,0.02813975783829848,0.38021563707747713,0.3491612602147702,0.24248334486945433,3.17,6.34,5.42,7.13
2020-06-14,6035,1017,5160,941,19130.95,6447.78,27967.2,6709.33,60255.26,2020,6,6,14,24,2,1,13153,0.31749842254435545,0.10700775334800645,0.4641453708771649,0.11134845323047315,3.17,6.34,5.42,7.13
2020-06-15,5326,2046,3202,858,16883.42,12971.64,17354.84,6117.54,53327.44,2020,6,0,15,25,2,0,11432,0.31659910920156675,0.2432451285867088,0.32543921103281914,0.11471655117890527,3.1699999999999995,6.34,5.42,7.13
2020-06-16,7207,2186,4524,1452,22846.19,13859.24,24520.08,10352.76,71578.27,2020,6,1,16,25,2,0,15369,0.31917773368928865,0.1936235675994963,0.3425631829324738,0.14463551577874123,3.17,6.34,5.420000000000001,7.13
2020-06-17,7923,1589,5022,1160,25115.91,10074.26,27219.24,8270.8,70680.21,2020,6,2,17,25,2,0,15694,0.35534571841255136,0.14253296644138436,0.3851041189605973,0.11701719618546688,3.17,6.34,5.42,7.129999999999999
2020-06-18,628,2018,4204,479,1990.76,12794.12,22785.68,3415.27,40985.83,2020,6,3,18,25,2,0,7329,0.048571908876799616,0.3121595927177759,0.5559404311197309,0.08332806728569361,3.17,6.340000000000001,5.42,7.13
2020-06-19,6505,2674,5317,578,20620.85,16953.16,28818.14,4121.14,70513.29,2020,6,4,19,25,2,0,15074,0.29243919834119214,0.2404250319336965,0.4086909006798577,0.05844486904525375,3.17,6.34,5.42,7.130000000000001
2020-06-20,2505,1090,359,1231,7940.85,6910.6,1945.78,8777.03,25574.26,2020,6,5,20,25,2,1,5185,0.3105016528337477,0.270217007256515,0.07608353086267208,0.3431978090470653,3.17,6.340000000000001,5.42,7.130000000000001
2020-06-21,5924,2278,5172,1319,18779.08,14442.52,28032.24,9404.47,70658.31000000001,2020,6,6,21,25,2,1,14693,0.26577312703912676,0.2043994542184776,0.3967295566508737,0.13309786209152183,3.1700000000000004,6.34,5.42,7.13
2020-06-22,1421,3568,4397,665,4504.57,22621.12,23831.74,4741.45,55698.88,2020,6,0,22,26,2,0,10051,0.08087361900275195,0.40613240338046297,0.42786749033373744,0.0851264872830477,3.17,6.34,5.42,7.13
2020-06-23,5767,1968,4435,1050,18281.39,12477.12,24037.7,7486.5,62282.71000000001,2020,6,1,23,26,2,0,13220,0.2935227128042437,0.20033039667027974,0.3859449917962786,0.12020189872919787,3.17,6.340000000000001,5.42,7.13
2020-06-24,4881,708,2967,1401,15472.77,4488.72,16081.14,9989.13,46031.76,2020,6,2,24,26,2,0,9957,0.33613248765634857,0.09751354282347666,0.34934879743898556,0.21700517208118913,3.17,6.340000000000001,5.42,7.129999999999999
2020-06-25,1545,1665,1433,1600,4897.65,10556.1,7766.86,11408.0,34628.61,2020,6,3,25,26,2,0,6243,0.14143362959125416,0.3048375317403731,0.2242902617228933,0.32943857694547946,3.17,6.34,5.42,7.13
2020-06-26,7321,2166,5225,593,23207.57,13732.44,28319.5,4228.09,69487.6,2020,6,4,26,26,2,0,15305,0.333981458562391,0.19762432433988222,0.40754753366068186,0.06084668343704488,3.17,6.34,5.42,7.13
2020-06-27,652,3539,1532,1818,2066.84,22437.26,8303.44,12962.34,45769.880000000005,2020,6,5,27,26,2,1,7541,0.0451572081901897,0.49021889504626176,0.18141712409995395,0.28320677266359445,3.1700000000000004,6.34,5.42,7.13
2020-06-28,6251,3113,912,1009,19815.67,19736.42,4943.04,7194.17,51689.3,2020,6,6,28,26,2,1,11285,0.38336115985319974,0.38182796052567936,0.09562984989156363,0.13918102972955718,3.17,6.34,5.42,7.13
2020-06-29,4987,689,3240,881,15808.79,4368.26,17560.8,6281.53,44019.380000000005,2020,6,0,29,27,2,0,9797,0.3591325002760148,0.09923492788857997,0.39893337888902564,0.1426991929463795,3.1700000000000004,6.340000000000001,5.42,7.13
2020-06-30,5955,2477,1287,839,18877.35,15704.18,6975.54,5982.07,47539.14,2020,6,1,30,27,2,0,10558,0.3970906920066286,0.3303421138876303,0.14673256604978552,0.12583462805595558,3.17,6.34,5.42,7.13
2020-07-01,7042,2218,5075,1747,22323.14,14062.12,27506.5,12456.11,76347.87,2020,7,2,1,27,3,0,16082,0.2923872008479084,0.1841848371146438,0.36027855132042325,0.1631494107170246,3.17,6.340000000000001,5.42,7.13
2020-07-02,6755,2313,402,1306,21413.35,14664.42,2178.84,9311.78,47568.39,2020,7,3,2,27,3,0,10776,0.4501592338946094,0.3082807721682403,0.04580436714381126,0.19575562679333905,3.17,6.34,5.42,7.130000000000001
2020-07-03,5274,2196,5300,464,16718.58,13922.64,28726.0,3308.32,62675.54,2020,7,4,3,27,3,0,13234,0.26674808067070505,0.22213833339130384,0.4583287196249127,0.05278486631307844,3.1700000000000004,6.34,5.42,7.130000000000001
2020-07-04,2838,3126,3597,1855,8996.46,19818.84,19495.74,13226.15,61537.19,2020,7,5,4,27,3,1,11416,0.14619549576443122,0.3220628046227005,0.31681232113458546,0.2149293784782828,3.1699999999999995,6.34,5.420000000000001,7.13
2020-07-05,1112,3982,2041,1649,3525.04,25245.88,11062.22,11757.37,51590.51,2020,7,6,5,27,3,1,8784,0.06832729507810642,0.4893512392104672,0.2144235441750818,0.22789792153634458,3.17,6.34,5.42,7.130000000000001
2020-07-06,931,1602,3894,534,2951.27,10156.68,21105.48,3807.42,38020.85,2020,7,0,6,28,3,0,6961,0.0776224098093546,0.2671344801602279,0.5551027922837075,0.10014031774671003,3.17,6.34,5.42,7.13
2020-07-07,1619,984,2569,509,5132.23,6238.56,13923.98,3629.17,28923.94,2020,7,1,7,28,3,0,5681,0.17743882749030734,0.2156884573816707,0.48139983695167393,0.12547287817634806,3.17,6.340000000000001,5.42,7.13
2020-07-08,4730,3567,1660,468,14994.1,22614.78,8997.2,3336.84,49942.92,2020,7,2,8,28,3,0,10425,0.3002247365592561,0.45281253078514433,0.1801496588505438,0.06681307380505586,3.17,6.34,5.420000000000001,7.13
2020-07-09,5826,1949,1695,947,18468.42,12356.66,9186.9,6752.11,46764.09,2020,7,3,9,28,3,0,10417,0.3949273897984543,0.26423394532000943,0.19645202119831692,0.14438664368321932,3.1699999999999995,6.34,5.42,7.13
2020-07-10,5757,3956,3032,489,18249.69,25081.04,16433.44,3486.57,63250.74,2020,7,4,10,28,3,0,13234,0.2885292725428983,0.39653354253246687,0.25981419347821066,0.055122991446424185,3.17,6.34,5.42,7.13
2020-07-11,1740,1954,2232,1070,5515.8,12388.36,12097.44,7629.1,37630.7,2020,7,5,11,28,3,1,6996,0.1465771298434523,0.3292088640392021,0.3214779422120769,0.20273606390526885,3.17,6.34,5.42,7.130000000000001
2020-07-12,6091,2022,5161,1536,19308.47,12819.48,27972.62,10951.68,71052.25,2020,7,6,12,28,3,1,14810,0.2717502964367772,0.1804232800509484,0.39369084019154915,0.15413558332072524,3.1700000000000004,6.34,5.42,7.13
2020-07-13,2916,2414,1553,1352,9243.72,15304.76,8417.26,9639.76,42605.5,2020,7,0,13,29,3,0,8235,0.21696072103366934,0.35922028846041004,0.19756275598220888,0.22625623452371174,3.17,6.34,5.42,7.13
2020-07-14,1738,1090,3726,1167,5509.46,6910.6,20194.92,8320.71,40935.69,2020,7,1,14,29,3,0,7721,0.13458817965447753,0.16881601360573134,0.493332834990689,0.20326297174910204,3.17,6.340000000000001,5.42,7.129999999999999
2020-07-15,6666,3936,5854,1631,21131.22,24954.24,31728.68,11629.03,89443.17000000001,2020,7,2,15,29,3,0,18087,0.23625303083511015,0.27899547835793387,0.3547356382829454,0.1300158525240105,3.1700000000000004,6.340000000000001,5.42,7.130000000000001
2020-07-16,5642,3675,5798,1722,17885.14,23299.5,31425.16,12277.86,84887.66,2020,7,3,16,29,3,0,16837,0.210691872057729,0.27447452315212834,0.37019703452775116,0.1446365702623915,3.17,6.34,5.42,7.130000000000001
2020-07-17,2254,1742,5445,1436,7145.18,11044.28,29511.9,10238.68,57940.04,2020,7,4,17,29,3,0,10877,0.12332024624076891,0.1906156778628389,0.5093524270953214,0.1767116488010709,3.17,6.340000000000001,5.42,7.13
2020-07-18,6410,3537,2997,1426,20319.7,22424.58,16243.74,10167.38,69155.4,2020,7,5,18,29,3,1,14370,0.2938266570651027,0.32426361498885126,0.23488751420713352,0.14702221373891267,3.17,6.340000000000001,5.42,7.129999999999999
2020-07-19,2587,1595,3026,1796,8200.79,10112.3,16400.92,12805.48,47519.48999999999,2020,7,6,19,29,3,1,9004,0.17257739929447902,0.21280320979875839,0.3451409095510074,0.26947848135575536,3.1700000000000004,6.34,5.419999999999999,7.13
2020-07-20,2757,1859,4866,909,8739.69,11786.06,26373.72,6481.17,53380.64,2020,7,0,20,30,3,0,10391,0.1637239643436272,0.22079278180254114,0.4940690107874316,0.12141424306640011,3.1700000000000004,6.34,5.42,7.13
2020-07-21,5099,2948,2316,413,16163.83,18690.32,12552.72,2944.69,50351.560000000005,2020,7,1,21,30,3,0,10776,0.3210194480568228,0.37119644356599873,0.24930151121434962,0.05848259716282871,3.17,6.34,5.42,7.13
2020-07-22,3559,3907,2381,1671,11282.03,24770.38,12905.02,11914.23,60871.66,2020,7,2,22,30,3,0,11518,0.18534125732730142,0.4069279530080172,0.21200374689962456,0.1957270427650568,3.1700000000000004,6.34,5.42,7.13
2020-07-23,2261,1094,2609,863,7167.37,6935.96,14140.78,6153.19,34397.3,2020,7,3,23,30,3,0,6827,0.20837013370235452,0.2016425707831719,0.41110145273030146,0.178885842784172,3.17,6.34,5.42,7.13
2020-07-24,6566,1825,1842,1471,20814.22,11570.5,9983.64,10488.23,52856.59,2020,7,4,24,30,3,0,11704,0.3937866593361396,0.21890364096510956,0.18888165127564982,0.19842804842310108,3.1700000000000004,6.34,5.42,7.13
2020-07-25,4786,2858,1650,1965,15171.62,18119.72,8943.0,14010.45,56244.79000000001,2020,7,5,25,30,3,1,11259,0.26974267305469535,0.3221581945634431,0.15900139372909025,0.24909773865277118,3.1700000000000004,6.340000000000001,5.42,7.130000000000001
2020-07-26,2090,265,5799,1648,6625.3,1680.1,31430.58,11750.24,51486.22,2020,7,6,26,30,3,1,9802,0.12868103348818383,0.03263203241566384,0.6104658683430246,0.22822106575312773,3.17,6.34,5.42,7.13
2020-07-27,1470,1850,937,1545,4659.9,11729.0,5078.54,11015.85,32483.29,2020,7,0,27,31,3,0,5802,0.14345529655401285,0.36107795731282144,0.15634315366454568,0.33912359246862,3.17,6.34,5.42,7.13
2020-07-28,5300,583,1663,875,16801.0,3696.22,9013.46,6238.75,35749.43,2020,7,1,28,31,3,0,8421,0.4699655351148256,0.10339241772526163,0.2521287752000521,0.1745132719598606,3.17,6.34,5.419999999999999,7.13
2020-07-29,7852,2253,4396,1006,24890.84,14284.02,23826.32,7172.78,70173.96,2020,7,2,29,31,3,0,15507,0.354701943569951,0.20355157383166061,0.3395322139437478,0.10221426865464055,3.17,6.34,5.42,7.13
2020-07-30,7631,691,4155,989,24190.27,4380.94,22520.1,7051.57,58142.88,2020,7,3,30,31,3,0,13466,0.41604870622163886,0.07534783278709276,0.3873234349588462,0.1212800260324222,3.17,6.34,5.42,7.13
2020-07-31,4207,3750,3322,1958,13336.19,23775.0,18005.24,13960.54,69076.97,2020,7,4,31,31,3,0,13237,0.19306275304200518,0.34418128067864007,0.2606547449895385,0.20210122128981628,3.17,6.34,5.420000000000001,7.130000000000001
2020-08-01,7352,3721,993,312,23305.84,23591.14,5382.06,2224.56,54503.59999999999,2020,8,5,1,31,3,1,12378,0.4276018464835351,0.4328363631026208,0.09874687176626867,0.040814918647575575,3.17,6.34,5.420000000000001,7.13
2020-08-02,837,2214,5267,601,2653.29,14036.76,28547.14,4285.13,49522.32,2020,8,6,2,31,3,1,8919,0.053577659528067346,0.28344310201945305,0.5764499724568639,0.08652926599561572,3.17,6.34,5.42,7.13
2020-08-03,6488,1670,1027,650,20566.96,10587.8,5566.34,4634.5,41355.6,2020,8,0,3,32,3,0,9835,0.49731983092978943,0.2560185319521419,0.13459700741858419,0.11206462969948447,3.17,6.34,5.42,7.13
2020-08-04,4960,917,4498,897,15723.2,5813.78,24379.16,6395.61,52311.75,2020,8,1,4,32,3,0,11272,0.30056727217116613,0.11113717281490296,0.4660360244113416,0.12225953060258928,3.17,6.34,5.42,7.13
2020-08-05,7615,3900,3950,465,24139.55,24726.0,21409.0,3315.45,73590.0,2020,8,2,5,32,3,0,15930,0.32802758526973774,0.33599673868732166,0.2909226797119174,0.045052996331023235,3.17,6.34,5.42,7.13
2020-08-06,6114,3912,1765,1400,19381.38,24802.08,9566.3,9982.0,63731.76000000001,2020,8,3,6,32,3,0,13191,0.30410865791247566,0.38916358186248107,0.15010255483294355,0.15662520539209962,3.1700000000000004,6.340000000000001,5.42,7.13
2020-08-07,5640,3427,2042,967,17878.8,21727.18,11067.64,6894.71,57568.33,2020,8,4,7,32,3,0,12076,0.3105665910405947,0.3774154991120986,0.19225223312887482,0.11976567671843182,3.17,6.34,5.42,7.13
2020-08-08,5592,3163,5337,896,17726.64,20053.42,28926.54,6388.48,73095.08,2020,8,5,8,32,3,1,14988,0.2425148176867718,0.27434705591675934,0.3957385367113628,0.08739958968510603,3.17,6.34,5.42,7.13
2020-08-09,4900,2654,526,1236,15533.0,16826.36,2850.92,8812.68,44022.96,2020,8,6,9,32,3,1,9316,0.35283860967095354,0.3822178245170248,0.06475984349984645,0.2001837223121753,3.17,6.34,5.42,7.13
2020-08-10,5291,2556,890,897,16772.47,16205.04,4823.8,6395.61,44196.920000000006,2020,8,0,10,33,3,0,9634,0.3794940914434761,0.36665541399717444,0.10914335207068727,0.1447071424886621,3.1700000000000004,6.340000000000001,5.42,7.13
2020-08-11,390,2360,1752,1962,1236.3,14962.4,9495.84,13989.06,39683.6,2020,8,1,11,33,3,0,6464,0.031153927567055407,0.377042405426927,0.23928877420395328,0.35251489280206433,3.17,6.34,5.42,7.13
2020-08-12,5064,2230,3767,1737,16052.88,14138.2,20417.14,12384.81,62993.03,2020,8,2,12,33,3,0,12798,0.25483581278754175,0.2244407039953468,0.32411744600950293,0.19660603720760852,3.17,6.340000000000001,5.42,7.13
2020-08-13,6461,1235,3544,807,20481.37,7829.9,19208.48,5753.91,53273.66,2020,8,3,13,33,3,0,12047,0.384455845534172,0.14697507173338567,0.36056242428246904,0.1080066584499732,3.17,6.34,5.42,7.13
2020-08-14,4515,3717,1850,1181,14312.55,23565.78,10027.0,8420.53,56325.86,2020,8,4,14,33,3,0,11263,0.25410264485975004,0.4183829594434954,0.1780176991527515,0.14949669654400308,3.17,6.34,5.42,7.130000000000001
2020-08-15,4647,2627,2782,1311,14730.99,16655.18,15078.44,9347.43,55812.04,2020,8,5,15,33,3,1,11367,0.2639392862185292,0.29841553901272916,0.2701646454779291,0.16748052929081253,3.17,6.34,5.42,7.13
2020-08-16,1717,3350,3591,905,5442.89,21239.0,19463.22,6452.65,52597.76,2020,8,6,16,33,3,1,9563,0.10348140301031832,0.40380046602745057,0.37003895222914435,0.12267917873308672,3.1700000000000004,6.34,5.42,7.13
2020-08-17,1150,3698,5637,1039,3645.5,23445.32,30552.54,7408.07,65051.43,2020,8,0,17,34,3,0,11524,0.05604027459503965,0.3604120616564463,0.46966746157617134,0.11388020217234271,3.17,6.34,5.42,7.13
2020-08-18,7607,1719,3693,1170,24114.19,10898.46,20016.06,8342.1,63370.80999999999,2020,8,1,18,34,3,0,14189,0.38052519764225834,0.17197918095097728,0.31585614891146263,0.1316394724953019,3.17,6.34,5.42,7.13
2020-08-19,467,460,2381,388,1480.39,2916.4,12905.02,2766.44,20068.25,2020,8,2,19,34,3,0,3696,0.07376776749342868,0.1453240815716368,0.643056569456729,0.13785158147820561,3.1700000000000004,6.34,5.42,7.13
2020-08-20,7946,3462,2743,1385,25188.82,21949.08,14867.06,9875.05,71880.01,2020,8,3,20,34,3,0,15536,0.35042872142060083,0.30535721962197837,0.20683163510967792,0.13738242384774293,3.17,6.340000000000001,5.42,7.13
2020-08-21,5754,3373,1344,253,18240.18,21384.82,7284.48,1803.89,48713.37,2020,8,4,21,34,3,0,10724,0.3744388860799407,0.43899282681530755,0.14953759101454075,0.037030696090210966,3.17,6.34,5.42,7.130000000000001
2020-08-22,2437,299,803,481,7725.29,1895.66,4352.26,3429.53,17402.74,2020,8,5,22,34,3,1,4020,0.44391228047997033,0.10892882385187619,0.2500905029897591,0.19706839267839432,3.17,6.34,5.42,7.130000000000001
2020-08-23,4555,3442,3065,1166,14439.35,21822.28,16612.3,8313.58,61187.51,2020,8,6,23,34,3,1,12228,0.23598525254582184,0.3566459886993277,0.27149821916270167,0.1358705395921488,3.17,6.34,5.42,7.13
2020-08-24,2551,1380,2813,1095,8086.67,8749.2,15246.46,7807.35,39889.68,2020,8,0,24,35,3,0,7839,0.20272586794378897,0.21933492572514998,0.38221565076480934,0.19572355556625173,3.17,6.340000000000001,5.42,7.13
2020-08-25,6047,3509,3053,1671,19168.99,22247.06,16547.26,11914.23,69877.54,2020,8,1,25,35,3,0,14280,0.2743226221186379,0.31837211212644295,0.23680369972955545,0.17050156602536382,3.1700000000000004,6.340000000000001,5.419999999999999,7.13
2020-08-26,2857,1069,556,610,9056.69,6777.46,3013.52,4349.3,23196.97,2020,8,2,26,35,3,0,5092,0.3904255598899339,0.29217005496838594,0.12991007015140338,0.18749431499027674,3.1700000000000004,6.34,5.42,7.13
2020-08-27,5214,1215,392,1566,16528.38,7703.1,2124.64,11165.58,37521.7,2020,8,3,27,35,3,0,8387,0.4405018962360448,0.2052972013528172,0.05662430007169185,0.2975766023394463,3.1700000000000004,6.34,5.42,7.13
2020-08-28,4554,2852,4793,1444,14436.18,18081.68,25978.06,10295.72,68791.64,2020,8,4,28,35,3,0,13643,0.20985369733880455,0.26284705525264407,0.37763396831359164,0.14966527909495977,3.17,6.34,5.42,7.13
2020-08-29,1343,1513,5173,1474,4257.31,9592.42,28037.66,10509.62,52397.01,2020,8,5,29,35,3,1,9503,0.08125101031528326,0.18307189665975215,0.5351003807278316,0.200576712297133,3.1700000000000004,6.34,5.42,7.130000000000001
2020-08-31,2698,1099,2721,392,8552.66,6967.66,14747.82,2794.96,33063.1,2020,8,0,31,36,3,0,6910,0.2586768935762224,0.21073825503355706,0.44605073329482114,0.0845341180953994,3.17,6.34,5.42,7.13
2020-09-01,7579,2422,3132,676,24025.43,15355.48,16975.44,4819.88,61176.23,2020,9,1,1,36,3,0,13809,0.3927249194662698,0.25100402558313906,0.27748424510631003,0.07878680984428102,3.17,6.34,5.42,7.13
2020-09-02,3884,2801,5577,724,12312.28,17758.34,30227.34,5162.12,65460.08000000001,2020,9,2,2,36,3,0,12986,0.1880883738608324,0.27128503356549516,0.4617675383225929,0.07885905425107942,3.1700000000000004,6.34,5.42,7.13
2020-09-03,1154,3376,2422,1567,3658.18,21403.84,13127.24,11172.71,49361.97,2020,9,3,3,36,3,0,8519,0.0741092788638703,0.43360992278063454,0.26593833268809974,0.22634246566739535,3.17,6.34,5.42,7.129999999999999
2020-09-04,3959,296,2247,1317,12550.03,1876.64,12178.74,9390.21,35995.619999999995,2020,9,4,4,36,3,0,7819,0.34865436405873834,0.0521352320087833,0.3383394979722533,0.26087090596022516,3.1700000000000004,6.340000000000001,5.42,7.129999999999999
2020-09-05,1353,3066,4202,350,4289.01,19438.44,22774.84,2495.5,48997.78999999999,2020,9,5,5,36,3,1,8971,0.08753476432304397,0.39672075005831897,0.46481361710395513,0.050930868514681996,3.1700000000000004,6.34,5.42,7.13
2020-09-06,3085,2323,768,1164,9779.45,14727.82,4162.56,8299.32,36969.15,2020,9,6,6,36,3,1,7340,0.2645300203007102,0.39838135310116674,0.1125955019252539,0.2244931246728691,3.1700000000000004,6.34,5.420000000000001,7.13
2020-09-07,2922,1978,2684,1737,9262.74,12540.52,14547.28,12384.81,48735.35,2020,9,0,7,37,3,0,9321,0.19006203915638237,0.25731876348482163,0.2984954452979203,0.25412375206087573,3.17,6.34,5.42,7.13
2020-09-08,7827,1586,1152,1924,24811.59,10055.24,6243.84,13718.12,54828.79,2020,9,1,8,37,3,0,12489,0.4525284982579408,0.18339343253790572,0.11387885816922096,0.2501992110349326,3.17,6.34,5.42,7.130000000000001
2020-09-09,4827,937,1874,676,15301.59,5940.58,10157.08,4819.88,36219.13,2020,9,2,9,37,3,0,8314,0.4224725994246687,0.16401774421417634,0.28043412417691976,0.13307553218423526,3.17,6.34,5.42,7.13
2020-09-10,5596,1247,773,1207,17739.32,7905.98,4189.66,8605.91,38440.87,2020,9,3,10,37,3,0,8823,0.46147030491245383,0.20566600079550745,0.10898972890051654,0.22387396539152207,3.17,6.34,5.42,7.13
2020-09-11,1675,1849,289,646,5309.75,11722.66,1566.38,4605.98,23204.77,2020,9,4,11,37,3,0,4459,0.22882148799578708,0.505183201557266,0.06750250056346174,0.19849280988348514,3.17,6.34,5.420000000000001,7.129999999999999
2020-09-12,7690,3351,4785,473,24377.3,21245.34,25934.7,3372.49,74929.83,2020,9,5,12,37,3,1,16299,0.32533505013957725,0.2835364767276264,0.3461198297126792,0.04500864342011719,3.17,6.34,5.42,7.13
2020-09-13,5645,902,3472,1742,17894.65,5718.68,18818.24,12420.46,54852.030000000006,2020,9,6,13,37,3,1,11761,0.32623496340974073,0.10425648786380376,0.3430728087912152,0.22643573993524027,3.1700000000000004,6.340000000000001,5.420000000000001,7.13
2020-09-14,3117,809,313,999,9880.89,5129.06,1696.46,7122.87,23829.28,2020,9,0,14,38,3,0,5238,0.41465331726346744,0.21524192086374414,0.07119224752069724,0.2989125143520912,3.17,6.340000000000001,5.42,7.13
2020-09-15,1666,873,5089,749,5281.22,5534.82,27582.38,5340.37,43738.79,2020,9,1,15,38,3,0,8377,0.12074453820053092,0.12654259525697897,0.6306159818321448,0.1220968847103452,3.1700000000000004,6.34,5.42,7.13
2020-09-16,7649,1336,4958,465,24247.33,8470.24,26872.36,3315.45,62905.38,2020,9,2,16,38,3,0,14408,0.38545717393329476,0.13465048617463243,0.4271869910014056,0.05270534889066722,3.1700000000000004,6.34,5.42,7.13
2020-09-17,6262,725,4690,890,19850.54,4596.5,25419.8,6345.7,56212.53999999999,2020,9,3,17,38,3,0,12567,0.3531336602117606,0.08177001074849136,0.4522087064558905,0.11288762258385764,3.17,6.34,5.42,7.13
2020-09-18,6203,346,4179,1150,19663.51,2193.64,22650.18,8199.5,52706.83,2020,9,4,18,38,3,0,11878,0.37307328101500314,0.041619653468060964,0.4297389920812919,0.1555680734356439,3.17,6.34,5.42,7.13
2020-09-19,2086,1550,4647,863,6612.62,9827.0,25186.74,6153.19,47779.55,2020,9,5,19,38,3,1,9146,0.13839854079831224,0.2056737662870412,0.5271447721881014,0.12878292072654512,3.17,6.34,5.42,7.13
2020-09-20,2186,2591,906,1458,6929.62,16426.94,4910.52,10395.54,38662.62,2020,9,6,20,38,3,1,7141,0.17923306801246267,0.42487912097007385,0.12700949909757797,0.2688783119198854,3.17,6.34,5.420000000000001,7.130000000000001
2020-09-21,6347,3865,3217,1497,20119.99,24504.1,17436.14,10673.61,72733.84,2020,9,0,21,39,3,0,14926,0.27662488327304047,0.3369009528439582,0.23972527780741398,0.1467488860755874,3.1700000000000004,6.34,5.42,7.130000000000001
2020-09-22,3747,2055,5525,895,11877.99,13028.7,29945.5,6381.35,61233.54,2020,9,1,22,39,3,0,12222,0.19397849609870668,0.21277064824277675,0.48903754380360825,0.10421331185490827,3.17,6.340000000000001,5.42,7.130000000000001
2020-09-23,7282,3770,2963,581,23083.94,23901.8,16059.46,4142.53,67187.73,2020,9,2,23,39,3,0,14596,0.34357374478941316,0.35574650311894745,0.23902370269095266,0.061656049400686704,3.17,6.34,5.42,7.13
2020-09-24,5963,430,1213,659,18902.71,2726.2,6574.46,4698.67,32902.04,2020,9,3,24,39,3,0,8265,0.5745148325149443,0.08285808417958278,0.1998192209358447,0.14280786236962814,3.17,6.34,5.42,7.13
2020-09-25,5527,2619,3145,1998,17520.59,16604.46,17045.9,14245.74,65416.69,2020,9,4,25,39,3,0,13289,0.26783057962730916,0.2538260495907084,0.26057417457226895,0.21776919620971344,3.17,6.34,5.420000000000001,7.13
2020-09-26,6030,2798,5429,1666,19115.1,17739.32,29425.18,11878.58,78158.18000000001,2020,9,5,26,39,3,1,15923,0.24456941039312835,0.22696690224874733,0.37648241041436736,0.15198127694375688,3.17,6.34,5.42,7.13
2020-09-27,7841,2658,4542,1550,24855.97,16851.72,24617.64,11051.5,77376.83,2020,9,6,27,39,3,1,16591,0.3212327256104961,0.21778767623331172,0.31815260459752615,0.14282699355866607,3.17,6.340000000000001,5.42,7.13
2020-09-28,7065,1287,1520,530,22396.05,8159.58,8238.4,3778.9,42572.93,2020,9,0,28,40,3,0,10402,0.526063157973858,0.19166122698155846,0.19351263819520995,0.08876297684937354,3.17,6.34,5.42,7.13
2020-09-29,4889,3031,5878,685,15498.13,19216.54,31858.76,4884.05,71457.48,2020,9,1,29,40,3,0,14483,0.21688604188112987,0.26892272159611563,0.44584219874532377,0.06834903777743072,3.17,6.34,5.42,7.13
2020-09-30,3682,1970,1838,1388,11671.94,12489.8,9961.96,9896.44,44020.14,2020,9,2,30,40,3,0,8878,0.2651499972512582,0.2837292203068868,0.22630459603263414,0.22481618640922088,3.17,6.34,5.42,7.130000000000001
2020-10-01,4441,2584,634,1815,14077.97,16382.56,3436.28,12940.95,46837.76,2020,10,3,1,40,4,0,9474,0.3005688145632925,0.3497724912549191,0.07336559220594666,0.2762931019758417,3.17,6.34,5.42,7.130000000000001
2020-10-02,7802,980,4616,888,24732.34,6213.2,25018.72,6331.44,62295.7,2020,10,4,2,40,4,0,14286,0.3970152032965357,0.09973722102809665,0.40161231031997396,0.1016352653553937,3.17,6.34,5.42,7.13
2020-10-03,7036,2501,690,403,22304.12,15856.34,3739.8,2873.39,44773.65,2020,10,5,3,40,4,1,10630,0.4981528197946783,0.35414445773351066,0.08352680650337867,0.06417591596843232,3.17,6.34,5.42,7.13
2020-10-04,7755,3291,1601,1135,24583.35,20864.94,8677.42,8092.55,62218.26,2020,10,6,4,40,4,1,13782,0.39511471391196085,0.335350747513672,0.13946741680014837,0.1300671217742187,3.17,6.34,5.42,7.13
2020-10-05,1601,3098,991,1709,5075.17,19641.32,5371.22,12185.17,42272.88,2020,10,0,5,41,4,0,7399,0.12005735119064517,0.46463169767472673,0.12706065922170434,0.28825029191292384,3.17,6.34,5.42,7.13
2020-10-06,3112,1448,1541,1841,9865.04,9180.32,8352.22,13126.33,40523.91,2020,10,1,6,41,4,0,7942,0.24343751627125812,0.2265408249105281,0.2061059754599198,0.32391568335829385,3.1700000000000004,6.34,5.42,7.13
2020-10-07,496,2097,4944,1564,1572.32,13294.98,26796.48,11151.32,52815.1,2020,10,2,7,41,4,0,9101,0.029770274031479634,0.2517268735645677,0.5073639924945706,0.21113885990938197,3.17,6.34,5.42,7.13
2020-10-08,5235,3811,1159,722,16594.95,24161.74,6281.78,5147.86,52186.33,2020,10,3,8,41,4,0,10927,0.31799419503153414,0.4629898289456262,0.12037213576812164,0.09864384025471803,3.17,6.340000000000001,5.42,7.13
2020-10-09,3145,3084,5770,457,9969.65,19552.56,31273.4,3258.41,64054.02,2020,10,4,9,41,4,0,12456,0.15564440764217452,0.3052510989942552,0.48823477433578727,0.05086971902778311,3.17,6.340000000000001,5.42,7.13
2020-10-10,6237,3825,5228,1670,19771.29,24250.5,28335.76,11907.1,84264.65000000001,2020,10,5,10,41,4,1,16960,0.23463326555085673,0.28778971965112293,0.33627102230888034,0.14130599248913986,3.17,6.34,5.42,7.13
2020-10-11,712,3867,1419,506,2257.04,24516.78,7690.98,3607.78,38072.58,2020,10,6,11,41,4,1,6504,0.05928255978449582,0.643948479456869,0.20200837453096163,0.09476058622767357,3.17,6.34,5.42,7.130000000000001
2020-10-12,3907,2331,5202,958,12385.19,14778.54,28194.84,6830.54,62189.11000000001,2020,10,0,12,42,4,0,12398,0.1991536781922108,0.23763871198671277,0.45337262424241154,0.1098349855786648,3.17,6.340000000000001,5.42,7.13
2020-10-13,5120,3815,5191,1211,16230.4,24187.1,28135.22,8634.43,77187.15,2020,10,1,13,42,4,0,15337,0.21027334213013438,0.31335656258846195,0.36450652731704697,0.11186356796435677,3.17,6.34,5.42,7.13
2020-10-14,6996,1801,464,955,22177.32,11418.34,2514.88,6809.15,42919.69,2020,10,2,14,42,4,0,10216,0.5167166864439142,0.2660396661765264,0.05859501781117245,0.1586486295683869,3.17,6.34,5.42,7.13
2020-10-15,605,807,3010,259,1917.85,5116.38,16314.2,1846.67,25195.1,2020,10,3,15,42,4,0,4681,0.07611995983345968,0.20307043829951063,0.6475147945433835,0.07329480732364627,3.17,6.34,5.42,7.13
2020-10-16,4856,2000,3110,1352,15393.52,12680.0,16856.2,9639.76,54569.48,2020,10,4,16,42,4,0,11318,0.2820902819671362,0.2323643179300957,0.30889427570136274,0.17665112440140532,3.17,6.34,5.42,7.13
2020-10-17,4509,498,1618,1733,14293.53,3157.32,8769.56,12356.29,38576.7,2020,10,5,17,42,4,1,8358,0.37052236194386773,0.08184525892572461,0.22732789481733792,0.32030448431306985,3.17,6.340000000000001,5.42,7.130000000000001
2020-10-18,6396,3686,320,1433,20275.32,23369.24,1734.4,10217.29,55596.25,2020,10,6,18,42,4,1,11835,0.36468862558176135,0.4203384221058075,0.03119634867459586,0.1837766036378353,3.17,6.340000000000001,5.42,7.130000000000001
2020-10-19,7136,1961,274,696,22621.12,12432.74,1485.08,4962.48,41501.42,2020,10,0,19,43,4,0,10067,0.5450685783763544,0.29957384590695935,0.03578383583019569,0.11957373988649063,3.17,6.34,5.42,7.129999999999999
2020-10-20,4348,3609,5393,1590,13783.16,22881.06,29230.06,11336.7,77230.98,2020,10,1,20,43,4,0,14940,0.17846672410475695,0.2962678966394056,0.37847583961772857,0.14678953963810898,3.17,6.340000000000001,5.42,7.130000000000001
2020-10-21,5888,1707,5456,1086,18664.96,10822.38,29571.52,7743.18,66802.04000000001,2020,10,2,21,43,4,0,14137,0.279407036072551,0.1620067291358168,0.44267390636573367,0.11591232842589837,3.17,6.34,5.42,7.13
2020-10-22,3292,810,2741,485,10435.64,5135.4,14856.22,3458.05,33885.31,2020,10,3,22,43,4,0,7328,0.30796944162529427,0.15155239836967702,0.43842656301506466,0.1020515969899641,3.17,6.34,5.42,7.130000000000001
2020-10-23,6847,1177,479,1605,21704.99,7462.18,2596.18,11443.65,43207.0,2020,10,4,23,43,4,0,10108,0.5023489249427177,0.17270766311014418,0.060087022936098314,0.26485638901103986,3.1700000000000004,6.34,5.42,7.13
2020-10-24,365,2103,4876,1388,1157.05,13333.02,26427.92,9896.44,50814.43,2020,10,5,24,43,4,1,8732,0.022770106837762424,0.26238649139624315,0.5200869123199846,0.19475648944600973,3.17,6.34,5.42,7.130000000000001
2020-10-25,1419,326,264,1598,4498.23,2066.84,1430.88,11393.74,19389.69,2020,10,6,25,43,4,1,3607,0.23199081573764202,0.1065947934185642,0.07379591937777243,0.5876184714660214,3.1699999999999995,6.340000000000001,5.420000000000001,7.13
2020-10-26,7209,2924,2261,1299,22852.53,18538.16,12254.62,9261.87,62907.18000000001,2020,10,0,26,44,4,0,13693,0.3632737948196056,0.2946906855465465,0.1948047901686262,0.14723072946522162,3.17,6.34,5.42,7.130000000000001
2020-10-27,6037,3591,348,264,19137.29,22766.94,1886.16,1882.32,45672.71,2020,10,1,27,44,4,0,10240,0.41900929460940683,0.49848016463222783,0.041297308611641395,0.04121323214672394,3.17,6.34,5.42,7.13
2020-10-28,3362,2786,4181,379,10657.54,17663.24,22661.02,2702.27,53684.07,2020,10,2,28,44,4,0,10708,0.19852332358556274,0.3290219985183687,0.4221181441720048,0.05033653372406377,3.1700000000000004,6.340000000000001,5.42,7.13
2020-10-29,5381,535,5698,909,17057.77,3391.9,30883.16,6481.17,57814.0,2020,10,3,29,44,4,0,12523,0.2950456636800775,0.0586691804753174,0.5341813401598229,0.11210381568478224,3.17,6.34,5.42,7.13
2020-10-30,7129,3311,1137,290,22598.93,20991.74,6162.54,2067.7,51820.91,2020,10,4,30,44,4,0,11867,0.4360967416434794,0.4050824271515108,0.1189199494952906,0.0399008817097191,3.17,6.340000000000001,5.42,7.129999999999999
2020-11-01,958,2401,3079,1648,3036.86,15222.34,16688.18,11750.24,46697.62,2020,11,6,1,44,4,1,8086,0.0650324363425802,0.32597678425581433,0.35736682083583704,0.2516239585657684,3.17,6.34,5.42,7.13
2020-11-02,1921,1060,5531,1589,6089.57,6720.4,29978.02,11329.57,54117.56,2020,11,0,2,45,4,0,10101,0.11252484406170567,0.12418150411807184,0.5539425650380394,0.2093510867821831,3.17,6.34,5.42,7.13
2020-11-03,4279,610,3364,1255,13564.43,3867.4,18232.88,8948.15,44612.86000000001,2020,11,1,3,45,4,0,9508,0.3040475324827863,0.0866880087938769,0.4086911262806284,0.20057333244270817,3.17,6.34,5.42,7.13
2020-11-04,7296,1431,2995,476,23128.32,9072.54,16232.9,3393.88,51827.64,2020,11,2,4,45,4,0,12198,0.446254546801668,0.17505215363848328,0.3132093222844027,0.06548397727544608,3.17,6.340000000000001,5.42,7.13
2020-11-05,2017,823,5718,1022,6393.89,5217.82,30991.56,7286.86,49890.130000000005,2020,11,3,5,45,4,0,9580,0.12815941750402335,0.10458621775489459,0.6211962165662828,0.14605814817479928,3.1700000000000004,6.34,5.42,7.13
2020-11-06,7145,3416,5505,1549,22649.65,21657.44,29837.1,11044.37,85188.56,2020,11,4,6,45,4,0,17615,0.2658766623124044,0.2542294411362277,0.3502477327941686,0.12964616375719934,3.1700000000000004,6.34,5.42,7.130000000000001
2020-11-07,3821,1785,4905,697,12112.57,11316.9,26585.1,4969.61,54984.18,2020,11,5,7,45,4,1,11208,0.22029190941830903,0.20582101979151093,0.4835045280296987,0.09038254276048129,3.17,6.34,5.42,7.13
2020-11-08,5396,3520,3853,1661,17105.32,22316.8,20883.26,11842.93,72148.31,2020,11,6,8,45,4,1,14430,0.2370855256346268,0.3093184026070742,0.28944905292999934,0.16414701882829966,3.17,6.34,5.42,7.13
2020-11-09,3864,1983,5816,624,12248.88,12572.22,31522.72,4449.12,60792.94,2020,11,0,9,46,4,0,12287,0.2014852382529945,0.20680394795843068,0.5185259998940667,0.07318481389450814,3.17,6.34,5.42,7.13
2020-11-10,4445,937,3825,1490,14090.65,5940.58,20731.5,10623.7,51386.42999999999,2020,11,1,10,46,4,0,10697,0.2742095529889895,0.11560600726689908,0.40344308799035083,0.2067413517537607,3.17,6.34,5.42,7.130000000000001
2020-11-11,2510,3649,1747,520,7956.7,23134.66,9468.74,3707.6,44267.7,2020,11,2,11,46,4,0,8426,0.17974053316526498,0.5226081318884875,0.21389726595237613,0.08375406899387138,3.17,6.34,5.42,7.13
2020-11-12,5560,1410,446,1124,17625.2,8939.4,2417.32,8014.12,36996.04,2020,11,3,12,46,4,0,8540,0.47640774526138474,0.2416312664814937,0.06533996611529234,0.21662102214182924,3.17,6.34,5.42,7.13
2020-11-13,958,2661,3865,1303,3036.86,16870.74,20948.3,9290.39,50146.29,2020,11,4,13,46,4,0,8787,0.06056001351246523,0.33643047172582463,0.4177437652915101,0.18526574947020008,3.17,6.340000000000001,5.42,7.13
2020-11-14,1716,2307,5406,1128,5439.72,14626.38,29300.52,8042.64,57409.26,2020,11,5,14,46,4,1,10557,0.09475335512075926,0.2547738814260974,0.5103796843923785,0.14009307906076476,3.17,6.34,5.42,7.13
2020-11-15,1738,1585,1653,1667,5509.46,10048.9,8959.26,11885.71,36403.33,2020,11,6,15,46,4,1,6643,0.15134494564096196,0.27604342789519526,0.24611100138366462,0.3265006250801781,3.17,6.34,5.42,7.13
2020-11-16,4307,2618,3721,530,13653.19,16598.12,20167.82,3778.9,54198.03,2020,11,0,16,47,4,0,11176,0.2519130307872814,0.3062495075928036,0.3721135251594938,0.06972393646042116,3.17,6.34,5.42,7.13
2020-11-17,4446,3998,4091,1442,14093.82,25347.32,22173.22,10281.46,71895.82,2020,11,1,17,47,4,0,13977,0.19603114617790016,0.3525562404045186,0.3084076376067482,0.14300497581083293,3.17,6.34,5.42,7.129999999999999
2020-11-18,7111,2251,4797,807,22541.87,14271.34,25999.74,5753.91,68566.86,2020,11,2,18,47,4,0,14966,0.32875750763561284,0.20813757549930098,0.37918813840972154,0.08391677845536459,3.17,6.34,5.42,7.13
2020-11-19,2874,3620,5719,1692,9110.58,22950.8,30996.98,12063.96,75122.32,2020,11,3,19,47,4,0,13905,0.12127660594081757,0.3055123963157687,0.4126201107740016,0.16059088696941198,3.17,6.34,5.42,7.13
2020-11-20,4868,3341,2526,252,15431.56,21181.94,13690.92,1796.76,52101.18,2020,11,4,20,47,4,0,10987,0.29618446261677756,0.40655393985318566,0.2627756223563459,0.03448597517369088,3.17,6.34,5.42,7.13
2020-11-21,1320,1162,4383,884,4184.4,7367.08,23755.86,6302.92,41610.26,2020,11,5,21,47,4,1,7749,0.10056173645634513,0.1770496026701107,0.5709135198866818,0.15147514098686238,3.17,6.34,5.42,7.13
2020-11-22,5184,2360,2742,795,16433.28,14962.4,14861.64,5668.35,51925.67,2020,11,6,22,47,4,1,11081,0.3164769949044471,0.2881503502988021,0.2862098842441513,0.10916277055259953,3.17,6.34,5.42,7.130000000000001
2020-11-23,6744,2952,4929,1294,21378.48,18715.68,26715.18,9226.22,76035.56,2020,11,0,23,48,4,0,15919,0.2811642342083099,0.24614377799019302,0.3513511309708247,0.12134085683067238,3.17,6.34,5.42,7.13
2020-11-24,6153,3657,3434,1413,19505.01,23185.38,18612.28,10074.69,71377.36,2020,11,1,24,48,4,0,14657,0.27326606083497623,0.32482820883260466,0.26075887368207507,0.14114685665034404,3.17,6.34,5.42,7.130000000000001
2020-11-25,5795,3104,2077,1925,18370.15,19679.36,11257.34,13725.25,63032.100000000006,2020,11,2,25,48,4,0,12901,0.2914411863161786,0.3122117143487207,0.17859693711616778,0.21775016221893287,3.1700000000000004,6.34,5.42,7.13
2020-11-26,7634,605,922,1793,24199.78,3835.7,4997.24,12784.09,45816.81,2020,11,3,26,48,4,0,10954,0.5281856157161531,0.0837181811653845,0.10907001163983263,0.2790261914786298,3.17,6.34,5.42,7.13
2020-11-27,3802,281,4224,919,12052.34,1781.54,22894.08,6552.47,43280.43000000001,2020,11,4,27,48,4,0,9226,0.2784708931958393,0.04116271488060538,0.5289707149397544,0.15139567698380074,3.17,6.34,5.420000000000001,7.13
2020-11-28,1596,3661,3359,1230,5059.32,23210.74,18205.78,8769.9,55245.74,2020,11,5,28,48,4,1,9846,0.0915784637874341,0.4201362856212986,0.3295417891044631,0.15874346148680424,3.17,6.340000000000001,5.42,7.13
2020-11-29,6117,1687,3922,1796,19390.89,10695.58,21257.24,12805.48,64149.19,2020,11,6,29,48,4,1,13522,0.30227801785182323,0.16672977476410847,0.3313719159976923,0.19962029138637602,3.17,6.34,5.420000000000001,7.13
2020-11-30,2881,3587,3835,1705,9132.77,22741.58,20785.7,12156.65,64816.7,2020,11,0,30,49,4,0,12008,0.1409014960650573,0.3508598864181608,0.3206843298100644,0.18755428770671756,3.1700000000000004,6.340000000000001,5.42,7.13
2020-12-01,1801,1566,4417,873,5709.17,9928.44,23940.14,6224.49,45802.24,2020,12,1,1,49,4,0,8657,0.1246482704776011,0.21676756420646678,0.5226849167202303,0.13589924859570188,3.17,6.340000000000001,5.42,7.13
2020-12-02,5221,571,1193,1568,16550.57,3620.14,6466.06,11179.84,37816.61,2020,12,2,2,49,4,0,8553,0.4376534543947752,0.09572883449891463,0.170984654626631,0.2956330564796792,3.17,6.34,5.42,7.13
2020-12-03,3047,1536,4381,560,9658.99,9738.24,23745.02,3992.8,47135.05,2020,12,3,3,49,4,0,9524,0.20492160292606032,0.20660294197205686,0.503765669072166,0.08470978602971674,3.17,6.34,5.42,7.13
2020-12-04,2359,2664,3094,308,7478.03,16889.76,16769.48,2196.04,43333.31,2020,12,4,4,49,4,0,8425,0.17257001599923938,0.38976390218056267,0.3869882083782661,0.05067787344193186,3.17,6.339999999999999,5.42,7.13
2020-12-05,6147,2254,5331,1063,19485.99,14290.36,28894.02,7579.19,70249.56000000001,2020,12,5,5,49,4,1,14795,0.2773823779109791,0.20342276876894316,0.4113053519481118,0.10788950137196586,3.1700000000000004,6.34,5.42,7.13
2020-12-06,4942,1423,3560,1796,15666.14,9021.82,19295.2,12805.48,56788.64,2020,12,6,6,49,4,1,11721,0.2758674974431506,0.15886663248142585,0.3397721797880703,0.22549369028735325,3.17,6.34,5.42,7.13
2020-12-07,4213,483,5042,1896,13355.21,3062.22,27327.64,13518.48,57263.55,2020,12,0,7,50,4,0,11634,0.23322357765105375,0.053475902210044605,0.4772257395847795,0.2360747805541221,3.17,6.34,5.42,7.13
2020-12-08,362,1683,2903,1747,1147.54,10670.22,15734.26,12456.11,40008.13,2020,12,1,8,50,4,0,6695,0.02868267024727224,0.2667012929622054,0.3932765665378512,0.31133947025267117,3.17,6.34,5.42,7.13
2020-12-09,7820,3430,3536,641,24789.4,21746.2,19165.12,4570.33,70271.05,2020,12,2,9,50,4,0,15427,0.35276831639772,0.3094617200112991,0.2727313737307184,0.06503858986026251,3.1700000000000004,6.34,5.42,7.13
2020-12-10,3194,3469,2404,1140,10124.98,21993.46,13029.68,8128.2,53276.31999999999,2020,12,3,10,50,4,0,10207,0.19004653474564312,0.4128186781669605,0.2445679431312073,0.1525668439561892,3.17,6.34,5.42,7.13
2020-12-11,3244,2839,1516,1556,10283.48,17999.26,8216.72,11094.28,47593.74,2020,12,4,11,50,4,0,9155,0.2160679114522204,0.37818545043949053,0.17264287278116827,0.23310376532712077,3.17,6.34,5.42,7.130000000000001
2020-12-12,6576,387,4468,408,20845.92,2453.58,24216.56,2909.04,50425.1,2020,12,5,12,50,4,1,11839,0.41340364223372883,0.04865791044539327,0.48024813039537856,0.057690316925499405,3.17,6.34,5.42,7.13
2020-12-13,2074,1198,2709,1529,6574.58,7595.32,14682.78,10901.77,39754.45,2020,12,6,13,50,4,1,7510,0.16537972478552718,0.19105584406274015,0.36933676607272903,0.27422766507900376,3.17,6.34,5.42,7.13
2020-12-14,1656,1677,5986,353,5249.52,10632.18,32444.12,2516.89,50842.71,2020,12,0,14,51,4,0,9672,0.10325020047121801,0.20911906544714082,0.638127275277026,0.04950345880461525,3.1700000000000004,6.34,5.42,7.13
2020-12-15,5602,1622,1820,1902,17758.34,10283.48,9864.4,13561.26,51467.48,2020,12,1,15,51,4,0,10946,0.3450400136163651,0.19980539167645275,0.19166277424113243,0.26349182046604963,3.17,6.34,5.42,7.13
2020-12-16,890,2412,3227,1313,2821.3,15292.08,17490.34,9361.69,44965.41,2020,12,2,16,51,4,0,7842,0.06274378461132679,0.3400854123202702,0.38897321296525483,0.20819759010314817,3.1700000000000004,6.34,5.42,7.130000000000001
2020-12-17,4242,1894,1224,1840,13447.14,12007.96,6634.08,13119.2,45208.380000000005,2020,12,3,17,51,4,0,9200,0.29744795102146987,0.2656135875693842,0.14674447524994258,0.2901939861592032,3.17,6.34,5.42,7.130000000000001
2020-12-18,4600,2633,1986,672,14582.0,16693.22,10764.12,4791.36,46830.7,2020,12,4,18,51,4,0,9891,0.3113769386321366,0.3564589040949634,0.22985178526052358,0.1023123720123765,3.17,6.340000000000001,5.420000000000001,7.13
2020-12-19,2450,2247,5721,690,7766.5,14245.98,31007.82,4919.7,57940.0,2020,12,5,19,51,4,1,11108,0.13404383845357265,0.2458746979634104,0.535171211598205,0.08491025198481188,3.17,6.34,5.42,7.13
2020-12-20,5617,2423,5647,716,17805.89,15361.82,30606.74,5105.08,68879.53,2020,12,6,20,51,4,1,14403,0.25850771629829644,0.2230244602423971,0.444351754432703,0.0741160690266034,3.17,6.34,5.42,7.13
2020-12-21,5184,2472,3065,702,16433.28,15672.48,16612.3,5005.26,53723.32,2020,12,0,21,52,4,0,11423,0.30588727576776714,0.29172582781555567,0.30921953445915107,0.09316736195752609,3.17,6.34,5.42,7.13
2020-12-22,5211,1577,786,544,16518.87,9998.18,4260.12,3878.72,34655.89,2020,12,1,22,52,4,0,8118,0.47665404062628314,0.28849872272794036,0.12292629045163751,0.111920946194139,3.17,6.34,5.42,7.13
2020-12-23,1483,2098,5032,354,4701.11,13301.32,27273.44,2524.02,47799.88999999999,2020,12,2,23,52,4,0,8967,0.09834980791796802,0.2782709332594699,0.570575371616964,0.05280388720559818,3.17,6.34,5.42,7.13
2020-12-24,1806,1756,3017,476,5725.02,11133.04,16352.14,3393.88,36604.08,2020,12,3,24,52,4,0,7055,0.15640387628920055,0.30414751579605337,0.446729982012934,0.09271862590181204,3.1700000000000004,6.340000000000001,5.42,7.13
2020-12-25,4031,626,1375,842,12778.27,3968.84,7452.5,6003.46,30203.07,2020,12,4,25,52,4,0,6874,0.423078514866204,0.1314051849696074,0.24674644001421048,0.19876986014997813,3.17,6.34,5.42,7.13
2020-12-26,1355,963,2433,1615,4295.35,6105.42,13186.86,11514.95,35102.58,2020,12,5,26,52,4,1,6366,0.12236564947647723,0.17393080508612188,0.3756664040079105,0.32803714142949036,3.1700000000000004,6.34,5.42,7.130000000000001
2020-12-27,2500,3848,5723,1540,7925.0,24396.32,31018.66,10980.2,74320.18,2020,12,6,27,52,4,1,13611,0.10663321859554162,0.32825970012451533,0.4173652431950515,0.14774183808489164,3.17,6.34,5.42,7.130000000000001
2020-12-28,4098,1004,2003,894,12990.66,6365.36,10856.26,6374.22,36586.5,2020,12,0,28,53,4,0,7999,0.35506703292197944,0.17398111325215584,0.2967285747475162,0.1742232790783486,3.17,6.34,5.42,7.13
2020-12-29,5148,3619,751,1474,16319.16,22944.46,4070.42,10509.62,53843.66,2020,12,1,29,53,4,0,10992,0.3030841514116982,0.4261311359591825,0.07559701550748964,0.19518769712162956,3.17,6.34,5.42,7.130000000000001
2020-12-30,1634,3170,759,1368,5179.78,20097.8,4113.78,9753.84,39145.2,2020,12,2,30,53,4,0,6931,0.1323222259689566,0.5134167152039075,0.10509027926795622,0.24917077955917968,3.17,6.34,5.42,7.13
2021-01-01,7693,2394,2384,1367,24386.81,15177.96,12921.28,9746.71,62232.76,2021,1,4,1,53,1,0,13838,0.3918645099462084,0.24389019545332713,0.20762826524165087,0.15661702935881358,3.1700000000000004,6.34,5.42,7.129999999999999
2021-01-02,5418,1294,1071,1492,17175.06,8203.96,5804.82,10637.96,41821.8,2021,1,5,2,53,1,1,9275,0.4106724244293646,0.19616467966467246,0.13879890392092162,0.2543639919850413,3.1700000000000004,6.339999999999999,5.42,7.129999999999999
2021-01-03,6718,649,4878,1380,21296.06,4114.66,26438.76,9839.4,61688.88,2021,1,6,3,53,1,1,13625,0.3452171606941154,0.06670018972625212,0.4285822663663208,0.1595003832133117,3.1700000000000004,6.34,5.42,7.13
2021-01-04,6964,1122,2730,428,22075.88,7113.48,14796.6,3051.64,47037.6,2021,1,0,4,1,1,0,11244,0.4693241151759444,0.15122965457421297,0.31456962089902546,0.06487660935081722,3.17,6.34,5.42,7.13
2021-01-05,3963,1848,1563,944,12562.71,11716.32,8471.46,6730.72,39481.21,2021,1,1,5,1,1,0,8318,0.31819465512835093,0.2967568623150101,0.21456941162644202,0.17047907093019693,3.17,6.34,5.419999999999999,7.13
2021-01-06,4556,3793,1381,1221,14442.52,24047.62,7485.02,8705.73,54680.89,2021,1,2,6,1,1,0,10951,0.2641237185422549,0.4397810642804095,0.13688548229555153,0.1592097348817841,3.17,6.34,5.42,7.13
2021-01-07,1247,2379,4995,1235,3952.99,15082.86,27072.9,8805.55,54914.3,2021,1,3,7,1,1,0,9856,0.07198471072197951,0.27466179119100126,0.4930027333499653,0.1603507647370539,3.17,6.34,5.42,7.129999999999999
2021-01-08,4669,1548,1938,503,14800.73,9814.32,10503.96,3586.39,38705.4,2021,1,4,8,1,1,0,8658,0.3823944462529776,0.2535646188903874,0.27138228774279555,0.0926586471138394,3.17,6.34,5.42,7.13
2021-01-09,2986,2894,2037,1082,9465.62,18347.96,11040.54,7714.66,46568.78,2021,1,5,9,1,1,1,8999,0.20326106889637222,0.39399700829611595,0.2370802928485565,0.16566162995895534,3.1700000000000004,6.34,5.420000000000001,7.13
2021-01-10,4632,2987,3407,1572,14683.44,18937.58,18465.94,11208.36,63295.32000000001,2021,1,6,10,1,1,1,12598,0.23198302812909388,0.29919400044110683,0.2917425806520924,0.17708039077770676,3.17,6.340000000000001,5.42,7.130000000000001
2021-01-11,7553,2369,310,1118,23943.01,15019.46,1680.2,7971.34,48614.01,2021,1,0,11,2,1,0,11350,0.4925125493659132,0.30895332436061124,0.03456205320235874,0.16397207307111675,3.17,6.34,5.42,7.13
2021-01-12,5754,3963,844,1934,18240.18,25125.42,4574.48,13789.42,61729.5,2021,1,1,12,2,1,0,12495,0.29548562680728013,0.4070245182611231,0.07410524951603366,0.22338460541556307,3.17,6.34,5.419999999999999,7.13
2021-01-13,5283,3675,4237,436,16747.11,23299.5,22964.54,3108.68,66119.83,2021,1,2,13,2,1,0,13631,0.2532842265323429,0.35238293867361725,0.34731698493477675,0.0470158498592631,3.17,6.34,5.42,7.13
2021-01-14,4217,3256,4747,1263,13367.89,20643.04,25728.74,9005.19,68744.86,2021,1,3,14,2,1,0,13483,0.19445657464427157,0.30028485038735986,0.3742641995343361,0.13099437543403245,3.17,6.34,5.42,7.130000000000001
2021-01-15,6688,2608,808,1694,21200.96,16534.72,4379.36,12078.22,54193.26,2021,1,4,15,2,1,0,11798,0.39121027227371075,0.30510657598380314,0.08081004907252304,0.222873102669963,3.17,6.340000000000001,5.42,7.13
2021-01-16,3807,1665,2999,1437,12068.19,10556.1,16254.58,10245.81,49124.68,2021,1,5,16,2,1,1,9908,0.24566450102066822,0.2148838425003481,0.330884191001346,0.20856746547763771,3.17,6.34,5.42,7.13
2021-01-17,1995,1424,5381,557,6324.15,9028.16,29165.02,3971.41,48488.740000000005,2021,1,6,17,2,1,1,9357,0.13042512550336427,0.1861908558564318,0.6014802611905361,0.08190375744966769,3.17,6.34,5.42,7.13
2021-01-18,6009,3432,2070,257,19048.53,21758.88,11219.4,1832.41,53859.22000000001,2021,1,0,18,3,1,0,11768,0.3536725931047645,0.4039954533318529,0.20830973786846518,0.03402221569491723,3.17,6.34,5.42,7.13
2021-01-19,595,1001,4716,772,1886.15,6346.34,25560.72,5504.36,39297.57,2021,1,1,19,3,1,0,7084,0.04799660640594317,0.16149446390705582,0.6504402180592846,0.14006871162771642,3.1700000000000004,6.34,5.42,7.13
2021-01-20,7882,787,5395,673,24985.94,4989.58,29240.9,4798.49,64014.91,2021,1,2,20,3,1,0,14737,0.39031438144644737,0.07794402897699926,0.45678264641784233,0.07495894315871099,3.17,6.34,5.42,7.13
2021-01-21,833,2112,5711,1209,2640.61,13390.08,30953.62,8620.17,55604.48,2021,1,3,21,3,1,0,9865,0.047489159146888886,0.24080937363320365,0.5566749297898298,0.15502653743007758,3.1700000000000004,6.34,5.42,7.13
2021-01-22,7528,3921,1529,1761,23863.76,24859.14,8287.18,12555.93,69566.01,2021,1,4,22,3,1,0,14739,0.343037641514872,0.3573460659882607,0.1191268551983936,0.1804894372984738,3.17,6.34,5.42,7.13
2021-01-23,6128,3464,1937,933,19425.76,21961.76,10498.54,6652.29,58538.35,2021,1,5,23,3,1,1,12462,0.33184672953713246,0.37516875689184953,0.17934465183934978,0.11363986173166822,3.17,6.34,5.420000000000001,7.13
2021-01-24,6233,1254,4387,590,19758.61,7950.36,23777.54,4206.7,55693.21,2021,1,6,24,3,1,1,12464,0.35477592331273416,0.1427527700414467,0.4269378619045302,0.07553344474128892,3.17,6.34,5.42,7.13
2021-01-25,7380,3367,4512,1316,23394.6,21346.78,24455.04,9383.08,78579.5,2021,1,0,25,4,1,0,16575,0.2977188706978283,0.27165838418417015,0.31121399347157974,0.11940875164642177,3.17,6.34,5.42,7.13
2021-01-26,1637,3415,2765,1322,5189.29,21651.1,14986.3,9425.86,51252.55,2021,1,1,26,4,1,0,9139,0.10124940124930369,0.42243946886545153,0.2924010610203785,0.18391006886486624,3.17,6.34,5.42,7.130000000000001
2021-01-27,2627,2433,3133,1893,8327.59,15425.22,16980.86,13497.09,54230.76,2021,1,2,27,4,1,0,10086,0.15355842330072453,0.28443672926582625,0.3131222944321636,0.24888255300128562,3.17,6.34,5.42,7.13
2021-01-28,1266,2913,2770,922,4013.22,18468.42,15013.4,6573.86,44068.9,2021,1,3,28,4,1,0,7871,0.09106694290077583,0.419080576097883,0.34068016220055414,0.14917231880078693,3.17,6.339999999999999,5.42,7.13
2021-01-29,5798,1539,1347,763,18379.66,9757.26,7300.74,5440.19,40877.85,2021,1,4,29,4,1,0,9447,0.44962394059374455,0.23869308195024935,0.17859892337781952,0.1330840540781866,3.17,6.34,5.42,7.13
2021-01-30,5245,596,4953,1972,16626.65,3778.64,26845.26,14060.36,61310.91,2021,1,5,30,4,1,1,12766,0.27118582973242444,0.06163079295348902,0.4378545351879461,0.22932884212614035,3.1700000000000004,6.34,5.42,7.13
2021-01-31,3081,2860,2552,1040,9766.77,18132.4,13831.84,7415.2,49146.21,2021,1,6,31,4,1,1,9533,0.19872885416800198,0.3689480836874299,0.2814426585488484,0.1508804035957198,3.17,6.340000000000001,5.42,7.13
2021-02-01,5727,1109,3335,668,18154.59,7031.06,18075.7,4762.84,48024.19,2021,2,0,1,5,1,0,10839,0.3780301135740134,0.14640663382349603,0.37638739976665925,0.09917585283583127,3.17,6.340000000000001,5.42,7.13
2021-02-02,7645,1647,3906,1955,24234.65,10441.98,21170.52,13939.15,69786.3,2021,2,1,2,5,1,0,15153,0.3472694497344035,0.14962793556901569,0.3033621212186346,0.19974049347794623,3.1700000000000004,6.34,5.42,7.13
2021-02-03,7339,758,3099,1508,23264.63,4805.72,16796.58,10752.04,55618.97000000001,2021,2,2,3,5,1,0,12704,0.4182858833955393,0.08640433291015637,0.30199372624124465,0.1933160574530596,3.17,6.340000000000001,5.420000000000001,7.130000000000001
2021-02-04,3565,2252,4126,1492,11301.05,14277.68,22362.92,10637.96,58579.60999999999,2021,2,3,4,5,1,0,11435,0.19291780877339404,0.24373122320206642,0.38175262689526274,0.1815983411292769,3.17,6.34,5.42,7.129999999999999
2021-02-05,7432,2893,3703,524,23559.44,18341.62,20070.26,3736.12,65707.43999999999,2021,2,4,5,5,1,0,14552,0.3585505690071018,0.27914068787339763,0.30544881979879296,0.05685992332070768,3.17,6.34,5.42,7.13
2021-02-06,7050,1125,3991,787,22348.5,7132.5,21631.22,5611.31,56723.53,2021,2,5,6,5,1,1,12953,0.39398993680400357,0.1257414691927671,0.38134474353059483,0.09892385047263456,3.17,6.34,5.42,7.130000000000001
2021-02-07,6919,2330,1612,1601,21933.23,14772.2,8737.04,11415.13,56857.6,2021,2,6,7,5,1,1,12462,0.3857572250675371,0.2598104738856371,0.1536652971634399,0.20076700388338586,3.17,6.340000000000001,5.420000000000001,7.13
2021-02-08,7221,2998,1423,1903,22890.57,19007.32,7712.66,13568.39,63178.94,2021,2,0,8,6,1,0,13545,0.3623132961711608,0.30084898543723587,0.12207643876266362,0.21476127962893962,3.17,6.34,5.42,7.13
2021-02-09,1700,646,4424,1365,5389.0,4095.64,23978.08,9732.45,43195.17,2021,2,1,9,6,1,0,8135,0.12475931915535927,0.09481708255807304,0.5551102125538574,0.22531338573271043,3.17,6.34,5.420000000000001,7.130000000000001
2021-02-10,1820,2744,3846,1659,5769.4,17396.96,20845.32,11828.67,55840.35,2021,2,2,10,6,1,0,10069,0.10331955297558128,0.31154819051098354,0.37330210143740145,0.21183015507603373,3.17,6.34,5.42,7.13
2021-02-11,3676,3994,4044,879,11652.92,25321.96,21918.48,6267.27,65160.630000000005,2021,2,3,11,6,1,0,12593,0.17883375283510916,0.3886082746591001,0.3363761215936678,0.09618185091212286,3.17,6.34,5.42,7.130000000000001
2021-02-12,1733,2741,388,559,5493.61,17377.94,2102.96,3985.67,28960.18,2021,2,4,12,6,1,0,5421,0.18969529885518666,0.6000632592753221,0.072615570759574,0.13762587110991714,3.17,6.34,5.42,7.13
2021-02-13,6438,968,3659,252,20408.46,6137.12,19831.78,1796.76,48174.12,2021,2,5,13,6,1,1,11317,0.42363949772201337,0.12739454296207176,0.4116687549248434,0.037297204391071384,3.17,6.34,5.42,7.13
2021-02-14,6743,3597,2822,1464,21375.31,22804.98,15295.24,10438.32,69913.85,2021,2,6,14,6,1,1,14626,0.3057378473650071,0.3261868714138901,0.21877267522815577,0.149302605992947,3.1700000000000004,6.34,5.42,7.13
2021-02-15,4139,752,5607,841,13120.63,4767.68,30389.94,5996.33,54274.58,2021,2,0,15,7,1,0,11339,0.2417453990431616,0.08784370141602202,0.5599295287038609,0.11048137083695535,3.17,6.340000000000001,5.42,7.13
2021-02-16,453,2527,1189,467,1436.01,16021.18,6444.38,3329.71,27231.28,2021,2,1,16,7,1,0,4636,0.05273384137653463,0.5883373825982473,0.23665358367289382,0.12227519235232424,3.17,6.34,5.42,7.13
2021-02-17,1566,1761,1935,793,4964.22,11164.74,10487.7,5654.09,32270.75,2021,2,2,17,7,1,0,6055,0.15383032622421233,0.3459708869487074,0.32499089732962516,0.17520788949745514,3.1700000000000004,6.34,5.420000000000001,7.13
2021-02-18,4837,3499,5086,1508,15333.29,22183.66,27566.12,10752.04,75835.10999999999,2021,2,3,18,7,1,0,14930,0.20219249368795014,0.2925249267786386,0.36350075842179175,0.14178182111161972,3.1700000000000004,6.34,5.42,7.130000000000001
2021-02-19,6576,878,2027,607,20845.92,5566.52,10986.34,4327.91,41726.69,2021,2,4,19,7,1,0,10088,0.4995824015755862,0.1334043030971304,0.26329287082200864,0.10372042450527467,3.17,6.340000000000001,5.42,7.13
2021-02-20,2209,2250,2689,1186,7002.53,14265.0,14574.38,8456.18,44298.09,2021,2,5,20,7,1,1,8334,0.1580774701572912,0.32202291340326417,0.32900696169970306,0.19089265473974162,3.17,6.34,5.42,7.13
2021-02-21,939,417,629,733,2976.63,2643.78,3409.18,5226.29,14255.88,2021,2,6,21,7,1,1,2718,0.20880015825049034,0.18545189774324702,0.23914202420334627,0.3666059198029164,3.17,6.340000000000001,5.42,7.13
2021-02-22,904,936,4102,404,2865.68,5934.24,22232.84,2880.52,33913.28,2021,2,0,22,8,1,0,6346,0.08450023117787486,0.17498277960728068,0.6555791713452666,0.08493781786957794,3.17,6.34,5.42,7.13
2021-02-23,674,2085,2390,1695,2136.58,13218.9,12953.8,12085.35,40394.63,2021,2,1,23,8,1,0,6844,0.05289267410049306,0.32724399258020187,0.3206812390656877,0.2991820942536174,3.17,6.34,5.42,7.13
2021-02-24,6986,2205,4320,714,22145.62,13979.7,23414.4,5090.82,64630.54,2021,2,2,24,8,1,0,14225,0.34264946571698146,0.2163017669355695,0.36228074220020445,0.07876802514724462,3.17,6.340000000000001,5.42,7.13
2021-02-25,6808,2814,3245,1276,21581.36,17840.76,17587.9,9097.88,66107.9,2021,2,3,25,8,1,0,14143,0.32645659595903065,0.2698733434279413,0.26604838453498,0.13762167607804815,3.17,6.34,5.420000000000001,7.129999999999999
2021-02-26,653,1821,2376,768,2070.01,11545.14,12877.92,5475.84,31968.91,2021,2,4,26,8,1,0,5618,0.06475072187321995,0.36113649167269074,0.4028263709960709,0.17128641545801843,3.1700000000000004,6.34,5.42,7.13
2021-02-27,576,3888,4530,980,1825.92,24649.92,24552.6,6987.4,58015.84,2021,2,5,27,8,1,1,9974,0.031472783984511817,0.4248825837909095,0.4232051108800631,0.12043952134451556,3.17,6.34,5.42,7.13
2021-02-28,3846,1599,5385,598,12191.82,10137.66,29186.7,4263.74,55779.92,2021,2,6,28,8,1,1,11428,0.2185700517318777,0.18174389636987648,0.5232474338435767,0.07643861805466913,3.17,6.34,5.42,7.13
2021-03-01,6711,2440,2164,1419,21273.87,15469.6,11728.88,10117.47,58589.82,2021,3,0,1,9,1,0,12734,0.3630984017360012,0.26403221583544717,0.20018631222966718,0.17268307019888438,3.17,6.34,5.42,7.13
2021-03-02,7665,3849,3558,529,24298.05,24402.66,19284.36,3771.77,71756.84000000001,2021,3,1,2,9,1,0,15601,0.33861649983471953,0.3400743399514248,0.2687459481214613,0.05256321209239425,3.17,6.34,5.42,7.13
2021-03-03,3107,2962,5050,1212,9849.19,18779.08,27371.0,8641.56,64640.83,2021,3,2,3,9,1,0,12331,0.15236793834485107,0.2905142152413575,0.4234320629855774,0.13368578342821402,3.1700000000000004,6.340000000000001,5.42,7.13
2021-03-04,7507,2803,3428,1861,23797.19,17771.02,18579.76,13268.93,73416.9,2021,3,3,4,9,1,0,15599,0.32413776664500954,0.24205625680190804,0.2530719766157383,0.18073399993734415,3.17,6.34,5.42,7.13
2021-03-05,5462,1354,5784,747,17314.54,8584.36,31349.28,5326.11,62574.29,2021,3,4,5,9,1,0,13347,0.27670373886783217,0.1371866944075594,0.5009929797046039,0.08511658702000453,3.1700000000000004,6.340000000000001,5.42,7.13
2021-03-06,4327,2073,5252,1284,13716.59,13142.82,28465.84,9154.92,64480.17,2021,3,5,6,9,1,1,12936,0.21272571086583675,0.20382731621210057,0.4414665780192577,0.141980394902805,3.17,6.34,5.42,7.13
2021-03-07,6081,3706,2548,660,19276.77,23496.04,13810.16,4705.8,61288.77,2021,3,6,7,9,1,1,12995,0.31452368843427597,0.38336615337524316,0.2253293711066481,0.07678078708383282,3.17,6.34,5.42,7.13
2021-03-08,6451,3569,2625,1910,20449.67,22627.46,14227.5,13618.3,70922.93,2021,3,0,8,10,1,0,14555,0.288336508376064,0.3190429385813587,0.20060507934457872,0.19201547369799868,3.17,6.34,5.42,7.13
2021-03-09,7178,3653,5148,1282,22754.26,23160.02,27902.16,9140.66,82957.1,2021,3,1,9,10,1,0,17261,0.274289482154029,0.2791806849564413,0.3363444479134396,0.11018538497609004,3.17,6.34,5.42,7.13
2021-03-10,2018,1977,2161,296,6397.06,12534.18,11712.62,2110.48,32754.34,2021,3,2,10,10,1,0,6452,0.1953041948028872,0.382672342046886,0.3575898644271263,0.0644335987231005,3.1700000000000004,6.34,5.42,7.13
2021-03-11,6640,1317,1375,1024,21048.8,8349.78,7452.5,7301.12,44152.2,2021,3,3,11,10,1,0,10356,0.47673275623864725,0.1891135662549092,0.16879113611552765,0.16536254139091597,3.17,6.340000000000001,5.42,7.13
2021-03-12,5987,2354,491,602,18978.79,14924.36,2661.22,4292.26,40856.630000000005,2021,3,4,12,10,1,0,9434,0.4645216700447393,0.36528612369644775,0.0651355728556173,0.10505663340319552,3.17,6.34,5.42,7.130000000000001
2021-03-13,4931,839,2525,487,15631.27,5319.26,13685.5,3472.31,38108.34,2021,3,5,13,10,1,1,8782,0.41017976642383275,0.13958256906493435,0.35912086435672613,0.09111680015450686,3.17,6.34,5.42,7.13
2021-03-14,6561,1048,308,1656,20798.37,6644.32,1669.36,11807.28,40919.33,2021,3,6,14,10,1,1,9573,0.5082773838183567,0.16237607018492237,0.04079636690043556,0.28855017909628533,3.17,6.34,5.42,7.130000000000001
2021-03-15,1595,2299,573,1509,5056.15,14575.66,3105.66,10759.17,33496.64,2021,3,0,15,11,1,0,5976,0.15094499030350506,0.43513797204734567,0.09271556788979432,0.321201469759355,3.17,6.34,5.42,7.13
2021-03-16,7369,3382,1884,896,23359.73,21441.88,10211.28,6388.48,61401.37,2021,3,1,16,11,1,0,13531,0.3804431399494832,0.34920849485931665,0.16630378116970354,0.10404458402149658,3.17,6.34,5.42,7.13
2021-03-17,1059,318,2336,1072,3357.03,2016.12,12661.12,7643.36,25677.63,2021,3,2,17,11,1,0,4785,0.13073753301998667,0.07851659206866053,0.49307977410687825,0.29766610080447453,3.1700000000000004,6.34,5.42,7.13
2021-03-18,3968,1674,5722,313,12578.56,10613.16,31013.24,2231.69,56436.65000000001,2021,3,3,18,11,1,0,11677,0.22287928145983146,0.1880543937317328,0.5495230492950945,0.03954327551334106,3.17,6.34,5.42,7.13
2021-03-19,5601,2733,701,458,17755.17,17327.22,3799.42,3265.54,42147.35,2021,3,4,19,11,1,0,9493,0.4212642075954953,0.41111054431654664,0.09014611832060616,0.07747912976735193,3.1699999999999995,6.340000000000001,5.42,7.13
2021-03-20,3670,860,3689,1917,11633.9,5452.4,19994.38,13668.21,50748.89,2021,3,5,20,11,1,1,10136,0.22924442288294383,0.10743880309500364,0.3939865482772136,0.26933022574483895,3.17,6.34,5.42,7.13
2021-03-21,5793,2182,5353,1422,18363.81,13833.88,29013.26,10138.86,71349.81,2021,3,6,21,11,1,1,14750,0.25737713947661534,0.19388811266631262,0.40663401906746494,0.14210072878960717,3.1700000000000004,6.34,5.42,7.130000000000001
2021-03-22,4826,3562,4222,1623,15298.42,22583.08,22883.24,11571.99,72336.73000000001,2021,3,0,22,12,1,0,14233,0.21148896279939663,0.3121938191013058,0.31634330166707836,0.15997391643221912,3.17,6.340000000000001,5.420000000000001,7.13
2021-03-23,2250,262,2376,755,7132.5,1661.08,12877.92,5383.15,27054.65,2021,3,1,23,12,1,0,5643,0.26363305383732555,0.06139720898255937,0.47599654772839417,0.19897318945172085,3.17,6.34,5.42,7.13
2021-03-24,5194,3241,4858,1467,16464.98,20547.94,26330.36,10459.71,73802.98999999999,2021,3,2,24,12,1,0,14760,0.22309367140816383,0.2784160912721829,0.3567654914794103,0.14172474584024305,3.17,6.34,5.42,7.129999999999999
2021-03-25,4960,3752,1804,1447,15723.2,23787.68,9777.68,10317.11,59605.670000000006,2021,3,3,25,12,1,0,11963,0.263786985365654,0.3990841810854571,0.1640394277926915,0.17308940575619736,3.17,6.34,5.42,7.130000000000001
2021-03-26,2957,2750,3399,900,9373.69,17435.0,18422.58,6417.0,51648.27,2021,3,4,26,12,1,0,10006,0.18149088052707285,0.33757181024650007,0.35669307026159836,0.12424423896482883,3.1700000000000004,6.34,5.420000000000001,7.13
2021-03-27,673,3237,5089,582,2133.41,20522.58,27582.38,4149.66,54388.03,2021,3,5,27,12,1,1,9581,0.039225726690229445,0.37733633669026073,0.5071406337019377,0.07629730291757211,3.17,6.340000000000001,5.42,7.13
2021-03-28,1688,934,1769,397,5350.96,5921.56,9587.98,2830.61,23691.11,2021,3,6,28,12,1,1,4788,0.2258636256384779,0.24994860941509284,0.40470792630653435,0.11947983863989488,3.17,6.340000000000001,5.42,7.13
2021-03-29,5564,630,3498,934,17637.88,3994.2,18959.16,6659.42,47250.66,2021,3,0,29,13,1,0,10626,0.3732832514932066,0.08453215256675779,0.40124645877962334,0.14093813716041215,3.1700000000000004,6.34,5.42,7.13
2021-03-30,1095,2303,492,1513,3471.15,14601.02,2666.64,10787.69,31526.5,2021,3,1,30,13,1,0,5403,0.11010261208824322,0.46313482308534093,0.08458408005963237,0.34217848476678353,3.17,6.34,5.42,7.13
2021-03-31,1995,391,4812,1850,6324.15,2478.94,26081.04,13190.5,48074.630000000005,2021,3,2,31,13,1,0,9048,0.1315485943417557,0.051564411416166904,0.5425115076288678,0.2743754866132095,3.17,6.34,5.42,7.13
2021-04-01,6594,887,331,261,20902.98,5623.58,1794.02,1860.93,30181.51,2021,4,3,1,13,2,0,8073,0.6925756862396878,0.18632533627376496,0.05944102862978029,0.061657948856766946,3.17,6.34,5.42,7.13
2021-04-02,6845,3125,502,1445,21698.65,19812.5,2720.84,10302.85,54534.84,2021,4,4,2,13,2,0,11917,0.3978860119512591,0.36329986482036075,0.04989177560619964,0.18892234762218063,3.1700000000000004,6.34,5.42,7.13
2021-04-03,3209,2691,5723,750,10172.53,17060.94,31018.66,5347.5,63599.630000000005,2021,4,5,3,13,2,1,12373,0.15994637075718837,0.2682553341898372,0.4877176172251316,0.0840806778278427,3.1700000000000004,6.34,5.42,7.13
2021-04-04,554,535,5484,1830,1756.18,3391.9,29723.28,13047.9,47919.26,2021,4,6,4,13,2,1,8403,0.03664872955049807,0.07078364732677424,0.6202783598912003,0.27228926323152736,3.17,6.34,5.42,7.13
2021-04-05,5977,791,1307,1739,18947.09,5014.94,7083.94,12399.07,43445.03999999999,2021,4,0,5,14,2,0,9814,0.4361162977407778,0.11543181914437184,0.16305520722273475,0.2853966758921157,3.17,6.34,5.42,7.13
2021-04-06,3247,1725,3809,1157,10292.99,10936.5,20644.78,8249.41,50123.67999999999,2021,4,1,6,14,2,0,9938,0.20535184168440948,0.21819028451223058,0.41187678159305147,0.1645810922103086,3.17,6.34,5.42,7.13
2021-04-07,4916,3059,4456,836,15583.72,19394.06,24151.52,5960.68,65089.98,2021,4,2,7,14,2,0,13267,0.2394181101300077,0.2979576887256687,0.37104820127460475,0.09157599986971882,3.17,6.340000000000001,5.42,7.130000000000001
2021-04-08,7692,777,355,763,24383.64,4926.18,1924.1,5440.19,36674.11,2021,4,3,8,14,2,0,9587,0.6648733943373132,0.13432309604786594,0.05246480419020393,0.14833870542461697,3.17,6.340000000000001,5.42,7.13
2021-04-09,1120,3834,4324,1774,3550.4,24307.56,23436.08,12648.62,63942.66000000001,2021,4,4,9,14,2,0,11052,0.055524746702748984,0.38014621224703504,0.36651712643796797,0.1978119146122479,3.17,6.340000000000001,5.420000000000001,7.130000000000001
2021-04-10,7385,3873,5916,1934,23410.45,24554.82,32064.72,13789.42,93819.41,2021,4,5,10,14,2,1,19108,0.24952672373445964,0.26172430630292814,0.3417706421304504,0.1469783278321618,3.17,6.34,5.42,7.13
2021-04-11,5336,1764,1168,1855,16915.12,11183.76,6330.56,13226.15,47655.59,2021,4,6,11,14,2,1,10123,0.35494513865005134,0.2346788697821179,0.13283982005049147,0.27753617151733934,3.17,6.34,5.42,7.13
2021-04-12,3962,829,4266,1181,12559.54,5255.86,23121.72,8420.53,49357.65,2021,4,0,12,15,2,0,10238,0.2544598456368972,0.10648521556435527,0.46845261068952837,0.17060232810921916,3.1700000000000004,6.34,5.42,7.130000000000001
2021-04-13,7125,3465,3281,1569,22586.25,21968.1,17783.02,11186.97,73524.34,2021,4,1,13,15,2,0,15440,0.3071941890263823,0.29878676911618657,0.24186575493231222,0.15215328692511895,3.17,6.34,5.42,7.13
2021-04-14,7075,1990,380,1859,22427.75,12616.6,2059.6,13254.67,50358.62,2021,4,2,14,15,2,0,11304,0.44536069495152963,0.25053506231902306,0.040898658462046815,0.2632055842674005,3.17,6.34,5.42,7.13
2021-04-15,3746,3755,2969,1532,11874.82,23806.7,16091.98,10923.16,62696.66,2021,4,3,15,15,2,0,12002,0.18940115789262138,0.37971241211254314,0.2566640711004382,0.17422235889439724,3.17,6.34,5.42,7.13
2021-04-16,4046,2031,3164,1558,12825.82,12876.54,17148.88,11108.54,53959.780000000006,2021,4,4,16,15,2,0,10799,0.23769222187340272,0.23863218122831487,0.3178085603758948,0.20586703652238758,3.17,6.340000000000001,5.42,7.130000000000001
2021-04-17,6139,2971,4538,279,19460.63,18836.14,24595.96,1989.27,64882.0,2021,4,5,17,15,2,1,13927,0.2999388119971641,0.2903138004377177,0.3790875743657717,0.030659813199346506,3.1700000000000004,6.34,5.42,7.13
2021-04-18,5193,3791,5368,1877,16461.81,24034.94,29094.56,13383.01,82974.31999999999,2021,4,6,18,15,2,1,16229,0.19839644362255698,0.2896672126990616,0.35064535629818966,0.16129098738019187,3.1700000000000004,6.34,5.42,7.13
2021-04-19,7962,3111,3655,571,25239.54,19723.74,19810.1,4071.23,68844.61,2021,4,0,19,16,2,0,15299,0.36661606478706177,0.2864965027763248,0.2877509219676021,0.0591365104690113,3.17,6.340000000000001,5.42,7.13
2021-04-20,3631,2811,2311,1993,11510.27,17821.74,12525.62,14210.09,56067.72,2021,4,1,20,16,2,0,10746,0.20529227869440742,0.31786097240979305,0.22340162931540644,0.2534451195803931,3.17,6.340000000000001,5.42,7.13
2021-04-21,6135,3159,4338,1901,19447.95,20028.06,23511.96,13554.13,76542.1,2021,4,2,21,16,2,0,15533,0.2540817406368521,0.26166070698347704,0.30717683470926455,0.1770807176704062,3.17,6.340000000000001,5.42,7.13
2021-04-22,7742,261,796,1053,24542.14,1654.74,4314.32,7507.89,38019.09,2021,4,3,22,16,2,0,9852,0.6455214998570455,0.04352392442849106,0.11347772921445516,0.19747684650000832,3.17,6.34,5.42,7.13
2021-04-23,5455,1218,3558,1467,17292.35,7722.12,19284.36,10459.71,54758.54,2021,4,4,23,16,2,0,11698,0.31579275123113215,0.14102129092557983,0.3521708212088927,0.19101513663439526,3.17,6.34,5.42,7.129999999999999
2021-04-24,5790,2402,2995,1921,18354.3,15228.68,16232.9,13696.73,63512.61,2021,4,5,24,16,2,1,13108,0.2889867067343005,0.2397741172973367,0.2555854656264323,0.2156537103419305,3.17,6.34,5.42,7.13
2021-04-25,392,3495,4715,919,1242.64,22158.3,25555.3,6552.47,55508.71,2021,4,6,25,16,2,1,9521,0.022386396657389448,0.3991860016202862,0.46038360466312406,0.11804399705920027,3.1700000000000004,6.34,5.42,7.13
2021-04-26,4447,413,651,1445,14096.99,2618.42,3528.42,10302.85,30546.68,2021,4,0,26,17,2,0,6956,0.46149008664771424,0.0857186443829575,0.11550911588427941,0.3372821530850489,3.17,6.34,5.42,7.13
2021-04-27,2818,3206,3708,1977,8933.06,20326.04,20097.36,14096.01,63452.47,2021,4,1,27,17,2,0,11709,0.14078348723067832,0.3203348900365896,0.3167309326177531,0.22215069011497898,3.17,6.34,5.42,7.13
2021-04-28,4937,3247,3996,1423,15650.29,20585.98,21658.32,10145.99,68040.58,2021,4,2,28,17,2,0,13603,0.23001405925699048,0.30255444618490906,0.31831474687605543,0.14911674768204503,3.1700000000000004,6.34,5.42,7.13
2021-04-29,3949,1599,1702,1064,12518.33,10137.66,9224.84,7586.32,39467.15,2021,4,3,29,17,2,0,8314,0.3171835311138504,0.25686323942823336,0.23373463754033416,0.1922185919175821,3.17,6.34,5.42,7.13
2021-04-30,4394,408,1712,251,13928.98,2586.72,9279.04,1789.63,27584.370000000003,2021,4,4,30,17,2,0,6765,0.5049591489673319,0.09377484423244031,0.33638759920926237,0.06487840759096546,3.17,6.34,5.420000000000001,7.130000000000001
2021-05-01,5962,1142,5961,1533,18899.54,7240.28,32308.62,10930.29,69378.73000000001,2021,5,5,1,17,2,1,14598,0.27241115540742816,0.10435878546638139,0.46568479993796363,0.1575452591882267,3.17,6.34,5.42,7.130000000000001
2021-05-02,2281,2435,2161,1817,7230.77,15437.9,11712.62,12955.21,47336.5,2021,5,6,2,17,2,1,8694,0.15275252711966453,0.3261309982782842,0.24743316468264448,0.27368330991940676,3.1700000000000004,6.34,5.42,7.13
2021-05-03,5150,3857,3961,1775,16325.5,24453.38,21468.62,12655.75,74903.25,2021,5,0,3,18,2,0,14743,0.21795449463140784,0.32646620807508353,0.28661800389168696,0.16896129340182167,3.17,6.34,5.42,7.13
2021-05-04,3843,3971,4283,1349,12182.31,25176.14,23213.86,9618.37,70190.68,2021,5,1,4,18,2,0,13446,0.17356022195539353,0.3586820928362569,0.33072567469071396,0.1370320105176357,3.17,6.34,5.42,7.130000000000001
2021-05-05,7305,1307,4243,1448,23156.85,8286.38,22997.06,10324.24,64764.52999999999,2021,5,2,5,18,2,0,14303,0.35755451324976806,0.12794626935453712,0.3550872676756861,0.1594119497200088,3.17,6.339999999999999,5.42,7.13
2021-05-06,2427,3537,2754,1731,7693.59,22424.58,14926.68,12342.03,57386.880000000005,2021,5,3,6,18,2,0,10449,0.13406531248954465,0.3907614423366456,0.26010614272809396,0.2150671024457158,3.17,6.340000000000001,5.42,7.130000000000001
2021-05-07,4072,2362,3734,1116,12908.24,14975.08,20238.28,7957.08,56078.68,2021,5,4,7,18,2,0,11284,0.2301808815756719,0.2670369559340555,0.36089080556104386,0.14189135692922872,3.17,6.34,5.42,7.13
2021-05-08,558,770,1500,631,1768.86,4881.8,8130.0,4499.03,19279.69,2021,5,5,8,18,2,1,3459,0.09174732581281131,0.25320946550489143,0.421687278166817,0.2333559305154803,3.17,6.34,5.42,7.13
2021-05-09,1087,691,643,414,3445.79,4380.94,3485.06,2951.82,14263.61,2021,5,6,9,18,2,1,2835,0.24157909533421063,0.3071410393301555,0.24433225529862354,0.20694761003701026,3.17,6.34,5.42,7.130000000000001
2021-05-10,627,1589,1047,925,1987.59,10074.26,5674.74,6595.25,24331.84,2021,5,0,10,19,2,0,4188,0.08168679392927128,0.4140360942698949,0.23322280600234097,0.2710543057984928,3.17,6.34,5.42,7.13
2021-05-11,906,486,4076,1127,2872.02,3081.24,22091.92,8035.51,36080.69,2021,5,1,11,19,2,0,6595,0.07959991895942123,0.08539858855249163,0.6122920598247982,0.22270943266328885,3.17,6.34,5.42,7.13
2021-05-12,5812,1891,4420,838,18424.04,11988.94,23956.4,5974.94,60344.32000000001,2021,5,2,12,19,2,0,12961,0.3053152309944001,0.198675534002206,0.3969951107245885,0.09901412427880535,3.17,6.34,5.42,7.13
2021-05-13,6140,1649,2565,571,19463.8,10454.66,13902.3,4071.23,47891.99,2021,5,3,13,19,2,0,10925,0.40641034127001197,0.21829662956164486,0.2902844504895286,0.08500857867881456,3.17,6.34,5.42,7.13
2021-05-14,4378,3820,3085,713,13878.26,24218.8,16720.7,5083.69,59901.45,2021,5,4,14,19,2,0,11996,0.23168487574173915,0.40431074706872705,0.27913681555287895,0.08486756163665488,3.17,6.34,5.42,7.129999999999999
2021-05-15,802,2412,3924,562,2542.34,15292.08,21268.08,4007.06,43109.56,2021,5,5,15,19,2,1,7700,0.058973925969089,0.35472595869686446,0.4933495029872725,0.09295061234677413,3.1700000000000004,6.34,5.420000000000001,7.13
2021-05-16,6074,837,3981,257,19254.58,5306.58,21577.02,1832.41,47970.59000000001,2021,5,6,16,19,2,1,11149,0.4013830140509007,0.11062152873250045,0.4497968442747941,0.038198612941804544,3.1700000000000004,6.34,5.42,7.13
2021-05-17,5361,2903,2019,252,16994.37,18405.02,10942.98,1796.76,48139.13,2021,5,0,17,20,2,0,10535,0.35302611409886303,0.3823297180484982,0.22731985393171833,0.03732431392092047,3.17,6.34,5.42,7.13
2021-05-18,4594,985,5566,1842,14562.98,6244.9,30167.72,13133.46,64109.06,2021,5,1,18,20,2,0,12987,0.2271594685680932,0.09741056880259982,0.4705687464455102,0.2048612161837968,3.17,6.34,5.42,7.13
2021-05-19,6212,3698,5442,785,19692.04,23445.32,29495.64,5597.05,78230.05,2021,5,2,19,20,2,0,16137,0.25171963970366884,0.29969711127629345,0.3770372126823388,0.07154603633769888,3.17,6.34,5.42,7.13
2021-05-20,4417,2355,571,1346,14001.89,14930.7,3094.82,9596.98,41624.39,2021,5,3,20,20,2,0,8689,0.3363866713722411,0.3587007521311424,0.07435111962001126,0.23056145687660526,3.17,6.340000000000001,5.42,7.13
2021-05-21,7480,2007,1942,1169,23711.6,12724.38,10525.64,8334.97,55296.59,2021,5,4,21,20,2,0,12598,0.4288076353351988,0.23011147703682994,0.1903488081272281,0.15073207950074316,3.17,6.34,5.42,7.129999999999999
2021-05-22,5341,1362,5238,1518,16930.97,8635.08,28389.96,10823.34,64779.350000000006,2021,5,5,22,20,2,1,13459,0.2613636907440411,0.13329988646073168,0.43825632705484074,0.1670800957403864,3.1700000000000004,6.34,5.42,7.13
2021-05-23,3489,3994,5950,1733,11060.13,25321.96,32249.0,12356.29,80987.38,2021,5,6,23,20,2,1,15166,0.13656609214917187,0.31266550418102174,0.39819784267622926,0.15257056099357702,3.17,6.34,5.42,7.130000000000001
2021-05-24,649,1999,4932,1432,2057.33,12673.66,26731.44,10210.16,51672.59,2021,5,0,24,21,2,0,9012,0.03981472575692451,0.2452685263115319,0.5173234010526664,0.1975933468788772,3.17,6.34,5.42,7.13
2021-05-25,6717,1049,1206,803,21292.89,6650.66,6536.52,5725.39,40205.46,2021,5,1,25,21,2,0,9775,0.5296019495859517,0.16541683641973007,0.16257791852151426,0.14240329547280395,3.17,6.34,5.42,7.130000000000001
2021-05-26,1075,1583,4431,1313,3407.75,10036.22,24016.02,9361.69,46821.68,2021,5,2,26,21,2,0,8402,0.072781455086618,0.21434984818998376,0.5129252090057427,0.1999434877176556,3.17,6.34,5.42,7.130000000000001
2021-05-27,4408,3972,3119,809,13973.36,25182.48,16904.98,5768.17,61828.98999999999,2021,5,3,27,21,2,0,12308,0.22600013359428972,0.4072924367679304,0.2734151083496593,0.09329232128812069,3.17,6.34,5.42,7.13
2021-05-28,6483,2365,2985,883,20551.11,14994.1,16178.7,6295.79,58019.7,2021,5,4,28,21,2,0,12716,0.3542091737806297,0.2584311880275148,0.27884839114990256,0.108511247041953,3.17,6.34,5.42,7.13
2021-05-29,696,1160,846,1512,2206.32,7354.4,4585.32,10780.56,24926.6,2021,5,5,29,21,2,1,4214,0.08851267320854028,0.29504224402846757,0.18395288567233398,0.43249219709065817,3.1700000000000004,6.34,5.42,7.13
2021-05-30,1388,3197,5645,1882,4399.96,20268.98,30595.9,13418.66,68683.5,2021,5,6,30,21,2,1,12112,0.06406138301047559,0.2951069762024358,0.4454621561219216,0.19536948466516704,3.17,6.34,5.42,7.13
2021-05-31,2620,377,875,284,8305.4,2390.18,4742.5,2024.92,17463.0,2021,5,0,31,22,2,0,4156,0.4755998396609975,0.13687109889480614,0.2715741854206036,0.11595487602359274,3.17,6.34,5.42,7.13
2021-06-01,2671,1459,1980,1379,8467.07,9250.06,10731.6,9832.27,38281.0,2021,6,1,1,22,2,0,7489,0.22118204853582715,0.24163579843786734,0.2803375042449257,0.2568446487813798,3.17,6.34,5.42,7.13
2021-06-02,3928,2781,5530,710,12451.76,17631.54,29972.6,5062.3,65118.2,2021,6,2,2,22,2,0,12949,0.19121781621727874,0.2707620910897415,0.4602799217423086,0.07774017095067125,3.17,6.340000000000001,5.42,7.13
2021-06-03,2863,1953,2039,1348,9075.71,12382.02,11051.38,9611.24,42120.35,2021,6,3,3,22,2,0,8203,0.21547090658078577,0.29396764271901826,0.26237626230551264,0.22818518839468332,3.1699999999999995,6.34,5.42,7.13
2021-06-04,7312,3933,705,807,23179.04,24935.22,3821.1,5753.91,57689.27,2021,6,4,4,22,2,0,12757,0.40179118231171934,0.4322332385207856,0.06623588754026528,0.09973969162722982,3.17,6.34,5.42,7.13
2021-06-05,2034,1924,3734,833,6447.78,12198.16,20238.28,5939.29,44823.51,2021,6,5,5,22,2,1,8525,0.14384817253267312,0.2721375456763649,0.4515103792630251,0.13250390252793678,3.17,6.34,5.42,7.13
2021-06-06,3141,398,5894,1621,9956.97,2523.32,31945.48,11557.73,55983.5,2021,6,6,6,22,2,1,11054,0.17785543954915287,0.045072566023917765,0.5706231300293837,0.2064488643975457,3.17,6.340000000000001,5.42,7.13
2021-06-07,4967,3083,5750,489,15745.39,19546.22,31165.0,3486.57,69943.18000000001,2021,6,0,7,23,2,0,14289,0.2251168734392688,0.27945855478689985,0.44557596609133293,0.04984860568249828,3.17,6.340000000000001,5.42,7.13
2021-06-08,7176,2522,436,746,22747.92,15989.48,2363.12,5318.98,46419.5,2021,6,1,8,23,2,0,10880,0.4900509484160751,0.3444561014228934,0.05090791585432846,0.114585034306703,3.17,6.34,5.42,7.129999999999999
2021-06-09,1151,887,5769,1476,3648.67,5623.58,31267.98,10523.88,51064.10999999999,2021,6,2,9,23,2,0,9283,0.07145272873648441,0.11012783734015928,0.6123279148505674,0.2060915190727891,3.17,6.34,5.42,7.13
2021-06-10,3673,503,5428,1507,11643.41,3189.02,29419.76,10744.91,54997.100000000006,2021,6,3,10,23,2,0,11111,0.21170952650230646,0.05798523922170441,0.5349329328273672,0.1953723014486218,3.17,6.34,5.42,7.13
2021-06-11,571,1506,3592,1344,1810.07,9548.04,19468.64,9582.72,40409.47,2021,6,4,11,23,2,0,7013,0.04479321307604381,0.23628223780217855,0.4817840966486321,0.2371404524731455,3.17,6.340000000000001,5.42,7.13
2021-06-12,1364,3397,3660,535,4323.88,21536.98,19837.2,3814.55,49512.61,2021,6,5,12,23,2,1,8956,0.08732886430345724,0.4349796950716191,0.40064945071568636,0.07704198990923726,3.17,6.34,5.42,7.130000000000001
2021-06-13,5898,1997,1910,1165,18696.66,12660.98,10352.2,8306.45,50016.28999999999,2021,6,6,13,23,2,1,10970,0.3738114122418916,0.25313712792372245,0.2069765670344602,0.16607489279992582,3.17,6.34,5.420000000000001,7.130000000000001
2021-06-14,6842,1089,3250,1231,21689.14,6904.26,17615.0,8777.03,54985.43,2021,6,0,14,24,2,0,12412,0.39445249405160604,0.1255652633797717,0.3203575929114313,0.159624649657191,3.17,6.34,5.42,7.130000000000001
2021-06-15,5073,342,4698,1119,16081.41,2168.28,25463.16,7978.47,51691.32,2021,6,1,15,24,2,0,11232,0.3111046496781278,0.041946694338623976,0.4926003050415428,0.1543483509417055,3.17,6.340000000000001,5.42,7.13
2021-06-16,1280,3876,4375,600,4057.6,24573.84,23712.5,4278.0,56621.94,2021,6,2,16,24,2,0,10131,0.07166126769941121,0.43399855250455915,0.4187864280171255,0.07555375177890407,3.17,6.34,5.42,7.13
2021-06-17,7859,1278,2422,1783,24913.03,8102.52,13127.24,12712.79,58855.58,2021,6,3,17,24,2,0,13342,0.42329087573344787,0.13766783030597948,0.22304155357911687,0.21599974038145578,3.17,6.340000000000001,5.42,7.130000000000001
2021-06-18,5572,3694,619,391,17663.24,23419.96,3354.98,2787.83,47226.01,2021,6,4,18,24,2,0,10276,0.37401508194319194,0.495912316115632,0.0710409369751965,0.05903166496597955,3.1700000000000004,6.34,5.42,7.13
2021-06-19,1746,292,4316,1792,5534.82,1851.28,23392.72,12776.96,43555.78,2021,6,5,19,24,2,1,8146,0.12707429415797397,0.04250365852706575,0.537074987521748,0.2933470597932123,3.17,6.34,5.42,7.13
2021-06-20,4707,532,3264,1505,14921.19,3372.88,17690.88,10730.65,46715.6,2021,6,6,20,24,2,1,10008,0.31940486689671116,0.0722002928357979,0.37869319884578173,0.22970164142170924,3.17,6.34,5.42,7.13
2021-06-21,7125,1641,5742,1500,22586.25,10403.94,31121.64,10695.0,74806.83,2021,6,0,21,25,2,0,16008,0.3019276448420552,0.13907740777145616,0.4160267184159521,0.14296822897053652,3.17,6.340000000000001,5.42,7.13
2021-06-22,7382,2060,2617,399,23400.94,13060.4,14184.14,2844.87,53490.35,2021,6,1,22,25,2,0,12458,0.43747965754570683,0.24416366690440425,0.26517194222883195,0.05318473332105698,3.17,6.34,5.42,7.13
2021-06-23,3071,1689,1670,1186,9735.07,10708.26,9051.4,8456.18,37950.91,2021,6,2,23,25,2,0,7616,0.25651743265181254,0.28216082302110806,0.23850284485931955,0.2228188994677598,3.17,6.34,5.42,7.13
2021-06-24,3488,1947,3440,1277,11056.96,12343.98,18644.8,9105.01,51150.75,2021,6,3,24,25,2,0,10152,0.2161641813658646,0.24132549376108853,0.3645068742882558,0.17800345058479103,3.17,6.34,5.42,7.13
2021-06-25,861,2666,3856,1250,2729.37,16902.44,20899.52,8912.5,49443.83,2021,6,4,25,25,2,0,8633,0.05520142755931326,0.34185134929879013,0.42269217412971444,0.1802550490121821,3.17,6.34,5.42,7.13
2021-06-26,4111,3281,3321,1834,13031.87,20801.54,17999.82,13076.42,64909.65,2021,6,5,26,25,2,1,12547,0.20076937712651355,0.32046914441843394,0.2773057627024641,0.20145571575258842,3.1700000000000004,6.34,5.42,7.13
2021-06-27,5844,2768,2162,1775,18525.48,17549.12,11718.04,12655.75,60448.39,2021,6,6,27,25,2,1,12549,0.30646771568275016,0.2903157553079577,0.1938519785225049,0.20936455048678715,3.17,6.34,5.420000000000001,7.13
2021-06-28,612,2451,2763,1886,1940.04,15539.34,14975.46,13447.18,45902.02,2021,6,0,28,26,2,0,7712,0.042264806646853455,0.33853281402430657,0.3262483873258737,0.29295399200296635,3.17,6.34,5.42,7.13
2021-06-29,4267,424,1320,823,13526.39,2688.16,7154.4,5867.99,29236.939999999995,2021,6,1,29,26,2,0,6834,0.46264725378237265,0.09194395856748347,0.24470413114368333,0.2007046565064607,3.17,6.34,5.42,7.13
2021-06-30,4581,2324,829,1785,14521.77,14734.16,4493.18,12727.05,46476.16,2021,6,2,30,26,2,0,9519,0.31245632169266996,0.31702619149258454,0.09667709208333906,0.27384039473140637,3.17,6.34,5.42,7.13
2021-07-01,3360,653,459,707,10651.2,4140.02,2487.78,5040.91,22319.91,2021,7,3,1,26,3,0,5179,0.4772062252939192,0.18548551495055313,0.11146012685535023,0.22584813290017747,3.1700000000000004,6.340000000000001,5.420000000000001,7.13
2021-07-02,2845,427,3620,1044,9018.65,2707.18,19620.4,7443.72,38789.95,2021,7,4,2,26,3,0,7936,0.23249965519419336,0.06979075765758914,0.5058114279600774,0.19189815918814024,3.17,6.34,5.420000000000001,7.13
2021-07-03,7213,3503,4615,442,22865.21,22209.02,25013.3,3151.46,73238.99,2021,7,5,3,26,3,1,15773,0.31219996343477696,0.3032403914909258,0.34152983267519116,0.04302981239910599,3.17,6.34,5.42,7.13
2021-07-04,7317,654,1402,521,23194.89,4146.36,7598.84,3714.73,38654.82,2021,7,6,4,26,3,1,9894,0.6000516882500034,0.10726631245469516,0.19658195278105034,0.09610004651425101,3.17,6.34,5.42,7.13
2021-07-05,3153,1505,467,1718,9995.01,9541.7,2531.14,12249.34,34317.19,2021,7,0,5,27,3,0,6843,0.2912537419293363,0.2780443270559157,0.07375720447973741,0.3569447265350106,3.17,6.340000000000001,5.42,7.13
2021-07-06,1941,3582,314,1101,6152.97,22709.88,1701.88,7850.13,38414.86,2021,7,1,6,27,3,0,6938,0.16017161067357788,0.5911743528415827,0.04430264746506951,0.20435138901976996,3.17,6.34,5.42,7.13
2021-07-07,3744,885,725,1554,11868.48,5610.9,3929.5,11080.02,32488.9,2021,7,2,7,27,3,0,6908,0.3653087669942657,0.17270206131940447,0.12094900104343329,0.3410401706428965,3.17,6.34,5.42,7.13
2021-07-08,3208,2252,1977,1291,10169.36,14277.68,10715.34,9204.83,44367.21000000001,2021,7,3,8,27,3,0,8728,0.22920891351969166,0.32180702820844487,0.2415148484657926,0.20746920980607073,3.1700000000000004,6.34,5.42,7.13
2021-07-09,5750,1989,4749,1609,18227.5,12610.26,25739.58,11472.17,68049.51000000001,2021,7,4,9,27,3,0,14097,0.2678564474600919,0.18531007791239054,0.37824783749361307,0.1685856371339044,3.17,6.34,5.42,7.13
2021-07-10,7308,1704,1185,1037,23166.36,10803.36,6422.7,7393.81,47786.23,2021,7,5,10,27,3,1,11234,0.4847915393200091,0.22607684263855926,0.13440482749947003,0.15472679054196156,3.17,6.340000000000001,5.42,7.130000000000001
2021-07-11,6878,1987,3254,1264,21803.26,12597.58,17636.68,9012.32,61049.84,2021,7,6,11,27,3,1,13383,0.35713869192777575,0.20634910754884864,0.2888898644124211,0.1476223361109546,3.17,6.34,5.42,7.13
2021-07-12,7690,2532,2753,835,24377.3,16052.88,14921.26,5953.55,61304.990000000005,2021,7,0,12,28,3,0,13810,0.39763973536248837,0.2618527464077557,0.24339389012215806,0.09711362810759776,3.17,6.34,5.42,7.13
2021-07-13,6040,1262,2434,1813,19146.8,8001.08,13192.28,12926.69,53266.85,2021,7,1,13,28,3,0,11549,0.3594505776106528,0.15020749302802774,0.24766397862835893,0.24267795073296058,3.17,6.34,5.42,7.13
2021-07-14,916,433,2633,457,2903.72,2745.22,14270.86,3258.41,23178.21,2021,7,2,14,28,3,0,4439,0.12527800895755106,0.1184396896913092,0.6157015576267538,0.14058074372438598,3.17,6.34,5.42,7.13
2021-07-15,5108,2827,1277,1518,16192.36,17923.18,6921.34,10823.34,51860.22,2021,7,3,15,28,3,0,10730,0.31223083897445864,0.34560555277243327,0.13346144694334117,0.2087021613097669,3.17,6.34,5.42,7.13
2021-07-16,6318,1296,888,905,20028.06,8216.64,4812.96,6452.65,39510.310000000005,2021,7,4,16,28,3,0,9407,0.5069071844791904,0.20796192183761653,0.12181529327408465,0.1633156004091084,3.1700000000000004,6.34,5.42,7.13
2021-07-17,1849,506,4554,1681,5861.33,3208.04,24682.68,11985.53,45737.58,2021,7,5,17,28,3,1,8590,0.1281512926569355,0.07014013421785761,0.5396586351967025,0.2620499379285043,3.17,6.34,5.42,7.130000000000001
2021-07-18,1000,894,664,1371,3170.0,5667.96,3598.88,9775.23,22212.07,2021,7,6,18,28,3,1,3929,0.14271519943886365,0.2551747765966882,0.16202362049102134,0.4400864034734268,3.17,6.34,5.42,7.13
2021-07-19,3862,675,3417,1412,12242.54,4279.5,18520.14,10067.56,45109.74,2021,7,0,19,29,3,0,9366,0.27139460347144545,0.09486864699286673,0.41055745388911574,0.2231792956465721,3.1700000000000004,6.34,5.42,7.13
2021-07-20,6655,1077,3811,792,21096.35,6828.18,20655.62,5646.96,54227.10999999999,2021,7,1,20,29,3,0,12335,0.3890369595576825,0.12591819848042798,0.3809094749840071,0.10413536697788248,3.17,6.34,5.42,7.13
2021-07-21,3960,2801,2971,1428,12553.2,17758.34,16102.82,10181.64,56596.0,2021,7,2,21,29,3,0,11160,0.22180366103611565,0.3137737649303838,0.28452222771927344,0.17990034631422713,3.1700000000000004,6.34,5.42,7.13
2021-07-22,4581,955,2467,469,14521.77,6054.7,13371.14,3343.97,37291.58,2021,7,3,22,29,3,0,8472,0.38941149717979234,0.16236104772176452,0.35855654279062454,0.08967091230781854,3.17,6.34,5.42,7.13
2021-07-23,5183,2651,4038,1178,16430.11,16807.34,21885.96,8399.14,63522.55,2021,7,4,23,29,3,0,13050,0.25865003845091233,0.26458855949580107,0.3445384355634337,0.1322229664898528,3.17,6.34,5.42,7.13
2021-07-24,6081,3523,2494,1637,19276.77,22335.82,13517.48,11671.81,66801.87999999999,2021,7,5,24,29,3,1,13735,0.28856627987116534,0.3343591527663593,0.20235179009932058,0.17472277726315488,3.17,6.34,5.42,7.13
2021-07-25,2907,1403,2614,1292,9215.19,8895.02,14167.88,9211.96,41490.05,2021,7,6,25,29,3,1,8216,0.22210602301033622,0.21438923308118452,0.3414765708886829,0.22202817301979627,3.1700000000000004,6.340000000000001,5.42,7.129999999999999
2021-07-26,6188,588,511,1695,19615.96,3727.92,2769.62,12085.35,38198.85,2021,7,0,26,30,3,0,8982,0.5135222657226591,0.09759246678892167,0.07250532411316048,0.3163799433752587,3.17,6.34,5.42,7.13
2021-07-27,5757,3043,573,1248,18249.69,19292.62,3105.66,8898.24,49546.21,2021,7,1,27,30,3,0,10621,0.3683367506818382,0.3893863930258238,0.06268209011345166,0.17959476617888634,3.17,6.34,5.42,7.13
2021-07-28,4251,1589,1078,627,13475.67,10074.26,5842.76,4470.51,33863.200000000004,2021,7,2,28,30,3,0,7545,0.3979443761959885,0.2974987597155614,0.17254010253018023,0.13201676155826975,3.17,6.34,5.42,7.130000000000001
2021-07-29,2546,3813,2877,1482,8070.82,24174.42,15593.34,10566.66,58405.240000000005,2021,7,3,29,30,3,0,10718,0.13818657367044462,0.41390840958790676,0.26698529104580343,0.18091972569584508,3.17,6.34,5.42,7.13
2021-07-30,7453,3249,3045,1746,23626.01,20598.66,16503.9,12448.98,73177.55,2021,7,4,30,30,3,0,15493,0.3228587182817681,0.28148878993625776,0.22553228414998863,0.1701202076319855,3.17,6.34,5.420000000000001,7.13
2021-07-31,294,2439,3448,1596,931.98,15463.26,18688.16,11379.48,46462.880000000005,2021,7,5,31,30,3,1,7777,0.02005859301016209,0.33280890035228117,0.4022169955887366,0.24491551104882,3.17,6.34,5.42,7.13
2021-08-01,2928,1962,5210,1710,9281.76,12439.08,28238.2,12192.3,62151.34,2021,8,6,1,30,3,1,11810,0.14934126923088065,0.20014178294466378,0.45434579527971564,0.19617115254474,3.17,6.34,5.42,7.13
2021-08-02,7184,647,2069,1336,22773.28,4101.98,11213.98,9525.68,47614.92,2021,8,0,2,31,3,0,11236,0.4782803373396406,0.08614904739942858,0.23551399435303053,0.2000566209079003,3.17,6.339999999999999,5.42,7.13
2021-08-03,4761,1727,3744,1556,15092.37,10949.18,20292.48,11094.28,57428.31,2021,8,1,3,31,3,0,11788,0.2628036590315822,0.19065823110587793,0.3533532503394232,0.19318485952311676,3.1700000000000004,6.34,5.42,7.130000000000001
2021-08-04,1596,3633,2954,369,5059.32,23033.22,16010.68,2630.97,46734.19,2021,8,2,4,31,3,0,8552,0.10825735933371262,0.4928558727561128,0.342590296311972,0.05629647159820251,3.17,6.340000000000001,5.42,7.13
2021-08-05,4062,1098,4384,1739,12876.54,6961.32,23761.28,12399.07,55998.21,2021,8,3,5,31,3,0,11283,0.22994556433143132,0.12431325929882402,0.4243221345825161,0.22141904178722854,3.1700000000000004,6.34,5.42,7.13
2021-08-06,3967,972,5210,1181,12575.39,6162.48,28238.2,8420.53,55396.6,2021,8,4,6,31,3,0,11330,0.2270065310867454,0.11124292826635569,0.5097460854998321,0.1520044551470668,3.17,6.34,5.42,7.130000000000001
2021-08-07,4714,1011,593,936,14943.38,6409.74,3214.06,6673.68,31240.86,2021,8,5,7,31,3,1,7254,0.4783280613913957,0.20517168861548624,0.10288001034542582,0.21362023964769217,3.17,6.34,5.42,7.13
2021-08-08,7539,1323,4203,802,23898.63,8387.82,22780.26,5718.26,60784.97,2021,8,6,8,31,3,1,13867,0.39316676474464,0.13799167787694885,0.3747679730696585,0.09407358430875264,3.17,6.34,5.42,7.13
2021-08-09,5383,3207,3549,928,17064.11,20332.38,19235.58,6616.64,63248.71000000001,2021,8,0,9,32,3,0,13067,0.26979380290918187,0.3214671097639778,0.3041260446260485,0.10461304270079183,3.17,6.340000000000001,5.420000000000001,7.130000000000001
2021-08-10,1942,3794,3733,822,6156.14,24053.96,20232.86,5860.86,56303.82,2021,8,1,10,32,3,0,10291,0.10933787441065278,0.4272171941441984,0.35935146141061125,0.10409347003453762,3.1700000000000004,6.34,5.42,7.13
2021-08-11,1162,2312,5995,1670,3683.54,14658.08,32492.9,11907.1,62741.62,2021,8,2,11,32,3,0,11139,0.05870967310056705,0.23362610018676597,0.5178843007241445,0.18977992598852245,3.17,6.34,5.42,7.13
2021-08-12,3643,2434,3887,625,11548.31,15431.56,21067.54,4456.25,52503.66,2021,8,3,12,32,3,0,10589,0.2199524756940754,0.2939139861868677,0.40125850274057084,0.084875035378486,3.17,6.34,5.42,7.13
2021-08-13,3498,2330,1406,578,11088.66,14772.2,7620.52,4121.14,37602.52,2021,8,4,13,32,3,0,7812,0.2948914062142644,0.39285133017680735,0.2026598217353518,0.10959744187357658,3.17,6.340000000000001,5.42,7.130000000000001
2021-08-14,1597,2519,342,836,5062.49,15970.46,1853.64,5960.68,28847.27,2021,8,5,14,32,3,1,5294,0.17549286292949037,0.5536211918840154,0.06425703368117676,0.20662891150531748,3.17,6.34,5.42,7.130000000000001
2021-08-15,7884,1542,5166,898,24992.28,9776.28,27999.72,6402.74,69171.02,2021,8,6,15,32,3,1,15490,0.36131142782049475,0.14133491164363343,0.40478975154624003,0.09256390898963178,3.17,6.340000000000001,5.42,7.13
2021-08-16,668,462,4334,1778,2117.56,2929.08,23490.28,12677.14,41214.06,2021,8,0,16,33,3,0,7242,0.051379553482476616,0.0710699212841443,0.5699579221265753,0.30759260310680386,3.17,6.34,5.42,7.13
2021-08-17,7985,3366,2883,477,25312.45,21340.44,15625.86,3401.01,65679.76,2021,8,1,17,33,3,0,14711,0.38539193809477995,0.3249165344087737,0.23790982183856949,0.05178170565787695,3.17,6.34,5.42,7.130000000000001
2021-08-18,3809,3946,4588,1131,12074.53,25017.64,24866.96,8064.03,70023.16,2021,8,2,18,33,3,0,13474,0.17243623395459445,0.35727664961135713,0.35512479014086196,0.11516232629318642,3.1700000000000004,6.34,5.42,7.13
2021-08-19,1273,1476,2029,1091,4035.41,9357.84,10997.18,7778.83,32169.26,2021,8,3,19,33,3,0,5869,0.12544304718231006,0.29089385332457135,0.34185368267718935,0.24180941681592927,3.17,6.34,5.42,7.13
2021-08-20,6975,821,628,577,22110.75,5205.14,3403.76,4114.01,34833.66,2021,8,4,20,33,3,0,9001,0.6347524205036162,0.14942845512070796,0.0977146817187743,0.1181044426569014,3.17,6.340000000000001,5.42,7.130000000000001
2021-08-21,7777,3969,3111,425,24653.09,25163.46,16861.62,3030.25,69708.42,2021,8,5,21,33,3,1,15282,0.35366014607704493,0.3609816432505571,0.2418878522852763,0.04347035838712167,3.17,6.34,5.42,7.13
2021-08-22,6133,1165,2505,840,19441.61,7386.1,13577.1,5989.2,46394.01,2021,8,6,22,33,3,1,10643,0.4190543132615611,0.15920374203480148,0.2926476930965872,0.12909425160705013,3.17,6.340000000000001,5.42,7.13
2021-08-23,1176,3693,3434,688,3727.92,23413.62,18612.28,4905.44,50659.26,2021,8,0,23,34,3,0,8991,0.07358812584313312,0.4621784842494738,0.36740133985376017,0.09683205005363282,3.17,6.34,5.42,7.129999999999999
2021-08-24,354,2001,3316,1887,1122.18,12686.34,17972.72,13454.31,45235.55,2021,8,1,24,34,3,0,7558,0.024807479957688144,0.28045066325047446,0.3973140594068161,0.2974277973850213,3.1700000000000004,6.34,5.42,7.13
2021-08-25,629,2712,3640,595,1993.93,17194.08,19728.8,4242.35,43159.16,2021,8,2,25,34,3,0,7576,0.04619946264014406,0.39838773507176695,0.4571173303650951,0.09829547192299387,3.17,6.340000000000001,5.42,7.130000000000001
2021-08-26,7671,723,4446,1262,24317.07,4583.82,24097.32,8998.06,61996.27,2021,8,3,26,34,3,0,14102,0.3922344037794532,0.07393702879221604,0.3886898356949539,0.14513873173337685,3.17,6.34,5.42,7.13
2021-08-27,1582,994,1159,317,5014.94,6301.96,6281.78,2260.21,19858.89,2021,8,4,27,34,3,0,4052,0.25252871635826574,0.31733697099888264,0.3163208014143791,0.1138135112284725,3.17,6.34,5.42,7.13
2021-08-28,356,388,4278,1160,1128.52,2459.92,23186.76,8270.8,35046.0,2021,8,5,28,34,3,1,6182,0.03220110711636135,0.07019117730982138,0.6616093134737202,0.23599840210009698,3.17,6.34,5.42,7.129999999999999
2021-08-29,667,321,4834,926,2114.39,2035.14,26200.28,6602.38,36952.19,2021,8,6,29,34,3,1,6748,0.0572196126941326,0.055074949549674866,0.7090318598166983,0.17867357793949423,3.17,6.340000000000001,5.42,7.13
2021-08-31,1690,1730,3154,1130,5357.3,10968.2,17094.68,8056.9,41477.08,2021,8,1,31,35,3,0,7704,0.12916290153501644,0.2644400232610396,0.4121476246640313,0.19424945053991263,3.17,6.340000000000001,5.42,7.13
2021-09-01,1648,3043,4235,1062,5224.16,19292.62,22953.7,7572.06,55042.53999999999,2021,9,2,1,35,3,0,9988,0.09491131768265056,0.3505038103256136,0.4170174559531592,0.13756741603857672,3.17,6.34,5.42,7.130000000000001
2021-09-02,7770,2732,1155,758,24630.9,17320.88,6260.1,5404.54,53616.42,2021,9,3,2,35,3,0,12415,0.45939098507509457,0.3230517815251373,0.11675714268129056,0.10080009071847766,3.1700000000000004,6.340000000000001,5.42,7.13
2021-09-03,7492,632,4915,681,23749.64,4006.88,26639.3,4855.53,59251.35,2021,9,4,3,35,3,0,13720,0.4008286731019631,0.0676251258410146,0.44959819480906343,0.08194800624795891,3.17,6.34,5.42,7.13
2021-09-04,3545,2759,333,486,11237.65,17492.06,1804.86,3465.18,33999.75,2021,9,5,4,35,3,1,7123,0.33052154795255845,0.5144761358539401,0.05308450797432334,0.10191780821917808,3.17,6.340000000000001,5.42,7.13
2021-09-05,7758,2444,5283,1735,24592.86,15494.96,28633.86,12370.55,81092.23,2021,9,6,5,35,3,1,17220,0.3032702393311912,0.19107823277273298,0.3531023872447459,0.15254914065132996,3.17,6.34,5.42,7.13
2021-09-06,849,3947,5175,1732,2691.33,25023.98,28048.5,12349.16,68112.97,2021,9,0,6,36,3,0,11703,0.03951273891007836,0.3673893533052515,0.4117938184166687,0.1813040893680014,3.17,6.34,5.42,7.13
2021-09-07,2201,3338,5843,1719,6977.17,21162.92,31669.06,12256.47,72065.62,2021,9,1,7,36,3,0,13101,0.09681690104102345,0.2936618043388789,0.4394475479431108,0.17007374667698688,3.17,6.34,5.42,7.13
2021-09-08,6721,3006,4287,1149,21305.57,19058.04,23235.54,8192.37,71791.52,2021,9,2,8,36,3,0,15163,0.29677000849125357,0.265463664789379,0.3236529885423794,0.11411333817698804,3.17,6.34,5.42,7.130000000000001
2021-09-09,2008,2710,1052,1603,6365.36,17181.4,5701.84,11429.39,40677.990000000005,2021,9,3,9,36,3,0,7373,0.15648167473368274,0.42237583518753014,0.14017015098336963,0.2809723390954174,3.17,6.340000000000001,5.42,7.13
2021-09-10,679,2283,1302,1303,2152.43,14474.22,7056.84,9290.39,32973.88,2021,9,4,10,36,3,0,5567,0.06527681910651703,0.43896017089890543,0.21401303092023144,0.2817499790743461,3.17,6.34,5.42,7.13
2021-09-11,6812,3630,5342,1581,21594.04,23014.2,28953.64,11272.53,84834.41,2021,9,5,11,36,3,1,17365,0.2545434099205735,0.2712837868501708,0.3412959434738804,0.13287685975537522,3.17,6.34,5.42,7.130000000000001
2021-09-12,1191,1446,3690,1042,3775.47,9167.64,19999.8,7429.46,40372.37,2021,9,6,12,36,3,1,7369,0.09351618445981744,0.2270770826681713,0.4953833525255019,0.18402338034650925,3.17,6.34,5.42,7.13
2021-09-13,800,1533,1168,1102,2536.0,9719.22,6330.56,7857.26,26443.04,2021,9,0,13,37,3,0,4603,0.09590425306621327,0.3675530498762623,0.23940363891594915,0.29713905814157526,3.17,6.34,5.42,7.13
2021-09-14,7447,1329,2607,412,23606.99,8425.86,14129.94,2937.56,49100.35,2021,9,1,14,37,3,0,11795,0.4807906664616444,0.1716048867268767,0.2877767673753853,0.059827679436093635,3.1700000000000004,6.340000000000001,5.42,7.13
2021-09-15,742,3840,5352,1249,2352.14,24345.6,29007.84,8905.37,64610.95,2021,9,2,15,37,3,0,11183,0.03640466515350726,0.3768030032061129,0.44896166980983876,0.13783066183054113,3.17,6.34,5.42,7.130000000000001
2021-09-16,2495,611,5054,285,7909.15,3873.74,27392.68,2032.05,41207.62,2021,9,3,16,37,3,0,8445,0.19193416169145414,0.09400542909296872,0.6647479276891022,0.04931248152647495,3.17,6.34,5.42,7.13
2021-09-17,4608,3041,343,1366,14607.36,19279.94,1859.06,9739.58,45485.94,2021,9,4,17,37,3,0,9358,0.3211401149454095,0.4238659242834159,0.04087109115476122,0.21412286961641333,3.17,6.34,5.42,7.13
2021-09-18,1302,1005,3356,1430,4127.34,6371.7,18189.52,10195.9,38884.46,2021,9,5,18,37,3,1,7093,0.10614368824975325,0.16386237586943472,0.4677837881765621,0.26221014770425,3.17,6.34,5.42,7.13
2021-09-19,3754,3880,5602,591,11900.18,24599.2,30362.84,4213.83,71076.05,2021,9,6,19,37,3,1,13827,0.16742883151216198,0.3460968919910434,0.427188061238631,0.05928621525816361,3.17,6.34,5.42,7.13
2021-09-20,5919,3910,3674,1385,18763.23,24789.4,19913.08,9875.05,73340.76000000001,2021,9,0,20,38,3,0,14888,0.2558363180310648,0.33800304223735883,0.2715145029857885,0.1346461367457877,3.17,6.340000000000001,5.420000000000001,7.13
2021-09-21,5194,2047,1807,1861,16464.98,12977.98,9793.94,13268.93,52505.83,2021,9,1,21,38,3,0,10909,0.3135838439274267,0.24717217116651616,0.18653052432463216,0.25271346058142496,3.17,6.34,5.42,7.13
2021-09-22,4867,1288,5210,356,15428.39,8165.92,28238.2,2538.28,54370.78999999999,2021,9,2,22,38,3,0,11721,0.2837624761383824,0.15018946754314222,0.5193634302536344,0.04668462606484108,3.17,6.34,5.42,7.130000000000001
2021-09-23,6635,3380,1437,376,21032.95,21429.2,7788.54,2680.88,52931.57,2021,9,3,23,38,3,0,11828,0.3973611589454082,0.404847239558547,0.14714356668430578,0.05064803481173901,3.17,6.34,5.42,7.13
2021-09-24,1431,796,2698,905,4536.27,5046.64,14623.16,6452.65,30658.72,2021,9,4,24,38,3,0,5830,0.14796018881414488,0.1646070025102157,0.4769657702604675,0.21046703841517192,3.1700000000000004,6.340000000000001,5.42,7.13
2021-09-25,6225,1598,3752,1889,19733.25,10131.32,20335.84,13468.57,63668.98,2021,9,5,25,38,3,1,13464,0.30993507356329564,0.15912489881257716,0.319399494070739,0.21154053355338814,3.17,6.34,5.42,7.13
2021-09-26,4554,2120,2447,412,14436.18,13440.8,13262.74,2937.56,44077.28,2021,9,6,26,38,3,1,9533,0.32751975621000207,0.3049371467567872,0.3008974237974757,0.06664567323573506,3.17,6.34,5.42,7.13
2021-09-27,2269,458,3513,830,7192.73,2903.72,19040.46,5917.9,35054.81,2021,9,0,27,39,3,0,7070,0.2051852513249965,0.08283371098003384,0.5431625503033678,0.1688184873916019,3.17,6.34,5.42,7.13
2021-09-28,5593,322,4760,771,17729.81,2041.48,25799.2,5497.23,51067.72,2021,9,1,28,39,3,0,11446,0.3471823296595188,0.03997593783313608,0.5051958458298119,0.10764588667753328,3.1700000000000004,6.34,5.42,7.129999999999999
2021-09-29,409,2067,5767,1488,1296.53,13104.78,31257.14,10609.44,56267.89,2021,9,2,29,39,3,0,9731,0.023042093812296854,0.23289979418101514,0.555505813351096,0.18855229865559203,3.17,6.340000000000001,5.42,7.130000000000001
2021-09-30,3792,3983,3144,1251,12020.64,25252.22,17040.48,8919.63,63232.97,2021,9,3,30,39,3,0,12170,0.1901008287290633,0.399352110141276,0.2694872627365123,0.14105979839314836,3.17,6.34,5.42,7.129999999999999
2021-10-01,2774,282,5211,883,8793.58,1787.88,28243.62,6295.79,45120.87,2021,10,4,1,39,4,0,9150,0.19488941591773384,0.039624235968854324,0.6259546857141717,0.1395316623992401,3.17,6.340000000000001,5.42,7.13
2021-10-02,5835,289,1475,1369,18496.95,1832.26,7994.5,9760.97,38084.68,2021,10,5,2,39,4,1,8968,0.48567954358550475,0.04811015873049215,0.20991380261039347,0.25629649507360963,3.17,6.34,5.42,7.13
2021-10-03,4116,1538,5764,664,13047.72,9750.92,31240.88,4734.32,58773.84,2021,10,6,3,39,4,1,12082,0.22199876679828986,0.16590578393380456,0.5315439658188065,0.08055148344909913,3.17,6.34,5.42,7.13
2021-10-04,4781,1089,4031,1671,15155.77,6904.26,21848.02,11914.23,55822.28,2021,10,0,4,40,4,0,11572,0.2715003758355983,0.12368287357664359,0.3913853035024725,0.21343144708528566,3.17,6.34,5.42,7.13
2021-10-05,7052,2334,4460,984,22354.84,14797.56,24173.2,7015.92,68341.52,2021,10,1,5,40,4,0,14830,0.32710481124797924,0.216523717938963,0.3537117699460006,0.1026597008670571,3.17,6.34,5.42,7.13
2021-10-06,6555,3812,5203,706,20779.35,24168.08,28200.26,5033.78,78181.47,2021,10,2,6,40,4,0,16276,0.26578356738495706,0.30912798134903324,0.3607026063848633,0.06438584488114639,3.17,6.340000000000001,5.42,7.13
2021-10-07,3716,2372,3814,1388,11779.72,15038.48,20671.88,9896.44,57386.52,2021,10,3,7,40,4,0,11290,0.20526980900741149,0.2620559671504737,0.3602218778904872,0.17245234595162767,3.17,6.34,5.42,7.130000000000001
2021-10-08,1206,3263,3418,1616,3823.02,20687.42,18525.56,11522.08,54558.08,2021,10,4,8,40,4,0,9503,0.07007248055650052,0.37918159876593893,0.3395566706159748,0.21118925006158573,3.17,6.34,5.420000000000001,7.13
2021-10-09,2884,3934,1828,1611,9142.28,24941.56,9907.76,11486.43,55478.030000000006,2021,10,5,9,40,4,1,10257,0.16479099924781035,0.4495754445498515,0.17858889365754335,0.20704466254479476,3.1700000000000004,6.340000000000001,5.42,7.13
2021-10-10,1602,3526,3112,1909,5078.34,22354.84,16867.04,13611.17,57911.39,2021,10,6,10,40,4,1,10149,0.08769155774019584,0.38601801821714177,0.29125600335270835,0.2350344206899541,3.17,6.34,5.42,7.13
2021-10-11,3257,2673,4923,270,10324.69,16946.82,26682.66,1925.1,55879.27,2021,10,0,11,41,4,0,11123,0.1847678038743169,0.3032756154473743,0.47750552217307063,0.03445105850523817,3.1700000000000004,6.34,5.42,7.13
2021-10-12,6665,2190,5281,1694,21128.05,13884.6,28623.02,12078.22,75713.89,2021,10,1,12,41,4,0,15830,0.27905117541840735,0.18338246786686035,0.3780418625961498,0.15952449411858247,3.17,6.34,5.42,7.13
2021-10-13,2870,857,4499,565,9097.9,5433.38,24384.58,4028.45,42944.31,2021,10,2,13,41,4,0,8791,0.2118534446123363,0.1265215345176113,0.5678186469872261,0.0938063738828264,3.17,6.34,5.420000000000001,7.13
2021-10-14,4303,2135,4170,675,13640.51,13535.9,22601.4,4812.75,54590.56,2021,10,3,14,41,4,0,11283,0.24986939133798958,0.24795312596170474,0.4140166358432667,0.08816084685703902,3.17,6.34,5.42,7.13
2021-10-15,1203,3255,3743,357,3813.51,20636.7,20287.06,2545.41,47282.68000000001,2021,10,4,15,41,4,0,8558,0.08065342319851582,0.4364536866353599,0.42905901272939684,0.05383387743672735,3.1700000000000004,6.34,5.42,7.13
2021-10-16,1211,2382,4838,1231,3838.87,15101.88,26221.96,8777.03,53939.74,2021,10,5,16,41,4,1,9662,0.0711696051927577,0.2799768779011541,0.48613434176731296,0.16271917513877526,3.17,6.34,5.42,7.130000000000001
2021-10-17,4987,1276,2192,654,15808.79,8089.84,11880.64,4663.02,40442.29000000001,2021,10,6,17,41,4,1,9109,0.3908974986332376,0.20003417214999444,0.2937677366934463,0.11530059252332149,3.1700000000000004,6.34,5.42,7.130000000000001
2021-10-18,6533,2038,1640,1167,20709.61,12920.92,8888.8,8320.71,50840.04,2021,10,0,18,42,4,0,11378,0.40734842065427174,0.25414850185011656,0.17483857211756715,0.16366450537804453,3.17,6.34,5.42,7.129999999999999
2021-10-19,5389,1474,689,1659,17083.13,9345.16,3734.38,11828.67,41991.34,2021,10,1,19,42,4,0,9211,0.4068250739319108,0.22254969715184134,0.08893214648544201,0.281693082430806,3.1700000000000004,6.34,5.42,7.13
2021-10-20,4197,3661,4038,1299,13304.49,23210.74,21885.96,9261.87,67663.06,2021,10,2,20,42,4,0,13195,0.1966285592168016,0.34303414595792747,0.32345507282703445,0.13688222199823658,3.17,6.340000000000001,5.42,7.130000000000001
2021-10-21,6736,877,3329,274,21353.12,5560.18,18043.18,1953.62,46910.1,2021,10,3,21,42,4,0,11216,0.4551923786135608,0.1185284192529967,0.38463316002310804,0.041646042110334444,3.17,6.340000000000001,5.42,7.13
2021-10-22,6741,878,4434,1272,21368.97,5566.52,24032.28,9069.36,60037.130000000005,2021,10,4,22,42,4,0,13325,0.355929239122523,0.0927179563713322,0.40029028702737784,0.1510625174787669,3.1700000000000004,6.340000000000001,5.42,7.130000000000001
2021-10-23,3548,1862,3816,267,11247.16,11805.08,20682.72,1903.71,45638.67,2021,10,5,23,42,4,1,9493,0.24643925863746688,0.2586639794717944,0.45318410900230005,0.04171265288843869,3.17,6.34,5.42,7.13
2021-10-24,5513,2710,5578,1129,17476.21,17181.4,30232.76,8049.77,72940.14,2021,10,6,24,42,4,1,14930,0.23959660620338813,0.23555479877060836,0.4144872768272723,0.11036131819873118,3.17,6.340000000000001,5.42,7.130000000000001
2021-10-25,4519,3642,1073,711,14325.23,23090.28,5815.66,5069.43,48300.6,2021,10,0,25,43,4,0,9945,0.29658492855161217,0.47805368877405247,0.1204055436164354,0.10495583905789992,3.17,6.34,5.42,7.130000000000001
2021-10-26,3164,1897,2614,1532,10029.88,12026.98,14167.88,10923.16,47147.9,2021,10,1,26,43,4,0,9207,0.21273227439610246,0.2550904706254149,0.30049864362993894,0.23167861134854362,3.17,6.34,5.42,7.13
2021-10-27,1344,574,1398,1818,4260.48,3639.16,7577.16,12962.34,28439.14,2021,10,2,27,43,4,0,5134,0.14981043730576943,0.12796308186534472,0.2664342170684486,0.4557922637604372,3.1699999999999995,6.34,5.42,7.13
2021-10-28,6689,1610,2305,1036,21204.13,10207.4,12493.1,7386.68,51291.31,2021,10,3,28,43,4,0,11640,0.4134058966323925,0.19900837003383223,0.2435714743881566,0.14401425894561867,3.1700000000000004,6.34,5.42,7.13
2021-10-29,4254,3127,5891,251,13485.18,19825.18,31929.22,1789.63,67029.21,2021,10,4,29,43,4,0,13523,0.20118363322497756,0.29576926238575685,0.47634784894525833,0.026699255444007173,3.17,6.34,5.42,7.130000000000001
2021-10-30,6404,988,4526,1741,20300.68,6263.92,24530.92,12413.33,63508.85,2021,10,5,30,43,4,1,13659,0.3196511982188309,0.09863066328551061,0.3862598677192234,0.1954582707764351,3.17,6.34,5.42,7.13
2021-11-01,1923,3482,5509,1833,6095.91,22075.88,29858.78,13069.29,71099.86,2021,11,0,1,44,4,0,12747,0.08573729962337479,0.31049118802765574,0.4199555385903713,0.18381597375859812,3.17,6.34,5.42,7.130000000000001
2021-11-02,684,3684,3469,851,2168.28,23356.56,18801.98,6067.63,50394.45,2021,11,1,2,44,4,0,8688,0.04302616657191417,0.4634748469325492,0.3730962437331889,0.12040274276234784,3.1700000000000004,6.340000000000001,5.42,7.13
2021-11-03,572,424,4371,356,1813.24,2688.16,23690.82,2538.28,30730.5,2021,11,2,3,44,4,0,5723,0.05900457200501131,0.08747530954589089,0.7709220481280812,0.08259807032101658,3.17,6.34,5.42,7.130000000000001
2021-11-04,2090,2525,4102,1272,6625.3,16008.5,22232.84,9069.36,53936.0,2021,11,3,4,44,4,0,9989,0.1228363245327796,0.29680547315336697,0.41220780183921685,0.1681504004746366,3.17,6.34,5.42,7.130000000000001
2021-11-05,6000,2382,5144,1064,19020.0,15101.88,27880.48,7586.32,69588.68,2021,11,4,5,44,4,0,14590,0.2733203158904581,0.2170163308170237,0.40064677186002096,0.10901658143249736,3.17,6.34,5.42,7.13
2021-11-06,4326,3180,5128,634,13713.42,20161.2,27793.76,4520.42,66188.8,2021,11,5,6,44,4,1,13268,0.20718641220266873,0.3046013827112744,0.41991636047186226,0.06829584461419455,3.17,6.34,5.42,7.13
2021-11-07,5689,1602,981,382,18034.13,10156.68,5317.02,2723.66,36231.490000000005,2021,11,6,7,44,4,1,8654,0.49774740150073865,0.28032741684098555,0.14675134806766157,0.07517383359061412,3.1700000000000004,6.34,5.420000000000001,7.13
2021-11-08,1872,3148,3429,1094,5934.24,19958.32,18585.18,7800.22,52277.96,2021,11,0,8,45,4,0,9543,0.11351322813667557,0.38177312198104135,0.35550698611805054,0.14920666376423258,3.17,6.34,5.42,7.13
2021-11-09,1008,2726,4863,1153,3195.36,17282.84,26357.46,8220.89,55056.55,2021,11,1,9,45,4,0,9750,0.05803778115410428,0.31391069727398463,0.4787343195314635,0.1493172020404475,3.17,6.34,5.42,7.13
2021-11-10,3513,3402,4953,498,11136.21,21568.68,26845.26,3550.74,63100.88999999999,2021,11,2,10,45,4,0,12366,0.17648261379514615,0.34181261151784076,0.42543393603481666,0.05627083865219651,3.17,6.34,5.42,7.13
2021-11-11,2378,546,5274,1506,7538.26,3461.64,28585.08,10737.78,50322.76,2021,11,3,11,45,4,0,9704,0.14979822251402744,0.06878875482982252,0.5680348216194819,0.2133782010366681,3.17,6.34,5.42,7.130000000000001
2021-11-12,6207,309,4924,847,19676.19,1959.06,26688.08,6039.11,54362.44,2021,11,4,12,45,4,0,12287,0.3619445705527566,0.03603701379113961,0.4909286632461678,0.11108975240993597,3.17,6.34,5.42,7.13
2021-11-13,4222,1727,3406,832,13383.74,10949.18,18460.52,5932.16,48725.600000000006,2021,11,5,13,45,4,1,10187,0.2746757351371763,0.2247110348564204,0.3788669611046349,0.12174626890176825,3.17,6.34,5.42,7.13
2021-11-14,4628,2612,5169,1562,14670.76,16560.08,28015.98,11137.06,70383.88,2021,11,6,14,45,4,1,13971,0.20843920511344358,0.23528228338647997,0.3980454047148296,0.15823310678524682,3.17,6.340000000000001,5.42,7.13
2021-11-15,1844,1292,4514,1030,5845.48,8191.28,24465.88,7343.9,45846.54,2021,11,0,15,46,4,0,8680,0.1275010066190382,0.1786673541776544,0.5336472501523561,0.16018438905095128,3.17,6.34,5.42,7.13
2021-11-16,5204,1803,2411,855,16496.68,11431.02,13067.62,6096.15,47091.47,2021,11,1,16,46,4,0,10273,0.3503114258272252,0.24274077662047924,0.27749441671708275,0.12945338083521282,3.17,6.34,5.42,7.13
2021-11-17,5705,1275,4465,422,18084.85,8083.5,24200.3,3008.86,53377.51,2021,11,2,17,46,4,0,11867,0.33881029669611784,0.1514401852015952,0.4533800846086676,0.056369433493619316,3.17,6.34,5.42,7.13
2021-11-18,4231,1753,4534,551,13412.27,11114.02,24574.28,3928.63,53029.2,2021,11,3,18,46,4,0,11069,0.2529223522134975,0.2095830221840043,0.4634103475066567,0.07408427809584155,3.17,6.34,5.42,7.13
2021-11-19,265,2372,3805,1130,840.05,15038.48,20623.1,8056.9,44558.53,2021,11,4,19,46,4,0,7572,0.01885273145231676,0.3374994641878895,0.4628316957493885,0.18081610861040523,3.17,6.34,5.42,7.13
2021-11-20,4367,1369,2980,1946,13843.39,8679.46,16151.6,13874.98,52549.42999999999,2021,11,5,20,46,4,1,10662,0.26343558816908197,0.16516753844903742,0.3073601369225128,0.2640367364593679,3.17,6.339999999999999,5.42,7.13
2021-11-21,3445,3823,4956,1098,10920.65,24237.82,26861.52,7828.74,69848.73000000001,2021,11,6,21,46,4,1,13322,0.15634715190956225,0.3470044480407875,0.3845670493937398,0.11208135065591025,3.17,6.34,5.42,7.13
2021-11-22,1922,2771,2384,1304,6092.74,17568.14,12921.28,9297.52,45879.67999999999,2021,11,0,22,47,4,0,8381,0.13279822352727833,0.38291766638302627,0.2816340480142844,0.2026500620754112,3.17,6.34,5.42,7.13
2021-11-23,3464,3146,2687,1032,10980.88,19945.64,14563.54,7358.16,52848.22,2021,11,1,23,47,4,0,10329,0.2077814541341222,0.3774136574514714,0.27557295212591837,0.13923193628848804,3.17,6.34,5.42,7.13
2021-11-24,6072,851,1977,549,19248.24,5395.34,10715.34,3914.37,39273.29,2021,11,2,24,47,4,0,9449,0.4901101995783903,0.13737937412424578,0.27284039610636135,0.09967003019100258,3.1700000000000004,6.34,5.42,7.13
2021-11-25,2429,3954,488,1299,7699.93,25068.36,2644.96,9261.87,44675.12,2021,11,3,25,47,4,0,8170,0.1723538739235619,0.5611257451574836,0.05920431775001388,0.20731606316894058,3.17,6.34,5.42,7.130000000000001
2021-11-26,7199,3510,3832,259,22820.83,22253.4,20769.44,1846.67,67690.34,2021,11,4,26,47,4,0,14800,0.33713569764902945,0.328752965341879,0.306830191723073,0.027281145286018656,3.1700000000000004,6.340000000000001,5.42,7.13
2021-11-27,1311,984,563,1100,4155.87,6238.56,3051.46,7843.0,21288.89,2021,11,5,27,47,4,1,3958,0.19521309002019363,0.2930429909685287,0.14333579627683737,0.36840812273444035,3.17,6.340000000000001,5.42,7.13
2021-11-28,4356,2745,4583,1496,13808.52,17403.3,24839.86,10666.48,66718.16,2021,11,6,28,47,4,1,13180,0.20696793796471605,0.2608480209885884,0.37231032750303666,0.15987371354365887,3.17,6.34,5.42,7.13
2021-11-29,4626,883,5238,1466,14664.42,5598.22,28389.96,10452.58,59105.18,2021,11,0,29,48,4,0,12213,0.24810718789791353,0.09471623299345337,0.48032947366034584,0.17684710544828727,3.17,6.34,5.42,7.13
2021-11-30,2357,1540,3970,1017,7471.69,9763.6,21517.4,7251.21,46003.9,2021,11,1,30,48,4,0,8884,0.16241427357245797,0.21223418014559636,0.4677299098554688,0.1576216364264769,3.17,6.34,5.42,7.13
2021-12-01,3464,3640,3136,1142,10980.88,23077.6,16997.12,8142.46,59198.05999999999,2021,12,2,1,48,4,0,11382,0.18549391652361583,0.3898370993914328,0.28712292260928823,0.13754606147566326,3.17,6.34,5.42,7.13
2021-12-02,4269,2598,1284,1273,13532.73,16471.32,6959.28,9076.49,46039.82,2021,12,3,2,48,4,0,9424,0.2939353368453656,0.35776247604790806,0.1511578455345829,0.19714434157214342,3.17,6.34,5.42,7.13
2021-12-03,5387,422,5089,1866,17076.79,2675.48,27582.38,13304.58,60639.23,2021,12,4,3,48,4,0,12764,0.2816129096626062,0.04412127264808607,0.45486032721721564,0.21940549047209207,3.1700000000000004,6.34,5.42,7.13
2021-12-04,2935,3267,5183,1346,9303.95,20712.78,28091.86,9596.98,67705.56999999999,2021,12,5,4,48,4,1,12731,0.137417792952633,0.30592431316950736,0.41491209659707473,0.14174579728078504,3.1700000000000004,6.34,5.42,7.13
2021-12-05,7701,3436,784,1645,24412.17,21784.24,4249.28,11728.85,62174.54,2021,12,6,5,48,4,1,13566,0.3926393343641947,0.3503723549864623,0.06834437375813315,0.1886439368912098,3.17,6.340000000000001,5.42,7.13
2021-12-06,476,1801,2873,1187,1508.92,11418.34,15571.66,8463.31,36962.23,2021,12,0,6,49,4,0,6337,0.04082329448196172,0.3089191317731641,0.42128572870197495,0.22897184504289916,3.1700000000000004,6.34,5.42,7.13
2021-12-07,3274,3993,2199,515,10378.58,25315.62,11918.58,3671.95,51284.73,2021,12,1,7,49,4,0,9981,0.20237173911220746,0.49362880529935516,0.2324001705770899,0.07159928501134742,3.17,6.34,5.42,7.13
2021-12-08,2794,3152,5155,449,8856.98,19983.68,27940.1,3201.37,59982.13,2021,12,2,8,49,4,0,11550,0.14766031149610725,0.3331605596533501,0.46580706620455126,0.0533720626459914,3.17,6.34,5.42,7.13
2021-12-09,1928,2690,3970,1908,6111.76,17054.6,21517.4,13604.04,58287.8,2021,12,3,9,49,4,0,10496,0.10485487529122732,0.2925929611342339,0.36915786837039655,0.2333942952041422,3.17,6.34,5.42,7.130000000000001
2021-12-10,6404,1602,616,1747,20300.68,10156.68,3338.72,12456.11,46252.19,2021,12,4,10,49,4,0,10369,0.43891283850559293,0.21959349384321045,0.07218512247744377,0.26930854517375286,3.17,6.34,5.42,7.13
2021-12-11,1544,3639,489,1649,4894.48,23071.26,2650.38,11757.37,42373.49,2021,12,5,11,49,4,1,7321,0.11550806884209915,0.5444739151766824,0.06254806955952885,0.27746994642168965,3.17,6.34,5.42,7.130000000000001
2021-12-12,3727,3183,5265,1679,11814.59,20180.22,28536.3,11971.27,72502.38,2021,12,6,12,49,4,1,13854,0.16295451266565317,0.2783387248804798,0.3935912172814189,0.1651155451724481,3.17,6.340000000000001,5.42,7.13
2021-12-13,3758,3895,1289,1390,11912.86,24694.3,6986.38,9910.7,53504.240000000005,2021,12,0,13,50,4,0,10332,0.2226526346323207,0.4615391228807286,0.13057619358764838,0.18523204889930217,3.1700000000000004,6.34,5.42,7.130000000000001
2021-12-14,6468,2319,2018,1418,20503.56,14702.46,10937.56,10110.34,56253.92,2021,12,1,14,50,4,0,12223,0.3644823329645294,0.26135885285860966,0.19443196136375918,0.17972685281310175,3.1700000000000004,6.34,5.42,7.13
2021-12-15,6706,599,2783,934,21258.02,3797.66,15083.86,6659.42,46798.96,2021,12,2,15,50,4,0,11022,0.45424129083210396,0.08114838449401439,0.3223118633405529,0.14229846133332877,3.17,6.34,5.42,7.13
2021-12-16,4614,1644,3933,714,14626.38,10422.96,21316.86,5090.82,51457.02,2021,12,3,16,50,4,0,10905,0.2842445986961546,0.2025566190968696,0.41426534222152783,0.09893343998544805,3.17,6.34,5.42,7.13
2021-12-17,2756,2673,4777,1300,8736.52,16946.82,25891.34,9269.0,60843.68,2021,12,4,17,50,4,0,11506,0.1435896053624633,0.27853048993749224,0.42553869193973803,0.1523412127603064,3.1700000000000004,6.34,5.42,7.13
2021-12-18,3555,2974,5051,988,11269.35,18855.16,27376.42,7044.44,64545.37,2021,12,5,18,50,4,1,12568,0.17459579207617834,0.29212257982253415,0.42414227387649955,0.10913935422478792,3.17,6.34,5.42,7.13
2021-12-19,487,2548,3982,1604,1543.79,16154.32,21582.44,11436.52,50717.07000000001,2021,12,6,19,50,4,1,8621,0.03043925841930537,0.3185184002151543,0.4255458763686466,0.22549646499689352,3.17,6.34,5.42,7.13
2021-12-20,3681,1045,3385,346,11668.77,6625.3,18346.7,2466.98,39107.75000000001,2021,12,0,20,51,4,0,8457,0.29837487454532663,0.16941143379509174,0.469132077401538,0.06308161425804347,3.17,6.34,5.42,7.13
2021-12-21,612,1921,3855,1128,1940.04,12179.14,20894.1,8042.64,43055.92,2021,12,1,21,51,4,0,7516,0.04505861214903781,0.28286795404673737,0.48527821493536777,0.18679521886885708,3.17,6.34,5.42,7.13
2021-12-22,321,1976,4131,288,1017.57,12527.84,22390.02,2053.44,37988.87,2021,12,2,22,51,4,0,6716,0.026786003374146165,0.3297765898274942,0.5893836800094343,0.05405372678892528,3.1700000000000004,6.34,5.42,7.13
2021-12-23,5522,2693,2039,415,17504.74,17073.62,11051.38,2958.95,48588.69,2021,12,3,23,51,4,0,10669,0.36026367453001923,0.3513908277831734,0.22744758090823192,0.060897916778575416,3.1700000000000004,6.34,5.42,7.13
2021-12-24,504,1655,1644,1636,1597.68,10492.7,8910.48,11664.68,32665.54,2021,12,4,24,51,4,0,5439,0.04891025833339966,0.3212161807213351,0.27277920401744465,0.35709435692782054,3.17,6.340000000000001,5.42,7.13
2021-12-25,2025,3571,2276,518,6419.25,22640.14,12335.92,3693.34,45088.65,2021,12,5,25,51,4,1,8390,0.14236953202191682,0.5021250359014963,0.27359257817654775,0.08191285390003915,3.17,6.34,5.42,7.13
2021-12-26,6422,3643,5080,346,20357.74,23096.62,27533.6,2466.98,73454.93999999999,2021,12,6,26,51,4,1,15491,0.27714596186451185,0.3144324942611076,0.3748366005063785,0.03358494336800221,3.1700000000000004,6.34,5.42,7.13
2021-12-27,7919,1984,3326,1932,25103.23,12578.56,18026.92,13775.16,69483.87,2021,12,0,27,52,4,0,15161,0.3612814024319601,0.1810284890579641,0.259440356445316,0.19824975206475978,3.17,6.34,5.419999999999999,7.13
2021-12-28,1170,2420,1666,440,3708.9,15342.8,9029.72,3137.2,31218.62,2021,12,1,28,52,4,0,5696,0.11880409832337241,0.4914631075941217,0.2892414847293058,0.10049130935320011,3.17,6.34,5.42,7.13
2021-12-29,3314,2840,823,457,10505.38,18005.6,4460.66,3258.41,36230.05,2021,12,2,29,52,4,0,7434,0.2899631659354596,0.4969797171132802,0.12312044835709582,0.08993666859416423,3.17,6.34,5.42,7.13
2021-12-30,3834,3829,3346,1349,12153.78,24275.86,18135.32,9618.37,64183.33,2021,12,3,30,52,4,0,12358,0.18936038376319833,0.37822686981183434,0.28255498740872437,0.14985775901624301,3.1700000000000004,6.34,5.42,7.130000000000001
2022-01-01,1706,302,5432,935,5408.02,1914.68,29441.44,6666.55,43430.69,2022,1,5,1,52,1,1,8375,0.12452070183549928,0.04408587567915683,0.6778948250649482,0.15349859742039557,3.1700000000000004,6.34,5.42,7.13
2022-01-02,2335,2595,1169,416,7401.95,16452.3,6335.98,2966.08,33156.31,2022,1,6,2,52,1,1,6515,0.2232440823481262,0.4962041916003319,0.19109424420268722,0.08945748184885471,3.17,6.34,5.42,7.13
2022-01-03,2217,3730,5163,1312,7027.89,23648.2,27983.46,9354.56,68014.11,2022,1,0,3,1,1,0,12422,0.10332988257877668,0.3476955002425232,0.4114360975979837,0.13753851958071642,3.17,6.34,5.42,7.13
2022-01-04,2045,3252,3509,436,6482.65,20617.68,19018.78,3108.68,49227.79,2022,1,1,4,1,1,0,9242,0.13168679723383883,0.4188219702732948,0.3863423484986833,0.06314888399418296,3.17,6.34,5.42,7.13
2022-01-05,2461,2990,1107,1527,7801.37,18956.6,5999.94,10887.51,43645.42,2022,1,2,5,1,1,0,8085,0.17874429894362343,0.43433194135833725,0.13747009422752718,0.24945366547051215,3.17,6.34,5.42,7.13
2022-01-06,3213,308,4103,1829,10185.21,1952.72,22238.26,13040.77,47416.95999999999,2022,1,3,6,1,1,0,9453,0.2148009910378059,0.041181889349296126,0.46899379462538304,0.2750233249875151,3.17,6.34,5.42,7.13
2022-01-07,3373,2850,4955,767,10692.41,18069.0,26856.1,5468.71,61086.22,2022,1,4,7,1,1,0,11945,0.17503800366105482,0.29579502545745995,0.43964252494261385,0.08952444593887132,3.17,6.34,5.42,7.13
2022-01-08,7365,3929,3415,624,23347.05,24909.86,18509.3,4449.12,71215.33,2022,1,5,8,1,1,1,15333,0.32783741927475446,0.34978227300217524,0.2599061185281315,0.06247418919493879,3.17,6.34,5.42,7.13
2022-01-09,7113,2966,2201,421,22548.21,18804.44,11929.42,3001.73,56283.8,2022,1,6,9,1,1,1,12701,0.4006163407587973,0.3341003983384206,0.21195121864550723,0.05333204225727474,3.17,6.34,5.42,7.13
2022-01-10,2411,1137,1857,1661,7642.87,7208.58,10064.94,11842.93,36759.32,2022,1,0,10,2,1,0,7066,0.20791652293894447,0.19610210417385304,0.27380647955402876,0.32217489333317373,3.17,6.34,5.42,7.13
2022-01-11,622,335,4327,1699,1971.74,2123.9,23452.34,12113.87,39661.85,2022,1,1,11,2,1,0,6983,0.04971376776423692,0.05355020000327771,0.5913072637811903,0.3054287684512952,3.17,6.34,5.42,7.130000000000001
2022-01-12,3352,2258,4241,1190,10625.84,14315.72,22986.22,8484.7,56412.48,2022,1,2,12,2,1,0,11041,0.1883597388379309,0.25376866962771355,0.40746692930358674,0.1504046622307688,3.17,6.34,5.42,7.130000000000001
2022-01-13,2292,2602,1332,791,7265.64,16496.68,7219.44,5639.83,36621.59,2022,1,3,13,2,1,0,7017,0.19839772112570755,0.45046323766936397,0.19713617022089974,0.15400287098402884,3.17,6.34,5.42,7.13
2022-01-14,5324,1857,840,1492,16877.08,11773.38,4552.8,10637.96,43841.22,2022,1,4,14,2,1,0,9513,0.3849591776871173,0.2685459026915765,0.10384747504745534,0.2426474445738508,3.1700000000000004,6.34,5.42,7.129999999999999
2022-01-15,4613,728,1303,1638,14623.21,4615.52,7062.26,11678.94,37979.93,2022,1,5,15,2,1,1,8282,0.38502466960839576,0.12152523714498685,0.18594715682730326,0.3075029364193141,3.17,6.340000000000001,5.42,7.13
2022-01-16,6671,2029,854,790,21147.07,12863.86,4628.68,5632.7,44272.31,2022,1,6,16,2,1,1,10344,0.4776590604827261,0.2905622046827916,0.10455022563765028,0.12722850919683207,3.17,6.34,5.42,7.13
2022-01-17,4640,466,2234,1963,14708.8,2954.44,12108.28,13996.19,43767.71,2022,1,0,17,3,1,0,9303,0.3360651037031638,0.0675027320369286,0.2766486983212053,0.3197834659387023,3.17,6.34,5.42,7.13
2022-01-18,7156,502,5210,1403,22684.52,3182.68,28238.2,10003.39,64108.79,2022,1,1,18,3,1,0,14271,0.3538441452412376,0.04964498628035251,0.4404731394868005,0.15603772899160942,3.17,6.34,5.42,7.13
2022-01-19,4530,3172,5166,693,14360.1,20110.48,27999.72,4941.09,67411.39,2022,1,2,19,3,1,0,13561,0.213021864702686,0.29832465997215013,0.4153559213064736,0.07329755401869031,3.17,6.34,5.42,7.13
2022-01-20,4935,2747,2926,742,15643.95,17415.98,15858.92,5290.46,54209.31,2022,1,3,20,3,1,0,11350,0.28858419337932917,0.32127285885026025,0.2925497483734805,0.09759319939693016,3.17,6.34,5.42,7.13
2022-01-21,6157,974,4082,1863,19517.69,6175.16,22124.44,13283.19,61100.48,2022,1,4,21,3,1,0,13076,0.3194359520579871,0.10106565447603684,0.3620992830170892,0.21739911044888682,3.17,6.34,5.42,7.13
2022-01-22,1075,2755,714,1905,3407.75,17466.7,3869.88,13582.65,38326.98,2022,1,5,22,3,1,1,6449,0.08891256237772972,0.4557285755360845,0.10097012600523182,0.3543887360809539,3.17,6.34,5.42,7.13
2022-01-23,5197,2819,1813,1186,16474.49,17872.46,9826.46,8456.18,52629.59,2022,1,6,23,3,1,1,11015,0.31302713929559406,0.33958957308996707,0.1867097957631819,0.16067349185125707,3.1700000000000004,6.34,5.42,7.13
2022-01-24,1686,1561,2003,659,5344.62,9896.74,10856.26,4698.67,30796.29,2022,1,0,24,4,1,0,5909,0.1735475279652192,0.3213614367185138,0.3525184364740038,0.15257259884226315,3.17,6.34,5.42,7.13
2022-01-25,4999,516,2360,1063,15846.83,3271.44,12791.2,7579.19,39488.66,2022,1,1,25,4,1,0,8938,0.40130077850198004,0.08284504969274722,0.32392084208479094,0.19193332972048174,3.17,6.34,5.42,7.13
2022-01-26,5041,2918,5153,257,15979.97,18500.12,27929.26,1832.41,64241.76,2022,1,2,26,4,1,0,13369,0.24874738799186072,0.2879765436065263,0.4347524102702043,0.028523658131408603,3.17,6.34,5.42,7.13
2022-01-27,676,3307,1757,386,2142.92,20966.38,9522.94,2752.18,35384.420000000006,2022,1,3,27,4,1,0,6126,0.06056111701138523,0.5925314022386123,0.26912805127228306,0.07777942947771928,3.17,6.340000000000001,5.42,7.13
2022-01-28,6793,1587,1294,1152,21533.81,10061.58,7013.48,8213.76,46822.63,2022,1,4,28,4,1,0,10826,0.45990176117830206,0.21488711761812612,0.14978825409849894,0.17542286710507293,3.1700000000000004,6.34,5.42,7.13
2022-01-29,7098,990,929,1041,22500.66,6276.6,5035.18,7422.33,41234.77,2022,1,5,29,4,1,1,10058,0.5456720141763857,0.15221620006610928,0.12211005420910559,0.18000173154839957,3.17,6.340000000000001,5.42,7.13
2022-01-30,6244,3092,4362,1507,19793.48,19603.28,23642.04,10744.91,73783.70999999999,2022,1,6,30,4,1,1,15205,0.2682635503148324,0.2656857455392254,0.320423573170826,0.14562713097511634,3.17,6.34,5.42,7.13
2022-01-31,7046,1115,3854,335,22335.82,7069.1,20888.68,2388.55,52682.15,2022,1,0,31,5,1,0,12350,0.42397320534564364,0.13418396933306634,0.39650393919002924,0.04533888613126078,3.17,6.340000000000001,5.42,7.130000000000001
2022-02-01,4285,2464,2450,1759,13583.45,15621.76,13279.0,12541.67,55025.88,2022,2,1,1,5,1,0,10958,0.2468556613724306,0.2838984128922609,0.24132281028490596,0.2279231154504026,3.1700000000000004,6.34,5.42,7.13
2022-02-02,1395,3997,2860,1991,4422.15,25340.98,15501.2,14195.83,59460.16,2022,2,2,2,5,1,0,10243,0.07437164649405584,0.42618418786629564,0.2606989284926243,0.23874523714702414,3.17,6.34,5.42,7.13
2022-02-03,7546,1582,4146,1939,23920.82,10029.88,22471.32,13825.07,70247.09,2022,2,3,3,5,1,0,15213,0.34052399893006247,0.14278000697253082,0.31988969222782043,0.19680630186958634,3.17,6.34,5.42,7.13
2022-02-04,1347,355,1391,1516,4269.99,2250.7,7539.22,10809.08,24868.99,2022,2,4,4,5,1,0,4609,0.1716993733963462,0.09050226808567616,0.30315746638685365,0.4346408921311239,3.17,6.34,5.42,7.13
2022-02-05,4804,2081,1696,540,15228.68,13193.54,9192.32,3850.2,41464.74,2022,2,5,5,5,1,1,9121,0.3672681897920981,0.31818697042354543,0.22169004315473823,0.09285479662961832,3.17,6.340000000000001,5.42,7.13
2022-02-06,706,3446,3076,861,2238.02,21847.64,16671.92,6138.93,46896.51,2022,2,6,6,5,1,1,8089,0.04772252775313131,0.4658692086042223,0.3555044927650266,0.13090377087761967,3.17,6.34,5.419999999999999,7.130000000000001
2022-02-07,5208,2329,4805,524,16509.36,14765.86,26043.1,3736.12,61054.44,2022,2,0,7,6,1,0,12866,0.27040392148384296,0.24184743976031883,0.42655538237677715,0.06119325637906104,3.17,6.34,5.42,7.13
2022-02-08,1957,804,2559,961,6203.69,5097.36,13869.78,6851.93,32022.76,2022,2,1,8,6,1,0,6281,0.19372752379869818,0.15917928373444387,0.4331225665745239,0.2139706258923341,3.17,6.34,5.42,7.13
2022-02-09,5882,426,802,1349,18645.94,2700.84,4346.84,9618.37,35311.99,2022,2,2,9,6,1,0,8459,0.5280342455919363,0.0764850692356902,0.12309813182434635,0.27238255334802713,3.17,6.340000000000001,5.42,7.130000000000001
2022-02-10,7681,754,1805,742,24348.77,4780.36,9783.1,5290.46,44202.69,2022,2,3,10,6,1,0,10982,0.550843625127792,0.10814635941839737,0.22132363437609792,0.11968638107771269,3.17,6.34,5.42,7.13
2022-02-11,3936,2883,1900,1061,12477.12,18278.22,10298.0,7564.93,48618.27,2022,2,4,11,6,1,0,9780,0.25663438867734295,0.3759537309739734,0.21181337797498762,0.15559850237369616,3.1700000000000004,6.340000000000001,5.42,7.13
2022-02-12,7239,3920,4864,1259,22947.63,24852.8,26362.88,8976.67,83139.98,2022,2,5,12,6,1,1,17282,0.27601197402260624,0.29892718280663527,0.31709028556417745,0.1079705576065811,3.17,6.34,5.42,7.13
2022-02-13,1106,2925,1799,1793,3506.02,18544.5,9750.58,12784.09,44585.19,2022,2,6,13,6,1,1,7623,0.07863642613163697,0.4159340803526911,0.21869549058779383,0.28673400292787804,3.17,6.34,5.42,7.13
2022-02-14,807,3464,948,1425,2558.19,21961.76,5138.16,10160.25,39818.36,2022,2,0,14,7,1,0,6644,0.06424649332619425,0.5515485821113677,0.12903997050606805,0.25516495405636996,3.17,6.34,5.42,7.13
2022-02-15,5600,1142,896,460,17752.0,7240.28,4856.32,3279.8,33128.4,2022,2,1,15,7,1,0,8098,0.5358544330544185,0.21855205805290928,0.146590840487316,0.09900266840535613,3.17,6.34,5.42,7.130000000000001
2022-02-16,7509,3091,1064,1142,23803.53,19596.94,5766.88,8142.46,57309.81,2022,2,2,16,7,1,0,12806,0.4153482623655531,0.3419473908568184,0.10062640235589684,0.14207794442173163,3.17,6.34,5.42,7.13
2022-02-17,7252,3326,5091,442,22988.84,21086.84,27593.22,3151.46,74820.36,2022,2,3,17,7,1,0,16111,0.30725380097075183,0.28183291285954787,0.36879293283272097,0.0421203533369794,3.17,6.34,5.42,7.13
2022-02-18,5352,2440,902,1298,16965.84,15469.6,4888.84,9254.74,46579.02,2022,2,4,18,7,1,0,9992,0.36423780491732116,0.33211518834015835,0.1049579832293595,0.1986890235131611,3.17,6.34,5.42,7.13
2022-02-19,7330,957,3021,959,23236.1,6067.38,16373.82,6837.67,52514.97,2022,2,5,19,7,1,1,12267,0.4424662148716832,0.11553619853538905,0.31179338005905743,0.13020420653387024,3.17,6.34,5.42,7.13
2022-02-20,4996,572,5658,598,15837.32,3626.48,30666.36,4263.74,54393.9,2022,2,6,20,7,1,1,11824,0.29115985432190006,0.066670711237841,0.5637830712635057,0.07838636317675327,3.17,6.34,5.42,7.13
2022-02-21,5695,975,5419,1893,18053.15,6181.5,29370.98,13497.09,67102.72,2022,2,0,21,8,1,0,13982,0.2690375293281703,0.0921199617541584,0.4377017801960934,0.2011407287215779,3.1700000000000004,6.34,5.42,7.13
2022-02-22,379,1254,5679,311,1201.43,7950.36,30780.18,2217.43,42149.4,2022,2,1,22,8,1,0,7623,0.028504083094895775,0.1886233255989409,0.7302637759968114,0.052608815309351964,3.1700000000000004,6.34,5.42,7.13
2022-02-23,2346,1425,4119,1318,7436.82,9034.5,22324.98,9397.34,48193.64,2022,2,2,23,8,1,0,9208,0.15431123276847317,0.18746249505121423,0.4632349828732588,0.1949912893070538,3.17,6.34,5.42,7.13
2022-02-24,2052,1507,4604,428,6504.84,9554.38,24953.68,3051.64,44064.54,2022,2,3,24,8,1,0,8591,0.14762073994191247,0.21682695428115212,0.5662984340696624,0.06925387170727301,3.17,6.34,5.42,7.13
2022-02-25,1661,3737,544,1975,5265.37,23692.58,2948.48,14081.75,45988.18,2022,2,4,25,8,1,0,7917,0.1144939851935867,0.5151884679932974,0.06411386578029397,0.3062036810328219,3.17,6.340000000000001,5.42,7.13
2022-02-26,7889,1241,1275,1444,25008.13,7867.94,6910.5,10295.72,50082.29,2022,2,5,26,8,1,1,11849,0.4993407849361521,0.1571002444177373,0.1379829077304572,0.2055760629156534,3.17,6.34,5.42,7.13
2022-02-27,5058,2153,791,1419,16033.86,13650.02,4287.22,10117.47,44088.57,2022,2,6,27,8,1,1,9421,0.3636738501611642,0.3096045074721181,0.09724107631524452,0.22948056605147318,3.17,6.34,5.42,7.13
2022-02-28,4715,2521,3181,1922,14946.55,15983.14,17241.02,13703.86,61874.57,2022,2,0,28,9,1,0,12339,0.24156208277487826,0.25831516889733536,0.27864468391457103,0.22147806441321533,3.17,6.34,5.42,7.13
2022-03-01,6396,2410,4993,1292,20275.32,15279.4,27062.06,9211.96,71828.73999999999,2022,3,1,1,9,1,0,15091,0.2822730845619734,0.21271986672744086,0.37675810546029354,0.1282489432502923,3.17,6.34,5.42,7.129999999999999
2022-03-02,4223,1420,5183,1341,13386.91,9002.8,28091.86,9561.33,60042.9,2022,3,2,2,9,1,0,12167,0.22295575330305498,0.1499394599528004,0.46786314451833605,0.15924164222580856,3.17,6.34,5.42,7.13
2022-03-03,642,1851,3124,1430,2035.14,11735.34,16932.08,10195.9,40898.46,2022,3,3,3,9,1,0,7047,0.04976079783933185,0.2869384324006332,0.414002874435859,0.249297895324176,3.1700000000000004,6.34,5.420000000000001,7.13
2022-03-04,1628,2522,2233,1411,5160.76,15989.48,12102.86,10060.43,43313.53,2022,3,4,4,9,1,0,7794,0.11914891259151587,0.3691567046140086,0.27942446621182804,0.2322699165826475,3.17,6.34,5.42,7.13
2022-03-05,5893,3270,4505,557,18680.81,20731.8,24417.1,3971.41,67801.12,2022,3,5,5,9,1,1,14225,0.27552361966881966,0.3057737099328153,0.36012826926752833,0.05857440113083678,3.1700000000000004,6.34,5.42,7.13
2022-03-06,3951,3275,5300,597,12524.67,20763.5,28726.0,4256.61,66270.78,2022,3,6,6,9,1,1,13123,0.1889923432318135,0.3133130468662056,0.43346403950579726,0.06423057039618366,3.17,6.34,5.42,7.13
2022-03-07,7769,2845,1690,379,24627.73,18037.3,9159.8,2702.27,54527.1,2022,3,0,7,10,1,0,12683,0.4516603670468446,0.33079514589992864,0.16798619402095472,0.04955829303227203,3.17,6.34,5.42,7.13
2022-03-08,1908,2781,1079,477,6048.36,17631.54,5848.18,3401.01,32929.090000000004,2022,3,1,8,10,1,0,6245,0.18367832211579485,0.5354396371111378,0.17759919876316047,0.10328284200990674,3.17,6.340000000000001,5.42,7.130000000000001
2022-03-09,3700,427,4043,1291,11729.0,2707.18,21913.06,9204.83,45554.07000000001,2022,3,2,9,10,1,0,9461,0.25747424983102496,0.05942784036640413,0.4810340766478165,0.20206383315475432,3.17,6.34,5.42,7.13
2022-03-10,6310,1644,3723,1989,20002.7,10422.96,20178.66,14181.57,64785.89,2022,3,3,10,10,1,0,13666,0.30875087152464836,0.16088317996403229,0.3114668950291491,0.21889905348217026,3.17,6.34,5.42,7.13
2022-03-11,3616,688,947,1586,11462.72,4361.92,5132.74,11308.18,32265.56,2022,3,4,11,10,1,0,6837,0.3552617713748033,0.13518810769129685,0.1590779766413476,0.3504721442925522,3.17,6.34,5.42,7.13
2022-03-12,7324,820,1028,1117,23217.08,5198.8,5571.76,7964.21,41951.85,2022,3,5,12,10,1,1,10289,0.5534220779298172,0.12392302127319774,0.13281321324327772,0.18984168755370742,3.1700000000000004,6.34,5.42,7.13
2022-03-13,1308,1736,4209,752,4146.36,11006.24,22812.78,5361.76,43327.14,2022,3,6,13,10,1,1,8005,0.09569890835167057,0.2540264600894497,0.5265240216640193,0.12375060989486036,3.17,6.34,5.42,7.13
2022-03-14,2576,538,4096,796,8165.92,3410.92,22200.32,5675.48,39452.64,2022,3,0,14,11,1,0,8006,0.20698031868082847,0.08645606479059449,0.5627080976076633,0.14385551892091378,3.17,6.34,5.42,7.13
2022-03-15,644,797,3245,992,2041.48,5052.98,17587.9,7072.96,31755.32,2022,3,1,15,11,1,0,5678,0.06428781067235348,0.15912231399337182,0.5538568025767021,0.2227330727575726,3.17,6.34,5.420000000000001,7.13
2022-03-16,2483,1967,633,388,7871.11,12470.78,3430.86,2766.44,26539.19,2022,3,2,16,11,1,0,5471,0.2965844096975077,0.4699005508457493,0.1292752340971974,0.10423980535954565,3.17,6.340000000000001,5.42,7.13
2022-03-17,6837,977,4708,502,21673.29,6194.18,25517.36,3579.26,56964.09,2022,3,3,17,11,1,0,13024,0.380472855793887,0.10873832970912027,0.4479551942285043,0.06283362026848846,3.17,6.34,5.42,7.130000000000001
2022-03-18,5178,3383,2659,516,16414.26,21448.22,14411.78,3679.08,55953.34,2022,3,4,18,11,1,0,11736,0.2933562143028459,0.3833233190368976,0.25756782347577467,0.06575264318448193,3.1699999999999995,6.340000000000001,5.42,7.13
2022-03-19,4827,3428,2976,1337,15301.59,21733.52,16129.92,9532.81,62697.84,2022,3,5,19,11,1,1,12568,0.24405290517185282,0.34663905487015184,0.2572643650881753,0.15204367486982007,3.17,6.34,5.42,7.13
2022-03-20,1976,2112,5527,1381,6263.92,13390.08,29956.34,9846.53,59456.87,2022,3,6,20,11,1,1,10996,0.10535233354867149,0.2252066077477674,0.5038331146594162,0.16560794404414494,3.17,6.34,5.42,7.130000000000001
2022-03-21,2598,699,2880,811,8235.66,4431.66,15609.6,5782.43,34059.35,2022,3,0,21,12,1,0,6988,0.24180320528724125,0.13011581254486654,0.45830586901981396,0.1697751131480783,3.17,6.34,5.42,7.130000000000001
2022-03-22,4482,2785,4348,306,14207.94,17656.9,23566.16,2181.78,57612.78,2022,3,1,22,12,1,0,11921,0.24661090820474207,0.30647540354761565,0.40904396559235645,0.03786972265528586,3.17,6.340000000000001,5.42,7.130000000000001
2022-03-23,4380,1149,5221,771,13884.6,7284.66,28297.82,5497.23,54964.31,2022,3,2,23,12,1,0,11521,0.25261119442780233,0.132534366391573,0.5148399024748969,0.10001453670572777,3.17,6.34,5.42,7.129999999999999
2022-03-24,2101,1396,4803,1158,6660.17,8850.64,26032.26,8256.54,49799.61,2022,3,3,24,12,1,0,9458,0.13373940077040763,0.17772508660208383,0.5227402383271675,0.1657952743003409,3.17,6.34,5.42,7.130000000000001
2022-03-25,5591,552,579,1360,17723.47,3499.68,3138.18,9696.8,34058.130000000005,2022,3,4,25,12,1,0,8082,0.5203888175892217,0.10275608202799154,0.09214187625685848,0.28471322412592814,3.1700000000000004,6.34,5.42,7.13
2022-03-26,4958,1570,3309,876,15716.86,9953.8,17934.78,6245.88,49851.32,2022,3,5,26,12,1,1,10713,0.3152747008504489,0.19966973793271672,0.35976539838864846,0.1252901628281859,3.17,6.34,5.42,7.13
2022-03-27,2146,2048,1853,1367,6802.82,12984.32,10043.26,9746.71,39577.11,2022,3,6,27,12,1,1,7414,0.17188774016091624,0.32807650684954004,0.25376436025773486,0.24627139273180884,3.17,6.34,5.42,7.129999999999999
2022-03-28,6293,3169,1366,704,19948.81,20091.46,7403.72,5019.52,52463.51000000001,2022,3,0,28,13,1,0,11532,0.38024161936553613,0.38296065207989316,0.14112132413557535,0.0956764044189952,3.1700000000000004,6.34,5.42,7.130000000000001
2022-03-29,2320,496,891,1950,7354.4,3144.64,4829.22,13903.5,29231.76,2022,3,1,29,13,1,0,5657,0.2515893671814492,0.10757614320861966,0.16520455832970715,0.475629931280224,3.17,6.34,5.42,7.13
2022-03-30,1600,3975,4249,1590,5072.0,25201.5,23029.58,11336.7,64639.78,2022,3,2,30,13,1,0,11414,0.07846561358965021,0.3898760175235745,0.35627565564115476,0.1753827132456206,3.17,6.34,5.420000000000001,7.130000000000001
2022-03-31,3092,1645,4823,1864,9801.64,10429.3,26140.66,13290.32,59661.92,2022,3,3,31,13,1,0,11424,0.16428636557455745,0.1748066438358001,0.4381464760101586,0.22276051457948387,3.17,6.34,5.42,7.13
2022-04-01,2308,706,1036,539,7316.36,4476.04,5615.12,3843.07,21250.59,2022,4,4,1,13,2,0,4589,0.34428973501441607,0.21063132835370688,0.26423360480814884,0.1808453318237282,3.17,6.34,5.42,7.13
2022-04-02,5708,3005,5349,1217,18094.36,19051.7,28991.58,8677.21,74814.85,2022,4,5,2,13,2,1,15279,0.2418551931869141,0.2546513158818069,0.3875110355764932,0.11598245535478582,3.17,6.34,5.42,7.129999999999999
2022-04-03,5416,3926,2631,1368,17168.72,24890.84,14260.02,9753.84,66073.42,2022,4,6,3,13,2,1,13341,0.2598430654868478,0.3767148726371361,0.21582082477341116,0.14762123710260497,3.1700000000000004,6.34,5.42,7.13
2022-04-04,6550,3419,3889,693,20763.5,21676.46,21078.38,4941.09,68459.43,2022,4,0,4,14,2,0,14551,0.30329641949984104,0.31663220099845996,0.3078959319410051,0.07217544756069398,3.17,6.34,5.42,7.13
2022-04-05,7705,1201,2316,551,24424.85,7614.34,12552.72,3928.63,48520.53999999999,2022,4,1,5,14,2,0,11773,0.5033919655469622,0.15693024026525676,0.2587094043058878,0.08096838988189332,3.17,6.34,5.42,7.13
2022-04-06,6411,273,4434,1932,20322.87,1730.82,24032.28,13775.16,59861.130000000005,2022,4,2,6,14,2,0,13050,0.3395002733827443,0.02891392127078122,0.4014671958247363,0.23011860952173804,3.17,6.34,5.42,7.13
2022-04-07,3520,2073,4588,1141,11158.4,13142.82,24866.96,8135.33,57303.51,2022,4,3,7,14,2,0,11322,0.19472454654173887,0.22935453692103677,0.43395177712499633,0.14196913941222797,3.17,6.34,5.42,7.13
2022-04-08,1992,1574,5419,1301,6314.64,9979.16,29370.98,9276.13,54940.91,2022,4,4,8,14,2,0,10286,0.11493511847546756,0.18163441413693365,0.5345921645637103,0.1688383028238884,3.1700000000000004,6.34,5.42,7.129999999999999
2022-04-09,1936,2431,4477,1144,6137.12,15412.54,24265.34,8156.72,53971.72,2022,4,5,9,14,2,1,9988,0.11370992067697676,0.285566959881953,0.44959360198266796,0.15112951745840228,3.17,6.340000000000001,5.42,7.13
2022-04-10,5311,2555,4264,1194,16835.87,16198.7,23110.88,8513.22,64658.67,2022,4,6,10,14,2,1,13324,0.2603807037787817,0.25052634086039816,0.3574289418572946,0.1316640135035255,3.17,6.34,5.42,7.13
2022-04-11,6501,721,2568,341,20608.17,4571.14,13918.56,2431.33,41529.2,2022,4,0,11,15,2,0,10131,0.49623325274746444,0.11007050460880538,0.3351511707425137,0.058545071901216494,3.17,6.340000000000001,5.42,7.13
2022-04-12,2618,2384,5577,669,8299.06,15114.56,30227.34,4769.97,58410.93,2022,4,1,12,15,2,0,11248,0.14208060032600062,0.25876252954712414,0.5174945853455851,0.08166228478129008,3.17,6.34,5.42,7.130000000000001
2022-04-13,3632,3688,402,1422,11513.44,23381.92,2178.84,10138.86,47213.06,2022,4,2,13,15,2,0,9144,0.24386133836696883,0.49524262989943885,0.0461490951867979,0.2147469365467945,3.17,6.34,5.42,7.130000000000001
2022-04-14,6373,423,2961,1675,20202.41,2681.82,16048.62,11942.75,50875.6,2022,4,3,14,15,2,0,11432,0.3970942848831267,0.052713284953887524,0.31544826989755403,0.23474416026543177,3.17,6.340000000000001,5.42,7.13
2022-04-15,484,1942,5292,1174,1534.28,12312.28,28682.64,8370.62,50899.82,2022,4,4,15,15,2,0,8892,0.030143132136813057,0.24189240747806182,0.5635116194909923,0.16445284089413284,3.17,6.340000000000001,5.42,7.130000000000001
2022-04-16,2610,2603,1231,391,8273.7,16503.02,6672.02,2787.83,34236.57,2022,4,5,16,15,2,1,6835,0.2416626431911842,0.4820290116679329,0.19487991933771404,0.08142842580316895,3.1700000000000004,6.34,5.42,7.13
2022-04-17,7896,1998,1846,636,25030.32,12667.32,10005.32,4534.68,52237.64,2022,4,6,17,15,2,1,12376,0.47916253490777916,0.24249410961138368,0.19153468648277372,0.08680866899806347,3.17,6.34,5.42,7.130000000000001
2022-04-18,5806,3441,3766,993,18405.02,21815.94,20411.72,7080.09,67712.77,2022,4,0,18,16,2,0,14006,0.2718101770168315,0.32218354085942724,0.301445650502852,0.10456063162088923,3.17,6.34,5.42,7.13
2022-04-19,5880,3267,5027,331,18639.6,20712.78,27246.34,2360.03,68958.75,2022,4,1,19,16,2,0,14505,0.2703007232584697,0.3003647832943607,0.3951107002374608,0.034223793209708704,3.17,6.34,5.42,7.130000000000001
2022-04-20,1450,1681,2741,705,4596.5,10657.54,14856.22,5026.65,35136.91,2022,4,2,20,16,2,0,6577,0.13081685327480416,0.303314662558546,0.4228095185376289,0.14305896562902085,3.17,6.340000000000001,5.42,7.13
2022-04-21,1480,3367,2353,794,4691.6,21346.78,12753.26,5661.22,44452.86,2022,4,3,21,16,2,0,7994,0.10554101580865664,0.48021162192938766,0.2868940266160602,0.12735333564589546,3.1700000000000004,6.34,5.42,7.13
2022-04-22,673,2291,4845,1761,2133.41,14524.94,26259.9,12555.93,55474.18,2022,4,4,22,16,2,0,9570,0.03845771131722902,0.26183244168728587,0.47337157574929456,0.22633827124619058,3.17,6.34,5.42,7.13
2022-04-23,4431,1057,5068,1048,14046.27,6701.38,27468.56,7472.24,55688.45,2022,4,5,23,16,2,1,11604,0.2522295018087234,0.12033698190558366,0.4932541667078183,0.13417934957787478,3.17,6.34,5.42,7.13
2022-04-24,6905,2062,579,1707,21888.85,13073.08,3138.18,12170.91,50271.02,2022,4,6,24,16,2,1,11253,0.43541686641727184,0.26005201406297307,0.06242523028178064,0.2421058892379745,3.17,6.34,5.42,7.13
2022-04-25,5435,541,2474,832,17228.95,3429.94,13409.08,5932.16,40000.130000000005,2022,4,0,25,17,2,0,9282,0.430722350152362,0.0857482213182807,0.33522591051579076,0.14830351801356645,3.17,6.34,5.42,7.13
2022-04-26,4425,2998,5725,1891,14027.25,19007.32,31029.5,13482.83,77546.9,2022,4,1,26,17,2,0,15039,0.18088730819671708,0.24510741241751768,0.4001384968322396,0.1738667825535257,3.17,6.34,5.42,7.13
2022-04-27,3273,2357,3062,707,10375.41,14943.38,16596.04,5040.91,46955.740000000005,2022,4,2,27,17,2,0,9399,0.22096148415507877,0.31824394632051367,0.3534400693078205,0.10735450021658692,3.17,6.34,5.42,7.13
2022-04-28,2159,1532,1483,1474,6844.03,9712.88,8037.86,10509.62,35104.39,2022,4,3,28,17,2,0,6648,0.194962225522221,0.2766856225104609,0.2289702228125884,0.29938192915472966,3.17,6.34,5.42,7.130000000000001
2022-04-29,2051,1385,1538,888,6501.67,8780.9,8335.96,6331.44,29949.97,2022,4,4,29,17,2,0,5862,0.21708435768049184,0.2931856025231411,0.27832949415308256,0.21140054564328442,3.17,6.34,5.419999999999999,7.13
2022-04-30,6766,1356,5096,1131,21448.22,8597.04,27620.32,8064.03,65729.61,2022,4,5,30,17,2,1,14349,0.3263098624805472,0.13079402114206978,0.4202112259604157,0.12268489041696733,3.1700000000000004,6.340000000000001,5.42,7.13
2022-05-01,2524,500,279,661,8001.08,3170.0,1512.18,4712.93,17396.190000000002,2022,5,6,1,17,2,1,3964,0.45993289335193505,0.18222380877651942,0.08692593033302119,0.27091736753852425,3.17,6.34,5.42,7.130000000000001
2022-05-02,3138,1075,3797,386,9947.46,6815.5,20579.74,2752.18,40094.88,2022,5,0,2,18,2,0,8396,0.24809801151668243,0.1699842972469303,0.5132760093059264,0.06864168193046094,3.17,6.34,5.420000000000001,7.13
2022-05-03,4372,439,3815,520,13859.24,2783.26,20677.3,3707.6,41027.4,2022,5,1,3,18,2,0,9146,0.33780449163242127,0.06783905390056402,0.503987579032549,0.09036887543446574,3.17,6.340000000000001,5.42,7.13
2022-05-04,5785,2301,5086,1965,18338.45,14588.34,27566.12,14010.45,74503.36,2022,5,2,4,18,2,0,15137,0.24614259007915884,0.19580781323151064,0.36999834638330403,0.18805125030602649,3.17,6.34,5.42,7.130000000000001
2022-05-05,1144,3025,4500,1435,3626.48,19178.5,24390.0,10231.55,57426.53,2022,5,3,5,18,2,0,10104,0.06314990649792004,0.3339658516716925,0.4247165900499299,0.17816765178045757,3.17,6.34,5.42,7.13
2022-05-06,3280,3774,4757,1350,10397.6,23927.16,25782.94,9625.5,69733.2,2022,5,4,6,18,2,0,13161,0.14910544762035874,0.34312436543855723,0.36973694022359505,0.13803324671748896,3.17,6.34,5.42,7.13
2022-05-07,901,3213,3421,1306,2856.17,20370.42,18541.82,9311.78,51080.19,2022,5,5,7,18,2,1,8841,0.05591541456678215,0.39879295672157833,0.3629943428166575,0.18229728589498198,3.17,6.34,5.42,7.130000000000001
2022-05-08,975,1689,5393,362,3090.75,10708.26,29230.06,2581.06,45610.13,2022,5,6,8,18,2,1,8419,0.06776455142750087,0.23477810740727995,0.6408677195175722,0.05658962164764714,3.17,6.34,5.42,7.13
2022-05-09,6122,2819,1734,551,19406.74,17872.46,9398.28,3928.63,50606.10999999999,2022,5,0,9,19,2,0,11226,0.38348610474110745,0.35316802654857293,0.18571433370397372,0.07763153500634608,3.1700000000000004,6.34,5.420000000000001,7.13
2022-05-10,683,2071,2012,1480,2165.11,13130.14,10905.04,10552.4,36752.69,2022,5,1,10,19,2,0,6246,0.05891024575344009,0.3572565708795737,0.2967140636508511,0.287119119716135,3.1700000000000004,6.34,5.420000000000001,7.13
2022-05-11,904,3803,3970,303,2865.68,24111.02,21517.4,2160.39,50654.490000000005,2022,5,2,11,19,2,0,8980,0.05657306983053229,0.4759897888617573,0.42478761507617585,0.04264952623153445,3.17,6.34,5.42,7.13
2022-05-12,368,780,1963,724,1166.56,4945.2,10639.46,5162.12,21913.34,2022,5,3,12,19,2,0,3835,0.05323515265130738,0.22567075580445517,0.48552434270631495,0.23556974883792248,3.17,6.34,5.42,7.13
2022-05-13,7516,3661,4823,1517,23825.72,23210.74,26140.66,10816.21,83993.33000000002,2022,5,4,13,19,2,0,17517,0.2836620479269008,0.2763402760671591,0.31122304592519423,0.12877463008074566,3.1700000000000004,6.340000000000001,5.42,7.129999999999999
2022-05-14,7438,1470,5123,325,23578.46,9319.8,27766.66,2317.25,62982.17,2022,5,5,14,19,2,1,14356,0.3743672217073499,0.14797521266733107,0.440865406828631,0.03679215879668801,3.17,6.34,5.42,7.13
2022-05-15,7751,1955,566,1032,24570.67,12394.7,3067.72,7358.16,47391.25,2022,5,6,15,19,2,1,11304,0.5184642734682035,0.26153984121541424,0.06473178065571175,0.15526410466067048,3.17,6.340000000000001,5.42,7.13
2022-05-16,2978,1474,1499,564,9440.26,9345.16,8124.58,4021.32,30931.32,2022,5,0,16,20,2,0,6515,0.3052006833203368,0.30212612976103187,0.26266515622353004,0.13000803069510128,3.17,6.34,5.42,7.13
2022-05-17,5702,3117,5009,543,18075.34,19761.78,27148.78,3871.59,68857.48999999999,2022,5,1,17,20,2,0,14371,0.2625036143489982,0.28699535809394155,0.3942749002323495,0.0562261273247108,3.17,6.34,5.42,7.13
2022-05-18,3936,3429,3904,482,12477.12,21739.86,21159.68,3436.66,58813.32000000001,2022,5,2,18,20,2,0,11751,0.212147860382648,0.36964177502647355,0.3597770028966227,0.05843336169425564,3.1700000000000004,6.34,5.42,7.13
2022-05-19,2707,3502,1212,892,8581.19,22202.68,6569.04,6359.96,43712.87,2022,5,3,19,20,2,0,8313,0.19630808958551565,0.5079208937779651,0.15027702367746615,0.14549399295905302,3.1700000000000004,6.34,5.42,7.13
2022-05-20,757,3614,1355,1049,2399.69,22912.76,7344.1,7479.37,40135.92,2022,5,4,20,20,2,0,6775,0.05978908668344964,0.5708791526393315,0.18298073147444985,0.186351029202769,3.17,6.34,5.42,7.13
2022-05-21,2718,942,5570,538,8616.06,5972.28,30189.4,3835.94,48613.68000000001,2022,5,5,21,20,2,1,9768,0.1772352967312904,0.1228518392353757,0.621006268194467,0.07890659583886675,3.17,6.34,5.42,7.13
2022-05-22,7271,930,2651,1382,23049.07,5896.2,14368.42,9853.66,53167.350000000006,2022,5,6,22,20,2,1,12234,0.43351925570862565,0.11089888813341268,0.27024894037412056,0.185332915783841,3.17,6.34,5.42,7.13
2022-05-23,2545,1574,3823,1981,8067.65,9979.16,20720.66,14124.53,52892.0,2022,5,0,23,21,2,0,9923,0.15253062845042728,0.18867049837404523,0.39175414051274293,0.26704473266278456,3.17,6.34,5.42,7.13
2022-05-24,6894,366,5555,501,21853.98,2320.44,30108.1,3572.13,57854.65,2022,5,1,24,21,2,0,13316,0.37773938654887723,0.04010809848473718,0.5204093361553479,0.06174317881103766,3.17,6.34,5.42,7.13
2022-05-25,1929,3700,2555,1139,6114.93,23458.0,13848.1,8121.07,51542.1,2022,5,2,25,21,2,0,9323,0.11863951992642909,0.4551230935487689,0.2686755099229562,0.15756187660184587,3.17,6.34,5.42,7.13
2022-05-26,5353,1136,5198,1357,16969.01,7202.24,28173.16,9675.41,62019.82000000001,2022,5,3,26,21,2,0,13044,0.2736062439394374,0.11612803777889066,0.45426058959861537,0.15600512868305647,3.1699999999999995,6.34,5.42,7.13
2022-05-27,3433,2406,913,941,10882.61,15254.04,4948.46,6709.33,37794.44,2022,5,4,27,21,2,0,7693,0.28794208883634737,0.40360539804267503,0.13093089883062164,0.17752161429035593,3.1700000000000004,6.340000000000001,5.42,7.13
2022-05-28,4517,3153,4297,1057,14318.89,19990.02,23289.74,7536.41,65135.06000000001,2022,5,5,28,21,2,1,13024,0.21983383449712024,0.3069010760103698,0.3575607361074051,0.11570435338510471,3.17,6.34,5.42,7.13
2022-05-29,7441,1491,4385,910,23587.97,9452.94,23766.7,6488.3,63295.91,2022,5,6,29,21,2,1,14227,0.372661835496164,0.14934519465791707,0.37548555664971084,0.1025074131962081,3.1700000000000004,6.340000000000001,5.42,7.13
2022-05-30,5426,1014,3830,1379,17200.42,6428.76,20758.6,9832.27,54220.05,2022,5,0,30,22,2,0,11649,0.3172335695005814,0.11856794672819372,0.38285837065808676,0.18134011311313802,3.1699999999999995,6.34,5.42,7.13
2022-05-31,3669,2710,3067,1593,11630.73,17181.4,16623.14,11358.09,56793.36,2022,5,1,31,22,2,0,11039,0.20479031351552363,0.30252480219518624,0.29269513196613123,0.1999897523231589,3.17,6.340000000000001,5.42,7.13
2022-06-01,4051,3728,4855,1923,12841.67,23635.52,26314.1,13710.99,76502.28,2022,6,2,1,22,2,0,14557,0.16785996443504692,0.30895183777529245,0.3439649118954363,0.17922328589422432,3.17,6.34,5.42,7.13
2022-06-02,3443,3033,1834,1475,10914.31,19229.22,9940.28,10516.75,50600.56,2022,6,3,2,22,2,0,9785,0.21569543894375873,0.3800199049180484,0.1964460472374219,0.20783860890077108,3.17,6.340000000000001,5.42,7.13
2022-06-03,3971,1846,871,328,12588.07,11703.64,4720.82,2338.64,31351.17,2022,6,4,3,22,2,0,7016,0.4015183484380328,0.37330791801390506,0.15057875033052992,0.07459498321753223,3.17,6.34,5.42,7.13
2022-06-04,3927,2854,3434,1797,12448.59,18094.36,18612.28,12812.61,61967.84,2022,6,5,4,22,2,1,12012,0.2008879121815445,0.2919959772682088,0.3003538609704647,0.20676224957978204,3.17,6.34,5.42,7.13
2022-06-05,3996,474,2822,497,12667.32,3005.16,15295.24,3543.61,34511.33,2022,6,6,5,22,2,1,7789,0.367048154910286,0.08707749020394172,0.44319474213251125,0.10267961275326103,3.17,6.34,5.42,7.13
2022-06-06,3032,3492,5214,1780,9611.44,22139.28,28259.88,12691.4,72702.0,2022,6,0,6,23,2,0,13518,0.13220324062611757,0.30452092102005446,0.3887084261780969,0.17456741217573107,3.1700000000000004,6.34,5.42,7.13
2022-06-07,4035,1774,1834,1378,12790.95,11247.16,9940.28,9825.14,43803.53,2022,6,1,7,23,2,0,9021,0.29200728799710896,0.2567637813664789,0.226928742957474,0.2243001876789382,3.1700000000000004,6.34,5.42,7.13
2022-06-08,5878,3041,3071,467,18633.26,19279.94,16644.82,3329.71,57887.73,2022,6,2,8,23,2,0,12457,0.3218861751877297,0.3330574544899238,0.2875362360901006,0.05752013423224576,3.17,6.34,5.42,7.13
2022-06-09,7661,3727,824,554,24285.37,23629.18,4466.08,3950.02,56330.65,2022,6,3,9,23,2,0,12766,0.4311217782858887,0.4194728802170754,0.07928330313958741,0.07012203835744839,3.17,6.34,5.42,7.13
2022-06-10,4072,1158,1356,1282,12908.24,7341.72,7349.52,9140.66,36740.14,2022,6,4,10,23,2,0,7868,0.35133888983547695,0.19982830767656304,0.2000406095349664,0.24879219295299365,3.17,6.34,5.42,7.13
2022-06-11,827,999,969,631,2621.59,6333.66,5251.98,4499.03,18706.26,2022,6,5,11,23,2,1,3426,0.1401450637380214,0.3385850512074568,0.2807605582302395,0.24050932682428236,3.1700000000000004,6.34,5.42,7.13
2022-06-12,2209,3184,4423,417,7002.53,20186.56,23972.66,2973.21,54134.96,2022,6,6,12,23,2,1,10233,0.12935319431288025,0.37289322833156247,0.44283139767721263,0.054922179678344646,3.17,6.340000000000001,5.42,7.13
2022-06-13,2115,593,2112,776,6704.55,3759.62,11447.04,5532.88,27444.09,2022,6,0,13,24,2,0,5596,0.24429849923972702,0.1369919716776909,0.417104010371632,0.20160551871095014,3.17,6.34,5.420000000000001,7.13
2022-06-14,3034,1954,1364,701,9617.78,12388.36,7392.88,4998.13,34397.15,2022,6,1,14,24,2,0,7053,0.2796097932532201,0.3601565827401398,0.21492710878662913,0.14530651522001095,3.1700000000000004,6.34,5.42,7.13
2022-06-15,5410,691,365,1245,17149.7,4380.94,1978.3,8876.85,32385.79,2022,6,2,15,24,2,0,7711,0.5295439759227736,0.13527352582722235,0.06108543283952622,0.27409706541047785,3.17,6.34,5.42,7.13
2022-06-16,3525,2829,5319,1846,11174.25,17935.86,28828.98,13161.98,71101.06999999999,2022,6,3,16,24,2,0,13519,0.15716008211972057,0.25225865095982386,0.4054647841445987,0.18511648277585696,3.17,6.34,5.42,7.13
2022-06-17,6996,366,2186,1855,22177.32,2320.44,11848.12,13226.15,49572.03,2022,6,4,17,24,2,0,11403,0.4473756672865727,0.04680946089962425,0.23900816650034307,0.26680670531346,3.17,6.34,5.42,7.13
2022-06-18,4683,3615,299,1315,14845.11,22919.1,1620.58,9375.95,48760.740000000005,2022,6,5,18,24,2,1,9912,0.3044480046857369,0.470031832986948,0.03323534466458056,0.1922848176627344,3.17,6.34,5.42,7.130000000000001
2022-06-19,1137,3096,2205,1998,3604.29,19628.64,11951.1,14245.74,49429.77,2022,6,6,19,24,2,1,8436,0.07291739370828551,0.3971015847332488,0.24177939731461429,0.28820162424385143,3.17,6.34,5.42,7.13
2022-06-20,2705,637,4542,942,8574.85,4038.58,24617.64,6716.46,43947.53,2022,6,0,20,25,2,0,8826,0.19511562993415105,0.09189549446806225,0.560159808753757,0.1528290668440297,3.17,6.34,5.42,7.13
2022-06-21,6214,2277,2324,489,19698.38,14436.18,12596.08,3486.57,50217.21,2022,6,1,21,25,2,0,11304,0.3922635287782814,0.2874747521815728,0.2508319359040456,0.06942978313610015,3.1700000000000004,6.34,5.42,7.13
2022-06-22,6265,3267,821,982,19860.05,20712.78,4449.82,7001.66,52024.31,2022,6,2,22,25,2,0,11335,0.38174557240643847,0.39813656346427273,0.08553347463906777,0.13458438949022103,3.17,6.34,5.42,7.13
2022-06-23,3137,2062,3324,624,9944.29,13073.08,18016.08,4449.12,45482.57000000001,2022,6,3,23,25,2,0,9147,0.21863957995337552,0.28743054757020103,0.39610954262259146,0.0978203298538319,3.1700000000000004,6.34,5.420000000000001,7.13
2022-06-24,1575,2680,2989,1184,4992.75,16991.2,16200.38,8441.92,46626.25,2022,6,4,24,25,2,0,8428,0.10708023913568,0.3644127503284094,0.3474519181791373,0.18105509235677328,3.17,6.34,5.42,7.13
2022-06-25,6717,2843,3610,763,21292.89,18024.62,19566.2,5440.19,64323.9,2022,6,5,25,25,2,1,13933,0.3310261038276597,0.28021652915945705,0.3041824267496218,0.08457494026326139,3.17,6.34,5.42,7.13
2022-06-26,2381,1137,1719,517,7547.77,7208.58,9316.98,3686.21,27759.54,2022,6,6,26,25,2,1,5754,0.27189823750681746,0.2596793750905094,0.33563164231107573,0.13279074509159733,3.1700000000000004,6.34,5.42,7.13
2022-06-27,3549,635,1703,1492,11250.33,4025.9,9230.26,10637.96,35144.45,2022,6,0,27,26,2,0,7379,0.3201168321029352,0.1145529379461053,0.26263777068641,0.3026924592645496,3.17,6.34,5.42,7.129999999999999
2022-06-28,7076,2341,3521,1192,22430.92,14841.94,19083.82,8498.96,64855.64,2022,6,1,28,26,2,0,14130,0.34585920360974,0.22884578735172456,0.2942507390259351,0.13104427001260027,3.17,6.34,5.42,7.129999999999999
2022-06-29,1392,1589,3505,1524,4412.64,10074.26,18997.1,10866.12,44350.12,2022,6,2,29,26,2,0,8010,0.0994955594257693,0.2271529366775107,0.42834382409788285,0.24500767979883709,3.1700000000000004,6.34,5.42,7.130000000000001
2022-06-30,3534,2909,5443,748,11202.78,18443.06,29501.06,5333.24,64480.14000000001,2022,6,3,30,26,2,0,12634,0.17374000738832143,0.2860269844327261,0.4575216493016299,0.08271135887732252,3.1700000000000004,6.340000000000001,5.42,7.13
2022-07-01,1998,2892,3009,946,6333.66,18335.28,16308.78,6744.98,47722.7,2022,7,4,1,26,3,0,8845,0.13271797278863098,0.38420458188660744,0.34174051342442907,0.14133693190033256,3.17,6.34,5.42,7.13
2022-07-02,3456,3649,357,727,10955.52,23134.66,1934.94,5183.51,41208.630000000005,2022,7,5,2,26,3,1,8189,0.2658549920247288,0.5614032788762936,0.04695472768689471,0.12578700141208285,3.17,6.34,5.42,7.13
2022-07-03,3651,3637,4779,1940,11573.67,23058.58,25902.18,13832.2,74366.63,2022,7,6,3,26,3,1,14007,0.15562988399501226,0.31006622190625016,0.34830380239093794,0.18600009170779958,3.17,6.340000000000001,5.42,7.130000000000001
2022-07-04,7147,335,1589,1428,22655.99,2123.9,8612.38,10181.64,43573.91,2022,7,0,4,27,3,0,10499,0.5199439297506238,0.04874246997802125,0.19764992400268874,0.23366367626866624,3.1700000000000004,6.34,5.42,7.13
2022-07-05,4117,2506,1466,600,13050.89,15888.04,7945.72,4278.0,41162.65,2022,7,1,5,27,3,0,8689,0.31705660349855996,0.3859819520852035,0.19303227561879518,0.10392916879744137,3.17,6.340000000000001,5.42,7.13
2022-07-06,1652,3418,4993,1458,5236.84,21670.12,27062.06,10395.54,64364.560000000005,2022,7,2,6,27,3,0,11521,0.08136216576327096,0.33667782394535123,0.4204497008912979,0.1615103094000798,3.17,6.34,5.42,7.130000000000001
2022-07-07,3038,1293,647,1205,9630.46,8197.62,3506.74,8591.65,29926.47,2022,7,3,7,27,3,0,6183,0.321804075121456,0.27392539113366865,0.11717853792979926,0.28709199581507605,3.17,6.340000000000001,5.42,7.13
2022-07-08,5877,2192,2524,1501,18630.09,13897.28,13680.08,10702.13,56909.58,2022,7,4,8,27,3,0,12094,0.3273629852829699,0.24419930704109924,0.2403827264232138,0.188054981252717,3.17,6.34,5.42,7.13
2022-07-09,7471,3769,5126,601,23683.07,23895.46,27782.92,4285.13,79646.58,2022,7,5,9,27,3,1,16967,0.29735200180597837,0.3000186574238341,0.34882753283317375,0.053801807937013744,3.17,6.34,5.42,7.13
2022-07-10,2188,2980,608,1082,6935.96,18893.2,3295.36,7714.66,36839.18,2022,7,6,10,27,3,1,6858,0.18827672060018708,0.5128561493496869,0.08945258824979276,0.20941454180033323,3.17,6.34,5.42,7.13
2022-07-11,6741,2586,5737,1159,21368.97,16395.24,31094.54,8263.67,77122.42,2022,7,0,11,28,3,0,16223,0.27707857196389846,0.21258720875200754,0.4031841843137184,0.10715003497037567,3.1700000000000004,6.340000000000001,5.42,7.13
2022-07-12,7738,913,995,1851,24529.46,5788.42,5392.9,13197.63,48908.41,2022,7,1,12,28,3,0,11497,0.5015386924252904,0.11835224248753946,0.11026528975282572,0.2698437753343443,3.17,6.34,5.42,7.13
2022-07-13,297,401,5591,427,941.49,2542.34,30303.22,3044.51,36831.560000000005,2022,7,2,13,28,3,0,6716,0.025562045159097248,0.06902612867877439,0.8227514664054414,0.08266035975668692,3.17,6.340000000000001,5.42,7.130000000000001
2022-07-14,1557,464,3284,1800,4935.69,2941.76,17799.28,12834.0,38510.73,2022,7,3,14,28,3,0,7105,0.12816402078070188,0.07638806119748963,0.462190148044454,0.33325776997735435,3.17,6.340000000000001,5.42,7.13
2022-07-15,5813,1058,571,658,18427.21,6707.72,3094.82,4691.54,32921.29,2022,7,4,15,28,3,0,8100,0.5597353566643348,0.20375021756437856,0.09400664433258843,0.14250778143869816,3.17,6.34,5.42,7.13
2022-07-16,2012,888,2706,485,6378.04,5629.92,14666.52,3458.05,30132.53,2022,7,5,16,28,3,1,6091,0.21166626234172836,0.186838609303633,0.48673377243795996,0.11476135591667876,3.17,6.34,5.42,7.130000000000001
2022-07-17,4065,3687,2374,716,12886.05,23375.58,12867.08,5105.08,54233.79000000001,2022,7,6,17,28,3,1,10842,0.23760187145320283,0.4310150553741495,0.23725208951836113,0.09413098365428636,3.17,6.340000000000001,5.42,7.13
2022-07-18,7948,560,387,1850,25195.16,3550.4,2097.54,13190.5,44033.600000000006,2022,7,0,18,29,3,0,10745,0.5721803350168961,0.0806293375967443,0.047634987827477195,0.29955533955888225,3.17,6.34,5.42,7.13
2022-07-19,5003,2976,3239,1085,15859.51,18867.84,17555.38,7736.05,60018.78,2022,7,1,19,29,3,0,12303,0.2642424587770695,0.31436560356608384,0.2924981147567478,0.12889382290009893,3.17,6.34,5.42,7.13
2022-07-20,5847,1887,2093,1672,18534.99,11963.58,11344.06,11921.36,53763.99,2022,7,2,20,29,3,0,11499,0.3447472927511519,0.2225203151775008,0.21099736087295604,0.22173503119839136,3.1700000000000004,6.34,5.42,7.130000000000001
2022-07-21,6090,2908,307,313,19305.3,18436.72,1663.94,2231.69,41637.65000000001,2022,7,3,21,29,3,0,9618,0.4636500859198345,0.4427896387043937,0.039962389808262465,0.053597885567509204,3.17,6.340000000000001,5.42,7.13
2022-07-22,5681,1677,5690,901,18008.77,10632.18,30839.8,6424.13,65904.88,2022,7,4,22,29,3,0,13949,0.2732539684466461,0.16132614155431282,0.467944103683976,0.09747578631506498,3.17,6.34,5.42,7.13
2022-07-23,602,2990,4711,440,1908.34,18956.6,25533.62,3137.2,49535.76,2022,7,5,23,29,3,1,8743,0.03852449220522709,0.3826851551283355,0.5154583274789768,0.06333202518746053,3.17,6.34,5.42,7.13
2022-07-24,3864,3485,502,1447,12248.88,22094.9,2720.84,10317.11,47381.73,2022,7,6,24,29,3,1,9298,0.25851483261586267,0.46631686939248523,0.057423821375876316,0.21774447661577573,3.17,6.340000000000001,5.42,7.130000000000001
2022-07-25,7754,452,4882,1928,24580.18,2865.68,26460.44,13746.64,67652.94,2022,7,0,25,30,3,0,15016,0.36332759522350394,0.042358543472020574,0.39112032677367753,0.20319353453079791,3.17,6.34,5.42,7.13
2022-07-26,7473,3257,789,967,23689.41,20649.38,4276.38,6894.71,55509.88,2022,7,1,26,30,3,0,12486,0.4267602452031963,0.37199467914540624,0.07703817770818457,0.124206897943213,3.17,6.340000000000001,5.42,7.13
2022-07-27,4987,549,2407,1220,15808.79,3480.66,13045.94,8698.6,41033.99,2022,7,2,27,30,3,0,9163,0.3852608532584816,0.08482382532139819,0.31793008674028533,0.21198523467983496,3.1700000000000004,6.34,5.42,7.13
2022-07-28,3693,2860,1252,468,11706.81,18132.4,6785.84,3336.84,39961.89,2022,7,3,28,30,3,0,8273,0.29294935750035844,0.45374230297916346,0.16980778436655525,0.0835005551539229,3.17,6.340000000000001,5.42,7.13
2022-07-29,1180,1840,4423,561,3740.6,11665.6,23972.66,3999.93,43378.79,2022,7,4,29,30,3,0,8004,0.08623108205646123,0.26892405251506557,0.5526355161128284,0.09220934931564481,3.17,6.34,5.42,7.13
2022-07-30,7982,401,1226,251,25302.94,2542.34,6644.92,1789.63,36279.83,2022,7,5,30,30,3,1,9860,0.697438218426051,0.07007585206435642,0.18315741832307372,0.04932851118651879,3.17,6.340000000000001,5.42,7.130000000000001
2022-07-31,1437,833,1867,1270,4555.29,5281.22,10119.14,9055.1,29010.75,2022,7,6,31,30,3,1,5407,0.15702075954603034,0.18204355282093707,0.34880656308437386,0.3121291245486587,3.17,6.340000000000001,5.42,7.13
2022-08-01,4628,2266,2900,921,14670.76,14366.44,15718.0,6566.73,51321.92999999999,2022,8,0,1,31,3,0,10715,0.28585752718185,0.27992789826882974,0.30626283929696335,0.12795173525235704,3.17,6.34,5.42,7.13
2022-08-02,2929,2104,757,762,9284.93,13339.36,4102.94,5433.06,32160.29,2022,8,1,2,31,3,0,6552,0.2887079065518377,0.4147773543086832,0.12757782967753087,0.16893690946194828,3.17,6.34,5.419999999999999,7.130000000000001
2022-08-03,1121,3169,3109,1259,3553.57,20091.46,16850.78,8976.67,49472.48,2022,8,2,3,31,3,0,8658,0.07182922707735695,0.4061138637076613,0.34060916291239085,0.18144774630259083,3.17,6.34,5.42,7.13
2022-08-04,726,2511,4365,1836,2301.42,15919.74,23658.3,13090.68,54970.14,2022,8,3,4,31,3,0,9438,0.041866729828230385,0.28960704848123,0.43038456878588993,0.2381416529046497,3.17,6.34,5.42,7.13
2022-08-05,2502,2225,1646,1522,7931.34,14106.5,8921.32,10851.86,41811.02,2022,8,4,5,31,3,0,7895,0.18969496558562793,0.33738712903918633,0.2133724553957306,0.2595454499794552,3.17,6.34,5.42,7.130000000000001
2022-08-06,381,3161,5042,802,1207.77,20040.74,27327.64,5718.26,54294.41,2022,8,5,6,31,3,1,9386,0.02224483146607542,0.369112400337346,0.5033232702961502,0.10531949790042842,3.17,6.340000000000001,5.42,7.13
2022-08-07,1703,2168,641,351,5398.51,13745.12,3474.22,2502.63,25120.480000000003,2022,8,6,7,31,3,1,4863,0.2149047311197875,0.5471678885116844,0.13830229358674673,0.09962508678178122,3.17,6.340000000000001,5.42,7.13
2022-08-08,703,3458,878,1851,2228.51,21923.72,4758.76,13197.63,42108.62,2022,8,0,8,32,3,0,6890,0.05292289322233785,0.5206468414305669,0.11301154015496115,0.31341872519213404,3.1700000000000004,6.340000000000001,5.42,7.13
2022-08-09,5915,1303,1930,1195,18750.55,8261.02,10460.6,8520.35,45992.52,2022,8,1,9,32,3,0,10343,0.40768694561637414,0.1796165985251515,0.22744133176438258,0.18525512409409184,3.17,6.340000000000001,5.42,7.13
2022-08-10,7130,325,1458,272,22602.1,2060.5,7902.36,1939.36,34504.32,2022,8,2,10,32,3,0,9185,0.655051309517185,0.05971716005416133,0.22902523510099604,0.05620629532765752,3.17,6.34,5.42,7.13
2022-08-11,5276,1883,4142,1740,16724.92,11938.22,22449.64,12406.2,63518.98,2022,8,3,11,32,3,0,13041,0.26330586542793977,0.18794728756664542,0.3534319978060101,0.19531484919940464,3.1699999999999995,6.34,5.42,7.130000000000001
2022-08-12,1286,3694,5502,1648,4076.62,23419.96,29820.84,11750.24,69067.66,2022,8,4,12,32,3,0,12130,0.059023571958279744,0.3390872081086864,0.4317627092042788,0.17012651072875495,3.17,6.34,5.42,7.13
2022-08-13,1773,2410,1637,1448,5620.41,15279.4,8872.54,10324.24,40096.59,2022,8,5,13,32,3,1,7268,0.14017177021786642,0.38106482371692957,0.22127916613357898,0.2574842399316251,3.17,6.34,5.420000000000001,7.13
2022-08-14,2467,3517,5422,1611,7820.39,22297.78,29387.24,11486.43,70991.84,2022,8,6,14,32,3,1,13017,0.11015899855532693,0.3140893375914753,0.41395236410269126,0.16179929975050655,3.17,6.34,5.42,7.13
2022-08-15,6143,1400,2926,1055,19473.31,8876.0,15858.92,7522.15,51730.380000000005,2022,8,0,15,33,3,0,11524,0.37643856472734205,0.17158196015571506,0.30656878994509607,0.14541068517184677,3.1700000000000004,6.34,5.42,7.13
2022-08-16,3964,3012,1873,1079,12565.88,19096.08,10151.66,7693.27,49506.89,2022,8,1,16,33,3,0,9928,0.2538208318074514,0.3857257040383672,0.2050554983356862,0.1553979658184952,3.17,6.340000000000001,5.42,7.130000000000001
2022-08-17,6175,3884,3932,637,19574.75,24624.56,21311.44,4541.81,70052.56,2022,8,2,17,33,3,0,14628,0.2794294740977346,0.35151549065444576,0.3042207165591093,0.06483431868871031,3.17,6.340000000000001,5.42,7.130000000000001
2022-08-18,5118,843,4725,1259,16224.06,5344.62,25609.5,8976.67,56154.85,2022,8,3,18,33,3,0,11945,0.2889164515620645,0.09517646294131317,0.45605143634076134,0.15985564915586098,3.17,6.34,5.42,7.13
2022-08-19,3112,2762,1357,509,9865.04,17511.08,7354.94,3629.17,38360.23,2022,8,4,19,33,3,0,7740,0.25716842677950574,0.45649048506747747,0.19173346979410705,0.09460761835890973,3.1700000000000004,6.340000000000001,5.42,7.13
2022-08-20,4216,3330,4450,637,13364.72,21112.2,24119.0,4541.81,63137.73,2022,8,5,20,33,3,1,12633,0.2116756494096319,0.33438326021540526,0.382006131674357,0.0719349587006058,3.17,6.34,5.42,7.130000000000001
2022-08-21,5927,721,5711,1897,18788.59,4571.14,30953.62,13525.61,67838.95999999999,2022,8,6,21,33,3,1,14256,0.27695869748003216,0.06738222401994372,0.45628087458887934,0.19937820391114489,3.17,6.340000000000001,5.42,7.13
2022-08-22,2536,1598,5702,1484,8039.12,10131.32,30904.84,10580.92,59656.2,2022,8,0,22,34,3,0,11320,0.13475749377265062,0.16982845035386096,0.5180490879405661,0.17736496793292233,3.17,6.34,5.42,7.13
2022-08-23,3618,1976,4813,995,11469.06,12527.84,26086.46,7094.35,57177.71,2022,8,1,23,34,3,0,11402,0.20058620745741654,0.21910356325917915,0.45623478100119785,0.12407544828220649,3.17,6.34,5.42,7.130000000000001
2022-08-24,6253,2700,4865,927,19822.01,17118.0,26368.3,6609.51,69917.81999999999,2022,8,2,24,34,3,0,14745,0.2835044056007467,0.24483028790085276,0.3771327538530235,0.09453255264537712,3.17,6.34,5.42,7.13
2022-08-25,1578,534,824,733,5002.26,3385.56,4466.08,5226.29,18080.19,2022,8,3,25,34,3,0,3669,0.27667076507492455,0.18725245697086149,0.24701510327048556,0.28906167468372845,3.17,6.34,5.42,7.13
2022-08-26,5496,2200,386,1140,17422.32,13948.0,2092.12,8128.2,41590.64,2022,8,4,26,34,3,0,9222,0.41890002173565977,0.33536391842010604,0.050302664253303146,0.19543339559093104,3.17,6.34,5.42,7.13
2022-08-27,7301,3558,5548,676,23144.17,22557.72,30070.16,4819.88,80591.93000000001,2022,8,5,27,34,3,1,17083,0.28717726452263886,0.2799004813509243,0.373116266107537,0.05980598801889966,3.17,6.340000000000001,5.42,7.13
2022-08-28,5084,3917,4050,1270,16116.28,24833.78,21951.0,9055.1,71956.16,2022,8,6,28,34,3,1,14321,0.22397359725699648,0.34512375312968335,0.3050607480999542,0.1258419015133659,3.17,6.34,5.42,7.13
2022-08-29,3782,626,1950,723,11988.94,3968.84,10569.0,5154.99,31681.77,2022,8,0,29,35,3,0,7081,0.3784176199751466,0.1252720413032479,0.3335987856739065,0.16271155304769902,3.17,6.34,5.42,7.13
2022-08-31,1035,1639,3658,841,3280.95,10391.26,19826.36,5996.33,39494.9,2022,8,2,31,35,3,0,7173,0.08307275116534032,0.26310384378742574,0.5019979794859589,0.15182542556127498,3.17,6.34,5.42,7.13
2022-09-01,4321,3444,908,965,13697.57,21834.96,4921.36,6880.45,47334.34,2022,9,3,1,35,3,0,9638,0.289379127288983,0.46129216125121847,0.10397018316934387,0.14535852829045467,3.17,6.34,5.42,7.13
2022-09-02,2073,3675,5661,390,6571.41,23299.5,30682.62,2780.7,63334.23,2022,9,4,2,35,3,0,11799,0.10375763627346539,0.36788163367581794,0.4844555621817775,0.04390516786893912,3.17,6.34,5.42,7.13
2022-09-03,1038,2005,5593,1726,3290.46,12711.7,30314.06,12306.38,58622.6,2022,9,5,3,35,3,1,10362,0.05612954730769362,0.21683958063954858,0.517105348449233,0.2099255236035249,3.17,6.340000000000001,5.42,7.13
2022-09-04,1750,3815,2392,1816,5547.5,24187.1,12964.64,12948.08,55647.32,2022,9,6,4,35,3,1,9773,0.09969033549144865,0.43464986274271605,0.23297869511056415,0.23268110665527109,3.17,6.34,5.42,7.13
2022-09-05,1705,1099,4150,1851,5404.85,6967.66,22493.0,13197.63,48063.14,2022,9,0,5,36,3,0,8805,0.11245311895976835,0.144968888840804,0.46798856670621186,0.2745894254932158,3.1700000000000004,6.34,5.42,7.13
2022-09-06,7478,1165,3756,1051,23705.26,7386.1,20357.52,7493.63,58942.51,2022,9,1,6,36,3,0,13450,0.4021759507696567,0.12531023873940897,0.34537925174886513,0.12713455874206916,3.17,6.340000000000001,5.42,7.13
2022-09-07,6757,2997,2397,851,21419.69,19000.98,12991.74,6067.63,59480.03999999999,2022,9,2,7,36,3,0,13002,0.3601155950802992,0.3194513655337152,0.2184218436974824,0.10201119568850325,3.17,6.34,5.42,7.13
2022-09-08,839,371,1859,290,2659.63,2352.14,10075.78,2067.7,17155.25,2022,9,3,8,36,3,0,3359,0.1550330073884088,0.13710904825053555,0.5873292432345784,0.1205287011264773,3.17,6.34,5.42,7.129999999999999
2022-09-09,2535,3449,1838,1077,8035.95,21866.66,9961.96,7679.01,47543.58,2022,9,4,9,36,3,0,8899,0.1690228207467759,0.4599287643042446,0.20953323245746322,0.1615151824915162,3.17,6.34,5.42,7.13
2022-09-10,6508,1595,2073,279,20630.36,10112.3,11235.66,1989.27,43967.59,2022,9,5,10,36,3,1,10455,0.4692174394821277,0.22999441179286834,0.2555441405817331,0.04524400814327099,3.17,6.34,5.42,7.13
2022-09-11,7163,2317,1995,614,22706.71,14689.78,10812.9,4377.82,52587.21,2022,9,6,11,36,3,1,12089,0.43179149454781873,0.2793413075156488,0.20561843839975538,0.0832487595367771,3.17,6.34,5.42,7.13
2022-09-12,777,2600,5353,926,2463.09,16484.0,29013.26,6602.38,54562.73,2022,9,0,12,37,3,0,9656,0.045142352664538594,0.30211098308314116,0.5317413553170818,0.12100530893523839,3.1700000000000004,6.34,5.42,7.13
2022-09-13,5578,3297,5601,1835,17682.26,20902.98,30357.42,13083.55,82026.21,2022,9,1,13,37,3,0,16311,0.21556841404716853,0.2548329369356453,0.37009414429851134,0.15950450471867467,3.17,6.34,5.42,7.13
2022-09-14,6334,2285,1107,365,20078.78,14486.9,5999.94,2602.45,43168.07,2022,9,2,14,37,3,0,10091,0.46513036139906183,0.3355929509936395,0.1389902305106529,0.060286457096645735,3.17,6.34,5.42,7.13
2022-09-15,2823,1276,1688,435,8948.91,8089.84,9148.96,3101.55,29289.26,2022,9,3,15,37,3,0,6222,0.3055355444282307,0.2762049980095093,0.3123656930902317,0.10589376447202832,3.17,6.34,5.419999999999999,7.130000000000001
2022-09-16,6042,2807,713,946,19153.14,17796.38,3864.46,6744.98,47558.96000000001,2022,9,4,16,37,3,0,10508,0.4027241133952466,0.37419615567707953,0.08125619231370912,0.14182353861396463,3.17,6.340000000000001,5.42,7.13
2022-09-17,1380,2480,1953,675,4374.6,15723.2,10585.26,4812.75,35495.810000000005,2022,9,5,17,37,3,1,6488,0.12324271512609515,0.4429593239314724,0.2982115353896699,0.1355864255527624,3.1700000000000004,6.34,5.42,7.13
2022-09-18,1942,2980,1040,1332,6156.14,18893.2,5636.8,9497.16,40183.3,2022,9,6,18,37,3,1,7294,0.15320145433550753,0.4701754211326596,0.140277179823459,0.23634594470837386,3.1700000000000004,6.34,5.42,7.13
2022-09-19,2225,2367,3504,1895,7053.25,15006.78,18991.68,13511.35,54563.06,2022,9,0,19,38,3,0,9991,0.12926785997706142,0.27503552769950956,0.348068455104974,0.24762815721845513,3.17,6.34,5.42,7.13
2022-09-20,7951,2658,5246,1989,25204.67,16851.72,28433.32,14181.57,84671.28,2022,9,1,20,38,3,0,17844,0.29767673288982993,0.19902521846841104,0.33580831658621435,0.16748973205554468,3.17,6.340000000000001,5.42,7.13
2022-09-21,656,1529,2885,1751,2079.52,9693.86,15636.7,12484.63,39894.71,2022,9,2,21,38,3,0,6821,0.05212520657500706,0.24298610016215186,0.39194920830355706,0.3129394849592841,3.17,6.340000000000001,5.42,7.13
2022-09-22,742,369,4083,368,2352.14,2339.46,22129.86,2623.84,29445.3,2022,9,3,22,38,3,0,5562,0.07988167890970715,0.07945104991288933,0.7515583132112765,0.08910895796612703,3.17,6.34,5.42,7.130000000000001
2022-09-23,3274,3767,945,366,10378.58,23882.78,5121.9,2609.58,41992.84,2022,9,4,23,38,3,0,8352,0.24715118101085806,0.5687345747513147,0.1219707931161598,0.062143451121667415,3.17,6.34,5.42,7.13
2022-09-24,375,1920,3131,1419,1188.75,12172.8,16970.02,10117.47,40449.04,2022,9,5,24,38,3,1,6845,0.02938883098338057,0.300941629269817,0.41954073570102035,0.250128804045782,3.17,6.34,5.42,7.13
2022-09-25,6181,1241,2022,300,19593.77,7867.94,10959.24,2139.0,40559.95,2022,9,6,25,38,3,1,9744,0.48308170991335053,0.19398298074825043,0.27019855793707837,0.05273675140132077,3.17,6.34,5.42,7.13
2022-09-26,1831,3970,5558,1157,5804.27,25169.8,30124.36,8249.41,69347.84,2022,9,0,26,39,3,0,12516,0.08369792051201595,0.362950021226328,0.4343950727232456,0.11895698553841043,3.1700000000000004,6.34,5.42,7.13
2022-09-27,7950,495,1195,908,25201.5,3138.3,6476.9,6474.04,41290.74,2022,9,1,27,39,3,0,10548,0.6103426579421924,0.07600493476261264,0.15686083610998494,0.15679157118521006,3.17,6.340000000000001,5.42,7.13
2022-09-28,4113,643,417,285,13038.21,4076.62,2260.14,2032.05,21407.02,2022,9,2,28,39,3,0,5458,0.6090623543118098,0.19043379227935509,0.10557938470651215,0.09492446870232288,3.17,6.34,5.42,7.13
2022-09-29,2485,2463,5605,1643,7877.45,15615.42,30379.1,11714.59,65586.56,2022,9,3,29,39,3,0,12196,0.12010768669678666,0.2380887181764069,0.4631909342401858,0.17861266088662067,3.17,6.34,5.42,7.13
2022-09-30,1419,2435,4176,1294,4498.23,15437.9,22633.92,9226.22,51796.27,2022,9,4,30,39,3,0,9324,0.08684467047530642,0.2980504194607064,0.4369797284630727,0.1781251816009145,3.1699999999999995,6.34,5.42,7.13
2022-10-01,6788,1458,2175,717,21517.96,9243.72,11788.5,5112.21,47662.39,2022,10,5,1,39,4,1,11138,0.4514662399430662,0.19394159629846508,0.24733337963119348,0.1072587841272752,3.17,6.34,5.42,7.13
2022-10-02,2575,2495,2213,258,8162.75,15818.3,11994.46,1839.54,37815.05,2022,10,6,2,39,4,1,7541,0.21585982300697737,0.4183069968174047,0.3171874690103543,0.04864571116526356,3.17,6.34,5.42,7.13
2022-10-03,4551,445,5876,1105,14426.67,2821.3,31847.92,7878.65,56974.54,2022,10,0,3,40,4,0,11977,0.2532125753011784,0.04951860954033153,0.5589851186161398,0.13828369654235032,3.17,6.340000000000001,5.42,7.13
2022-10-04,4161,2789,5226,1573,13190.37,17682.26,28324.92,11215.49,70413.04,2022,10,1,4,40,4,0,13749,0.18732851187791355,0.2511219512749343,0.4022681026128115,0.15928143423434069,3.1700000000000004,6.34,5.42,7.13
2022-10-05,2711,504,387,472,8593.87,3195.36,2097.54,3365.36,17252.13,2022,10,2,5,40,4,0,4074,0.4981338536169157,0.18521539079522353,0.12158150906583708,0.19506924652202365,3.1700000000000004,6.34,5.42,7.13
2022-10-06,1401,516,1742,671,4441.17,3271.44,9441.64,4784.23,21938.48,2022,10,3,6,40,4,0,4330,0.20243745236680025,0.149118808595673,0.4303689225506963,0.21807481648683044,3.17,6.34,5.42,7.129999999999999
2022-10-07,4244,920,5184,1907,13453.48,5832.8,28097.28,13596.91,60980.47,2022,10,4,7,40,4,0,12255,0.2206194868619412,0.0956502959062139,0.4607586658482625,0.22297155138358232,3.17,6.34,5.42,7.13
2022-10-08,2750,775,5041,285,8717.5,4913.5,27322.22,2032.05,42985.27,2022,10,5,8,40,4,1,8851,0.20280202962549732,0.11430659851618939,0.6356182013047726,0.047273170553540786,3.17,6.34,5.42,7.13
2022-10-09,1547,1531,3370,1929,4903.99,9706.54,18265.4,13753.77,46629.7,2022,10,6,9,40,4,1,8377,0.10516880872062227,0.20816217989821942,0.3917117202126542,0.2949572911685042,3.17,6.340000000000001,5.420000000000001,7.13
2022-10-10,704,963,966,1166,2231.68,6105.42,5235.72,8313.58,21886.4,2022,10,0,10,41,4,0,3799,0.10196651802032311,0.27895953651582717,0.23922253088676074,0.37985141457708893,3.17,6.34,5.42,7.13
2022-10-11,7516,410,3458,1605,23825.72,2599.4,18742.36,11443.65,56611.130000000005,2022,10,1,11,41,4,0,12989,0.4208663561388017,0.04591676583738922,0.3310719994460453,0.20214487857776375,3.1700000000000004,6.34,5.42,7.13
2022-10-12,1204,1791,5205,1551,3816.68,11354.94,28211.1,11058.63,54441.35,2022,10,2,12,41,4,0,9751,0.0701062703257726,0.20857197699910088,0.5181925135949054,0.20312923908022118,3.17,6.34,5.42,7.13
2022-10-13,3675,1600,4215,1103,11649.75,10144.0,22845.3,7864.39,52503.44,2022,10,3,13,41,4,0,10593,0.22188546121930294,0.19320638800048148,0.4351200607045938,0.14978809007562172,3.17,6.34,5.42,7.13
2022-10-14,2436,779,2402,1708,7722.12,4938.86,13018.84,12178.04,37857.86,2022,10,4,14,41,4,0,7325,0.2039766642911142,0.13045798151295396,0.34388737239770023,0.3216779817982316,3.17,6.34,5.42,7.130000000000001
2022-10-15,2068,1000,3183,331,6555.56,6340.0,17251.86,2360.03,32507.45,2022,10,5,15,41,4,1,6582,0.20166331102562643,0.1950322156920952,0.5307048076671655,0.07259966561511284,3.1700000000000004,6.34,5.42,7.130000000000001
2022-10-16,3605,1850,3309,808,11427.85,11729.0,17934.78,5761.04,46852.67,2022,10,6,16,41,4,1,9572,0.2439103257082254,0.250337920976542,0.38279099142055295,0.12296076189467965,3.17,6.34,5.42,7.13
2022-10-17,3306,3015,4383,521,10480.02,19115.1,23755.86,3714.73,57065.71,2022,10,0,17,42,4,0,11225,0.1836482889637227,0.33496647987031086,0.4162895721441125,0.06509565902185394,3.17,6.34,5.42,7.13
2022-10-18,988,964,1463,1722,3131.96,6111.76,7929.46,12277.86,29451.04,2022,10,1,18,42,4,0,5137,0.10634463163270295,0.20752272245733938,0.26924210486285033,0.4168905410471073,3.17,6.34,5.42,7.130000000000001
2022-10-19,873,3951,1240,1019,2767.41,25049.34,6720.8,7265.47,41803.02,2022,10,2,19,42,4,0,7083,0.0662011979038835,0.5992232140165951,0.1607730733329793,0.17380251474654226,3.17,6.34,5.42,7.13
2022-10-20,1351,1175,4137,1024,4282.67,7449.5,22422.54,7301.12,41455.83,2022,10,3,20,42,4,0,7687,0.10330682077768072,0.1796972826258695,0.5408778451667715,0.17611805142967826,3.17,6.34,5.42,7.13
2022-10-21,5935,3537,3782,1385,18813.95,22424.58,20498.44,9875.05,71612.02,2022,10,4,21,42,4,0,14639,0.26272056004006034,0.3131398890856591,0.28624300780790707,0.13789654306637347,3.17,6.340000000000001,5.42,7.13
2022-10-22,3633,3888,5892,1478,11516.61,24649.92,31934.64,10538.14,78639.31,2022,10,5,22,42,4,1,14891,0.1464485128366462,0.3134554461375615,0.40609003308904923,0.13400600793674308,3.1700000000000004,6.34,5.42,7.13
2022-10-23,6742,1574,1558,873,21372.14,9979.16,8444.36,6224.49,46020.15,2022,10,6,23,42,4,1,10747,0.4644083080998215,0.21684327408754642,0.1834926657127367,0.13525575209989538,3.17,6.34,5.420000000000001,7.13
2022-10-24,6353,3896,4084,726,20139.01,24700.64,22135.28,5176.38,72151.31,2022,10,0,24,43,4,0,15059,0.27912188981738517,0.3423449969238258,0.30678971733153565,0.07174339592725344,3.17,6.34,5.42,7.13
2022-10-25,5682,3434,1260,251,18011.94,21771.56,6829.2,1789.63,48402.33,2022,10,1,25,43,4,0,10627,0.3721296061573895,0.4498039660487419,0.14109238129652021,0.036974046497348374,3.17,6.340000000000001,5.42,7.130000000000001
2022-10-26,3555,2370,3803,1616,11269.35,15025.8,20612.26,11522.08,58429.490000000005,2022,10,2,26,43,4,0,11344,0.19287092870398148,0.2571612382719753,0.35277151999786405,0.19719631302617904,3.17,6.34,5.42,7.13
2022-10-27,5948,3764,2315,440,18855.16,23863.76,12547.3,3137.2,58403.42,2022,10,3,27,43,4,0,12467,0.32284342252559867,0.40860209898666894,0.2148384461046973,0.0537160323830351,3.17,6.34,5.42,7.13
2022-10-28,3869,3749,2715,835,12264.73,23768.66,14715.3,5953.55,56702.240000000005,2022,10,4,28,43,4,0,11168,0.21630062586592697,0.41918379238633247,0.25951884793263896,0.10499673381510148,3.17,6.34,5.42,7.13
2022-10-29,1635,2640,4529,1818,5182.95,16737.6,24547.18,12962.34,59430.06999999999,2022,10,5,29,43,4,1,10622,0.08721090182124976,0.28163520588146707,0.41304309417774543,0.21811079811953785,3.17,6.34,5.42,7.13
2022-10-30,521,2015,314,1936,1651.57,12775.1,1701.88,13803.68,29932.23,2022,10,6,30,43,4,1,4786,0.05517697812692205,0.42680080969576945,0.05685777504716488,0.46116443713014366,3.17,6.34,5.42,7.13
2022-11-01,6152,1581,2071,342,19501.84,10023.54,11224.82,2438.46,43188.66,2022,11,1,1,44,4,0,10146,0.45155001335998846,0.23208731180823855,0.25990202057669765,0.056460654255075286,3.17,6.340000000000001,5.42,7.13
2022-11-02,3010,3113,2963,350,9541.7,19736.42,16059.46,2495.5,47833.08,2022,11,2,2,44,4,0,9436,0.1994791052551916,0.4126102688766853,0.3357396178544221,0.052171008013700976,3.1700000000000004,6.34,5.42,7.13
2022-11-03,1864,2034,4096,925,5908.88,12895.56,22200.32,6595.25,47600.01,2022,11,3,3,44,4,0,8919,0.12413610837476714,0.27091506913548963,0.46639317932916396,0.13855564316057917,3.17,6.34,5.42,7.13
2022-11-04,3628,2067,4410,1811,11500.76,13104.78,23902.2,12912.43,61420.170000000006,2022,11,4,4,44,4,0,11916,0.18724728375059851,0.2133628089925508,0.389158805649675,0.21023110160717562,3.17,6.340000000000001,5.42,7.13
2022-11-05,3807,1661,4586,847,12068.19,10530.74,24856.12,6039.11,53494.16,2022,11,5,5,44,4,1,10901,0.22559827091405865,0.19685775045350742,0.4646510946241608,0.11289288400827303,3.17,6.34,5.42,7.13
2022-11-06,6699,1952,3497,1152,21235.83,12375.68,18953.74,8213.76,60779.01,2022,11,6,6,44,4,1,13300,0.34939414116814344,0.203617663400572,0.3118468036909453,0.13514139174033932,3.1700000000000004,6.34,5.420000000000001,7.13
2022-11-07,6427,3727,3147,1551,20373.59,23629.18,17056.74,11058.63,72118.14000000001,2022,11,0,7,45,4,0,14852,0.28250298745918845,0.32764544398954265,0.23651109138422036,0.15334047716704835,3.17,6.34,5.420000000000001,7.13
2022-11-08,2372,2721,730,2000,7519.24,17251.14,3956.6,14260.0,42986.98,2022,11,1,8,45,4,0,7823,0.17491901036081156,0.4013108155073931,0.09204182289614203,0.3317283512356532,3.17,6.34,5.42,7.13
2022-11-09,992,604,1358,1563,3144.64,3829.36,7360.36,11144.19,25478.550000000003,2022,11,2,9,45,4,0,4517,0.12342303624028839,0.15029740703454472,0.2888845715317394,0.4373949851934274,3.17,6.34,5.42,7.13
2022-11-10,5498,2385,5817,1578,17428.66,15120.9,31528.14,11251.14,75328.84,2022,11,3,10,45,4,0,15278,0.2313676939668791,0.20073188436195222,0.4185400969933959,0.14936032467777283,3.17,6.34,5.42,7.13
2022-11-11,2679,315,5018,445,8492.43,1997.1,27197.56,3172.85,40859.94,2022,11,4,11,45,4,0,8457,0.20784244910785477,0.04887672375436674,0.6656289754708401,0.07765185166693832,3.17,6.34,5.42,7.13
2022-11-12,6778,2517,2047,1358,21486.26,15957.78,11094.74,9682.54,58221.32,2022,11,5,12,45,4,1,12700,0.3690445355756276,0.27408825495540123,0.19056146442574645,0.16630574504322473,3.17,6.34,5.42,7.130000000000001
2022-11-13,6695,3607,1367,1342,21223.15,22868.38,7409.14,9568.46,61069.13,2022,11,6,13,45,4,1,13011,0.3475266472602443,0.37446709982604964,0.12132381777831125,0.15668243513539493,3.1700000000000004,6.34,5.42,7.129999999999999
2022-11-14,5194,603,2286,1206,16464.98,3823.02,12390.12,8598.78,41276.9,2022,11,0,14,46,4,0,9289,0.39889090508250374,0.09261887399489786,0.30017079771009936,0.20831942321249902,3.17,6.34,5.42,7.130000000000001
2022-11-15,3024,842,5116,1589,9586.08,5338.28,27728.72,11329.57,53982.65,2022,11,1,15,46,4,0,10571,0.1775770548500305,0.09888880964532122,0.5136598518227615,0.20987428368188668,3.17,6.34,5.42,7.13
2022-11-16,4951,729,2510,268,15694.67,4621.86,13604.2,1910.84,35831.56999999999,2022,11,2,16,46,4,0,8458,0.43801234497958097,0.12898848696833548,0.37967077635727386,0.05332839169480992,3.17,6.34,5.42,7.13
2022-11-17,5792,2820,329,282,18360.64,17878.8,1783.18,2010.66,40033.280000000006,2022,11,3,17,46,4,0,9223,0.45863441616575,0.4465984301061516,0.04454244068934646,0.050224713038751756,3.17,6.34,5.42,7.13
2022-11-18,1182,1577,4690,1391,3746.94,9998.18,25419.8,9917.83,49082.75,2022,11,4,18,46,4,0,8840,0.07633924342054998,0.20370048540475014,0.5178968171098808,0.2020634540648191,3.17,6.34,5.42,7.13
2022-11-19,1683,1029,4816,544,5335.11,6523.86,26102.72,3878.72,41840.41,2022,11,5,19,46,4,1,8072,0.12751093978285583,0.15592246825497166,0.6238638674907823,0.0927027244713902,3.17,6.34,5.42,7.13
2022-11-20,6327,3494,1354,591,20056.59,22151.96,7338.68,4213.83,53761.060000000005,2022,11,6,20,46,4,1,11766,0.3730690949918026,0.4120447029876271,0.1365054930092524,0.07838070901131784,3.17,6.34,5.42,7.13
2022-11-21,4028,3725,1087,1638,12768.76,23616.5,5891.54,11678.94,53955.740000000005,2022,11,0,21,47,4,0,10478,0.23665248590789412,0.43770134558436224,0.10919208966460286,0.2164540788431407,3.17,6.34,5.42,7.13
2022-11-22,7087,1044,5105,1002,22465.79,6618.96,27669.1,7144.26,63898.11,2022,11,1,22,47,4,0,14238,0.35158770736724454,0.1035861624076205,0.43301906738712614,0.11180706283800883,3.17,6.34,5.42,7.13
2022-11-23,6275,1288,2515,1134,19891.75,8165.92,13631.3,8085.42,49774.39,2022,11,2,23,47,4,0,11212,0.3996382477012777,0.16405866551051657,0.273861718847785,0.16244136794042077,3.17,6.34,5.42,7.13
2022-11-24,440,3594,1008,1768,1394.8,22785.96,5463.36,12605.84,42249.96,2022,11,3,24,47,4,0,6810,0.03301304900643693,0.5393131733142469,0.1293104182820528,0.29836335939726333,3.17,6.34,5.42,7.13
2022-11-25,1848,3267,3313,1412,5858.16,20712.78,17956.46,10067.56,54594.95999999999,2022,11,4,25,47,4,0,9840,0.10730221251192419,0.37938996566716054,0.3289032540732698,0.18440456774764558,3.17,6.34,5.42,7.13
2022-11-26,4487,3679,1952,1965,14223.79,23324.86,10579.84,14010.45,62138.94,2022,11,5,26,47,4,1,12083,0.2289030034950709,0.3753662357291579,0.17026103116660823,0.22546972960916295,3.1700000000000004,6.34,5.42,7.130000000000001
2022-11-27,643,1766,2682,1173,2038.31,11196.44,14536.44,8363.49,36134.68,2022,11,6,27,47,4,1,6264,0.05640869104140399,0.3098530276177899,0.40228500709014164,0.23145327425066445,3.17,6.34,5.42,7.13
2022-11-28,3226,429,752,1438,10226.42,2719.86,4075.84,10252.94,27275.060000000005,2022,11,0,28,48,4,0,5845,0.3749366637506938,0.0997196706441709,0.14943468501994128,0.3759089805851939,3.17,6.34,5.42,7.130000000000001
2022-11-29,6644,3557,555,859,21061.48,22551.38,3008.1,6124.67,52745.63,2022,11,1,29,48,4,0,11615,0.3993028427189134,0.42754973255604306,0.057030317013940304,0.11611710771110328,3.17,6.34,5.42,7.13
2022-11-30,4874,1077,517,466,15450.58,6828.18,2802.14,3322.58,28403.480000000003,2022,11,2,30,48,4,0,6934,0.5439678518266071,0.2403994158462273,0.09865481272013146,0.11697791960703405,3.17,6.34,5.42,7.13
2022-12-01,2058,3599,579,1858,6523.86,22817.66,3138.18,13247.54,45727.240000000005,2022,12,3,1,48,4,0,8094,0.1426690086696682,0.49899490981743044,0.06862823997249778,0.28970784154040347,3.17,6.34,5.42,7.130000000000001
2022-12-02,4486,464,5381,671,14220.62,2941.76,29165.02,4784.23,51111.630000000005,2022,12,4,2,48,4,0,11002,0.2782266971333139,0.0575555895986882,0.5706141635475135,0.09360354972048435,3.1700000000000004,6.340000000000001,5.42,7.129999999999999
2022-12-03,2969,3833,374,1261,9411.73,24301.22,2027.08,8990.93,44730.96,2022,12,5,3,48,4,1,8437,0.21040751193356905,0.5432751722744158,0.04531715840661591,0.2010001573853993,3.17,6.340000000000001,5.42,7.13
2022-12-04,4930,3114,2993,582,15628.1,19742.76,16222.06,4149.66,55742.58,2022,12,6,4,48,4,1,11619,0.28036197822203424,0.3541773631575718,0.2910173874262727,0.07444327119412125,3.17,6.34,5.42,7.13
2022-12-05,265,3937,5565,549,840.05,24960.58,30162.3,3914.37,59877.3,2022,12,0,5,49,4,0,10316,0.014029523709318889,0.41686214976293184,0.5037351383579419,0.06537318816980725,3.17,6.340000000000001,5.42,7.13
2022-12-06,2787,1424,5976,1718,8834.79,9028.16,32389.92,12249.34,62502.20999999999,2022,12,1,6,49,4,0,11905,0.14135164180594578,0.14444545240880285,0.5182203957268071,0.19598251005844436,3.1700000000000004,6.34,5.42,7.13
2022-12-07,474,2509,5633,696,1502.58,15907.06,30530.86,4962.48,52902.98,2022,12,2,7,49,4,0,9312,0.028402558797254895,0.30068362878612886,0.5771104009641801,0.09380341145243612,3.17,6.34,5.42,7.129999999999999
2022-12-08,881,2110,5694,446,2792.77,13377.4,30861.48,3179.98,50211.630000000005,2022,12,3,8,49,4,0,9131,0.055619982860544454,0.2664203492298497,0.6146281249981328,0.06333154291147289,3.17,6.34,5.42,7.13
2022-12-09,6344,400,3993,1194,20110.48,2536.0,21642.06,8513.22,52801.76,2022,12,4,9,49,4,0,11931,0.3808676074433882,0.04802870207356724,0.40987383753874873,0.1612298529442958,3.17,6.34,5.42,7.13
2022-12-10,6202,2979,5987,1109,19660.34,18886.86,32449.54,7907.17,78903.90999999999,2022,12,5,10,49,4,1,16277,0.24916813374647723,0.2393653242279122,0.4112538909668736,0.10021265105873715,3.17,6.34,5.42,7.13
2022-12-11,3219,1157,1341,587,10204.23,7335.38,7268.22,4185.31,28993.140000000003,2022,12,6,11,49,4,1,6304,0.35195325514932146,0.2530039864602454,0.2506875764404959,0.14435518194993713,3.17,6.34,5.42,7.130000000000001
2022-12-12,3896,1453,3597,353,12350.32,9212.02,19495.74,2516.89,43574.97,2022,12,0,12,50,4,0,9299,0.28342693064389946,0.21140622701518785,0.4474068484728733,0.05775999386803938,3.17,6.34,5.420000000000001,7.13
2022-12-13,1845,1114,2177,1110,5848.65,7062.76,11799.34,7914.3,32625.05,2022,12,1,13,50,4,0,6246,0.17926869077595284,0.21648273335979562,0.3616650395938091,0.24258353627044252,3.17,6.34,5.42,7.13
2022-12-14,7472,1202,3714,688,23686.24,7620.68,20129.88,4905.44,56342.240000000005,2022,12,2,14,50,4,0,13076,0.42039933094601845,0.1352569581898057,0.35727865984738977,0.08706505101678597,3.1700000000000004,6.34,5.42,7.129999999999999
2022-12-15,7662,3681,4049,1096,24288.54,23337.54,21945.58,7814.48,77386.14,2022,12,3,15,50,4,0,16488,0.31386162948559004,0.30157260718779877,0.2835854068958602,0.10098035643075103,3.17,6.34,5.420000000000001,7.13
2022-12-16,5163,536,5814,598,16366.71,3398.24,31511.88,4263.74,55540.57,2022,12,4,16,50,4,0,12111,0.2946802670552355,0.06118482399442425,0.5673668815426274,0.07676802740771295,3.17,6.34,5.42,7.13
2022-12-17,5062,1515,5766,1062,16046.54,9605.1,31251.72,7572.06,64475.42,2022,12,5,17,50,4,1,13405,0.24887840978779202,0.14897305050513826,0.4847075055889516,0.1174410341181182,3.1700000000000004,6.34,5.42,7.130000000000001
2022-12-18,7109,3633,5333,1131,22535.53,23033.22,28904.86,8064.03,82537.64,2022,12,6,18,50,4,1,17206,0.2730333699873173,0.2790632249722672,0.35020216231043194,0.09770124272998355,3.17,6.340000000000001,5.42,7.13
2022-12-19,680,3941,4631,1516,2155.6,24985.94,25100.02,10809.08,63050.64,2022,12,0,19,51,4,0,10768,0.03418839206073086,0.3962836856215892,0.3980930249082325,0.1714348974094474,3.17,6.34,5.42,7.13
2022-12-20,2654,925,5895,1161,8413.18,5864.5,31950.9,8277.93,54506.51,2022,12,1,20,51,4,0,10635,0.1543518379731155,0.10759265269414607,0.5861850263390557,0.15187048299368278,3.17,6.34,5.42,7.13
2022-12-21,7994,3128,1262,1165,25340.98,19831.52,6840.04,8306.45,60318.990000000005,2022,12,2,21,51,4,0,13549,0.42011611931831083,0.3287773883481802,0.11339778733032499,0.1377087050031839,3.17,6.34,5.42,7.130000000000001
2022-12-22,4873,764,2203,1151,15447.41,4843.76,11940.26,8206.63,40438.06,2022,12,3,22,51,4,0,8991,0.3820017577500009,0.11978220517997155,0.2952728197148924,0.20294321735513524,3.17,6.34,5.42,7.129999999999999
2022-12-23,2230,3698,4208,1198,7069.1,23445.32,22807.36,8541.74,61863.52,2022,12,4,23,51,4,0,11334,0.11426928179967775,0.37898457766386395,0.3686721997067092,0.1380739408297491,3.1700000000000004,6.34,5.42,7.13
2022-12-24,1927,642,2643,659,6108.59,4070.28,14325.06,4698.67,29202.6,2022,12,5,24,51,4,1,5871,0.20917966208488287,0.13938074007108958,0.49054056830556186,0.16089902953846577,3.17,6.340000000000001,5.42,7.13
2022-12-25,456,2530,3333,570,1445.52,16040.2,18064.86,4064.1,39614.68,2022,12,6,25,51,4,1,6889,0.03648950338611848,0.4049054542407007,0.45601428561331303,0.1025907567598678,3.17,6.34,5.42,7.13
2022-12-26,7600,662,4510,988,24092.0,4197.08,24444.2,7044.44,59777.72,2022,12,0,26,52,4,0,13760,0.4030264118470895,0.0702114433270456,0.40891823910313074,0.11784390572273415,3.17,6.34,5.42,7.13
2022-12-27,7114,2948,681,700,22551.38,18690.32,3691.02,4991.0,49923.72,2022,12,1,27,52,4,0,11443,0.4517167390571055,0.3743775503908763,0.07393319247844511,0.09997251807357305,3.17,6.34,5.42,7.13
2022-12-28,7759,356,1834,1142,24596.03,2257.04,9940.28,8142.46,44935.81,2022,12,2,28,52,4,0,11091,0.547359221965733,0.05022809202727179,0.22121065582216057,0.18120203018483477,3.17,6.34,5.42,7.13
2022-12-29,6457,1851,3369,669,20468.69,11735.34,18259.98,4769.97,55233.98,2022,12,3,29,52,4,0,12346,0.37058147900984134,0.21246594940288568,0.33059323264410784,0.08635933894316505,3.17,6.34,5.42,7.130000000000001
2022-12-30,7284,1417,788,1369,23090.28,8983.78,4270.96,9760.97,46105.99,2022,12,4,30,52,4,0,10858,0.5008086801736608,0.19485060401045506,0.09263351681636162,0.21170719899952262,3.17,6.340000000000001,5.42,7.13
2023-01-01,3408,2558,5457,719,10803.36,16217.72,29576.94,5126.47,61724.490000000005,2023,1,6,1,52,1,1,12142,0.17502550446346335,0.26274368569104417,0.479176741679032,0.08305406816646034,3.1700000000000004,6.34,5.42,7.130000000000001
2023-01-02,5029,1286,1735,678,15941.93,8153.24,9403.7,4834.14,38333.01,2023,1,0,2,1,1,0,8728,0.41587994263951616,0.21269501142748767,0.2453159822304588,0.12610906370253733,3.17,6.34,5.420000000000001,7.130000000000001
2023-01-03,1406,899,2027,1702,4457.02,5699.66,10986.34,12135.26,33278.28,2023,1,1,3,1,1,0,6034,0.1339318017637931,0.171272673948293,0.3301354517120476,0.3646600725758663,3.1700000000000004,6.34,5.42,7.13
2023-01-04,5575,1684,2384,1774,17672.75,10676.56,12921.28,12648.62,53919.21,2023,1,2,4,1,1,0,11417,0.32776351879042737,0.19801031951321243,0.2396414932637181,0.2345846684326421,3.17,6.34,5.42,7.130000000000001
2023-01-05,6026,2435,3590,1207,19102.42,15437.9,19457.8,8605.91,62604.03,2023,1,3,5,1,1,0,13258,0.3051308358263837,0.24659594597983547,0.3108074671870166,0.13746575100676425,3.17,6.34,5.42,7.13
2023-01-06,2449,2404,4208,1205,7763.33,15241.36,22807.36,8591.65,54403.7,2023,1,4,6,1,1,0,10266,0.14269856645779608,0.28015300429934,0.4192244277503185,0.15792400149254554,3.17,6.34,5.42,7.13
2023-01-07,5092,1594,3183,349,16141.64,10105.96,17251.86,2488.37,45987.83,2023,1,5,7,1,1,1,10218,0.3509980792744515,0.21975292158816798,0.37513968369457745,0.054109315442803015,3.17,6.34,5.42,7.13
2023-01-08,4657,3777,5685,1020,14762.69,23946.18,30812.7,7272.6,76794.17000000001,2023,1,6,8,1,1,1,15139,0.1922371190417189,0.3118228896802973,0.4012374897729866,0.09470250150499705,3.17,6.34,5.42,7.130000000000001
2023-01-09,7029,3294,319,615,22281.93,20883.96,1728.98,4384.95,49279.82,2023,1,0,9,2,1,0,11257,0.4521512050977459,0.42378320375358514,0.035084949579767134,0.08898064156890183,3.17,6.34,5.42,7.13
2023-01-10,4826,292,5483,926,15298.42,1851.28,29717.86,6602.38,53469.94,2023,1,1,10,2,1,0,11527,0.2861125335094821,0.03462281797959751,0.5557862978712899,0.12347835063963042,3.17,6.34,5.42,7.13
2023-01-11,3338,2928,4184,1698,10581.46,18563.52,22677.28,12106.74,63928.99999999999,2023,1,2,11,2,1,0,12148,0.16551893506859172,0.29037713713651087,0.35472602418307814,0.1893779036118194,3.17,6.34,5.42,7.13
2023-01-12,7155,2683,3618,1568,22681.35,17010.22,19609.56,11179.84,70480.97,2023,1,3,12,2,1,0,15024,0.3218081419708043,0.24134486230822308,0.2782248882216008,0.1586221074993718,3.17,6.340000000000001,5.42,7.13
2023-01-13,1932,950,4958,1757,6124.44,6023.0,26872.36,12527.41,51547.21000000001,2023,1,4,13,2,1,0,9597,0.11881224997434388,0.11684434521286408,0.5213155086376159,0.2430278961751761,3.17,6.34,5.42,7.13
2023-01-14,7782,260,919,1078,24668.94,1648.4,4980.98,7686.14,38984.46,2023,1,5,14,2,1,1,10039,0.6327890651813569,0.04228351502111354,0.12776834666941647,0.19715907312811312,3.17,6.340000000000001,5.42,7.13
2023-01-15,6425,2862,1557,600,20367.25,18145.08,8438.94,4278.0,51229.27,2023,1,6,15,2,1,1,11444,0.39757056854411554,0.3541936084586019,0.16472887472337594,0.0835069482739067,3.17,6.340000000000001,5.42,7.13
2023-01-16,5962,2794,5631,1553,18899.54,17713.96,30520.02,11072.89,78206.41,2023,1,0,16,3,1,0,15940,0.24166228829580594,0.2265026613547406,0.3902495971877497,0.14158545316170373,3.17,6.34,5.42,7.13
2023-01-17,4990,2233,893,1698,15818.3,14157.22,4840.06,12106.74,46922.31999999999,2023,1,1,17,3,1,0,9814,0.33711674955543547,0.30171611292877254,0.10315048360780117,0.25801665390799094,3.17,6.34,5.420000000000001,7.13
2023-01-18,266,2482,507,1376,843.22,15735.88,2747.94,9810.88,29137.92,2023,1,2,18,3,1,0,4631,0.02893892220172202,0.5400481571780004,0.09430803571428573,0.33670488490599193,3.17,6.34,5.42,7.129999999999999
2023-01-19,2792,2621,5676,427,8850.64,16617.14,30763.92,3044.51,59276.21,2023,1,3,19,3,1,0,11516,0.14931184028128652,0.2803340496971719,0.5189926953831899,0.051361414638351546,3.17,6.34,5.42,7.130000000000001
2023-01-20,4987,1177,3145,1112,15808.79,7462.18,17045.9,7928.56,48245.43,2023,1,4,20,3,1,0,10421,0.32767435174689086,0.15467123000043737,0.35331636592315585,0.16433805232951598,3.1700000000000004,6.34,5.420000000000001,7.130000000000001
2023-01-21,6896,2799,5724,1987,21860.32,17745.66,31024.08,14167.31,84797.37,2023,1,5,21,3,1,1,17406,0.25779478773928954,0.20927134886376783,0.3658613468790365,0.16707251651790617,3.17,6.34,5.42,7.13
2023-01-22,1238,480,4003,537,3924.46,3043.2,21696.26,3828.81,32492.73,2023,1,6,22,3,1,1,6258,0.12077963285941194,0.09365787362280731,0.6677265960724137,0.11783589744536702,3.17,6.34,5.42,7.13
2023-01-23,7681,3243,3529,1128,24348.77,20560.62,19127.18,8042.64,72079.21,2023,1,0,23,4,1,0,15581,0.3378057278929666,0.28525035166173435,0.2653633412463871,0.11158057919891186,3.17,6.34,5.42,7.13
2023-01-24,6290,3084,5892,1751,19939.3,19552.56,31934.64,12484.63,83911.13,2023,1,1,24,4,1,0,17017,0.23762401960264387,0.2330150958520044,0.38057692704174045,0.14878395750361123,3.17,6.340000000000001,5.42,7.13
2023-01-25,6160,3967,3285,544,19527.2,25150.78,17804.7,3878.72,66361.4,2023,1,2,25,4,1,0,13956,0.2942553954557921,0.37899712784841794,0.26829904131015925,0.058448435385630805,3.17,6.34,5.42,7.13
2023-01-26,3225,3809,1964,1851,10223.25,24149.06,10644.88,13197.63,58214.81999999999,2023,1,3,26,4,1,0,10849,0.17561249867301834,0.41482667128404765,0.18285515612691064,0.22670567391602345,3.17,6.340000000000001,5.42,7.13
2023-01-27,962,813,3849,1987,3049.54,5154.42,20861.58,14167.31,43232.85,2023,1,4,27,4,1,0,7611,0.07053756576307137,0.11922461739163623,0.4825400129762438,0.3276978038690487,3.17,6.34,5.420000000000001,7.13
2023-01-28,4938,3404,3957,1115,15653.46,21581.36,21446.94,7949.95,66631.70999999999,2023,1,5,28,4,1,1,13414,0.2349250829672539,0.323890231843067,0.32187287404150366,0.11931181114817556,3.17,6.34,5.42,7.13
2023-01-29,1227,3044,5510,1896,3889.59,19298.96,29864.2,13518.48,66571.23,2023,1,6,29,4,1,1,11677,0.05842749187599509,0.28989940549393484,0.44860520077516974,0.2030679018549004,3.17,6.34,5.42,7.13
2023-01-30,2476,3419,525,1359,7848.92,21676.46,2845.5,9689.67,42060.55,2023,1,0,30,5,1,0,7779,0.18661001817617695,0.5153632085172447,0.06765246769241011,0.23037430561416813,3.17,6.34,5.42,7.13
2023-01-31,7446,841,4825,1311,23603.82,5331.94,26151.5,9347.43,64434.69,2023,1,1,31,5,1,0,14423,0.36632161961204435,0.082749525139331,0.40586056982659496,0.14506828542202965,3.17,6.34,5.42,7.13
2023-02-01,6289,3143,3588,474,19936.13,19926.62,19446.96,3379.62,62689.33,2023,2,2,1,5,1,0,13494,0.31801472435580347,0.3178630238989633,0.3102116420768893,0.05391060966834388,3.1700000000000004,6.34,5.42,7.13
2023-02-02,3122,1188,5899,517,9896.74,7531.92,31972.58,3686.21,53087.45,2023,2,3,2,5,1,0,10726,0.18642334487717907,0.14187760007308697,0.6022624933011476,0.06943656174858653,3.17,6.34,5.42,7.13
2023-02-03,1234,3854,2321,406,3911.78,24434.36,12579.82,2894.78,43820.74,2023,2,4,3,5,1,0,7815,0.08926777594353724,0.5575980688596314,0.2870745678872607,0.06605958730957077,3.1700000000000004,6.34,5.42,7.130000000000001
